Name,Epoch,RA,Dec,type,redshift,Distance_Mpc,Rest_DeltaT,Peak Luminosity,RMS,Flux_mjy,RMS_mjy,File Path,fits_path,center_lum,Detection,Gaussian Did Subtract,Gaussian Fit Success,Gaussian Fit Error,Brightest In Center,Brightest Y,Brightest X,Brightest Value,Final Brightest In Center,Final Brightest Y,Final Brightest X,Final Brightest Value,New Peak 3x3,New RMS,New SNR,New Detection,Gaussian Amp,Gaussian Sigma X,Gaussian Sigma Y,Gaussian Offset,Gaussian Adjusted File Path
ZTF17aaazdba,1,08:13:16.95,+22:38:53.9,TDE,0.022,94.28571428571428,49.882583170236174,5.020735264809433e+27,2.043336566841558e+27,0.4720176802948119,0.1921043334385252,final_luminosity_arrays\ZTF17aaazdba_epoch_1_lum.npy,dillon_extracting_files\dillon_fits\ztf_cutouts\ztf_cutouts_no_interp\ZTF17aaazdba_epoch_1.fits,1.2469718463704562e+27,False,False,False,Original Detection is False; no Gaussian subtraction attempted,,,,,True,7,6,5.020735264809433e+27,5.020735264809433e+27,2.0433662586857024e+27,2.457090227201256,False,,,,,C:\Research\bts_vlass_cross_matching\gaussian_adjusted_luminosity_arrays\ZTF17aaazdba_epoch_1_gaussian_adjusted_13x13_lum.npy
ZTF17aaazdba,2,08:13:16.95,+22:38:53.9,TDE,0.022,94.28571428571428,1002.9158512719974,1.1738638616486988e+28,1.3941463502663837e+27,1.1035923380404715,0.1310707005785422,final_luminosity_arrays\ZTF17aaazdba_epoch_2_lum.npy,dillon_extracting_files\dillon_fits\ztf_cutouts\ztf_cutouts_no_interp\ZTF17aaazdba_epoch_2.fits,1.023555435508845e+28,True,False,False,,True,15.0,14.0,1.1738638616486988e+28,True,7,6,1.1738638616486988e+28,1.1738638616486988e+28,1.394166608689209e+27,8.419824821025959,True,,,,,C:\Research\bts_vlass_cross_matching\gaussian_adjusted_luminosity_arrays\ZTF17aaazdba_epoch_2_gaussian_adjusted_13x13_lum.npy
ZTF17aaazdba,3,08:13:16.95,+22:38:53.9,TDE,0.022,94.28571428571428,1857.1232876712147,7.425113475750459e+27,1.3906373939262672e+27,0.6980620673857632,0.1307408059690482,final_luminosity_arrays\ZTF17aaazdba_epoch_3_lum.npy,dillon_extracting_files\dillon_fits\ztf_cutouts\ztf_cutouts_no_interp\ZTF17aaazdba_epoch_3.fits,7.425113475750459e+27,True,False,False,,True,14.0,14.0,7.425113475750459e+27,True,6,6,7.425113475750459e+27,7.425113475750459e+27,1.3906576013602417e+27,5.339282270839166,True,,,,,C:\Research\bts_vlass_cross_matching\gaussian_adjusted_luminosity_arrays\ZTF17aaazdba_epoch_3_gaussian_adjusted_13x13_lum.npy
ZTF18aadmssd,1,06:50:25.81,+43:03:11.6,SN IIn,0.01885,80.78571428571429,100.69195661760904,3.9456967117264464e+28,1.1831264855522356e+27,5.052860360592604,0.1515134138878493,final_luminosity_arrays\ZTF18aadmssd_epoch_1_lum.npy,dillon_extracting_files\dillon_fits\ztf_cutouts\ztf_cutouts_no_interp\ZTF18aadmssd_epoch_1.fits,3.9456967117264464e+28,True,False,False,,True,14.0,14.0,3.9456967117264464e+28,True,6,6,3.9456967117264464e+28,3.9456967117264464e+28,1.183143677632963e+27,33.34926084057973,True,,,,,C:\Research\bts_vlass_cross_matching\gaussian_adjusted_luminosity_arrays\ZTF18aadmssd_epoch_1_gaussian_adjusted_13x13_lum.npy
ZTF18aadmssd,2,06:50:25.81,+43:03:11.6,SN IIn,0.01885,80.78571428571429,980.1148353534386,4.479759105988906e+28,9.76616750372856e+26,5.736780818551779,0.1250673868905761,final_luminosity_arrays\ZTF18aadmssd_epoch_2_lum.npy,dillon_extracting_files\dillon_fits\ztf_cutouts\ztf_cutouts_no_interp\ZTF18aadmssd_epoch_2.fits,4.479759105988906e+28,True,False,False,,True,14.0,14.0,4.479759105988906e+28,True,6,6,4.479759105988906e+28,4.479759105988906e+28,9.766309416484445e+26,45.86951851461485,True,,,,,C:\Research\bts_vlass_cross_matching\gaussian_adjusted_luminosity_arrays\ZTF18aadmssd_epoch_2_gaussian_adjusted_13x13_lum.npy
ZTF18aadmssd,3,06:50:25.81,+43:03:11.6,SN IIn,0.01885,80.78571428571429,1941.9836089707524,4.3269421678190605e+28,1.0150867289257082e+27,5.541083402931691,0.129993925053581,final_luminosity_arrays\ZTF18aadmssd_epoch_3_lum.npy,dillon_extracting_files\dillon_fits\ztf_cutouts\ztf_cutouts_no_interp\ZTF18aadmssd_epoch_3.fits,4.3269421678190605e+28,True,False,False,,True,14.0,14.0,4.3269421678190605e+28,True,6,6,4.3269421678190605e+28,4.3269421678190605e+28,1.0151014792108234e+27,42.62571039875719,True,,,,,C:\Research\bts_vlass_cross_matching\gaussian_adjusted_luminosity_arrays\ZTF18aadmssd_epoch_3_gaussian_adjusted_13x13_lum.npy
ZTF18aaemivw,1,10:33:42.69,+39:29:26.5,SN Ia,0.0654,280.2857142857143,171.3318962969903,9.47131991912858e+28,1.5919946755481105e+28,1.0076073231175544,0.1693669748773026,final_luminosity_arrays\ZTF18aaemivw_epoch_1_lum.npy,dillon_extracting_files\dillon_fits\ztf_cutouts\ztf_cutouts_no_interp\ZTF18aaemivw_epoch_1.fits,7.384151711123466e+28,True,False,False,,True,15.0,14.0,9.471319919128579e+28,True,7,6,9.471319919128579e+28,9.471319919128579e+28,1.5920178089166163e+28,5.949255005868247,True,,,,,C:\Research\bts_vlass_cross_matching\gaussian_adjusted_luminosity_arrays\ZTF18aaemivw_epoch_1_gaussian_adjusted_13x13_lum.npy
ZTF18aaemivw,2,10:33:42.69,+39:29:26.5,SN Ia,0.0654,280.2857142857143,1037.6731765673114,6.009470095256107e+28,1.271230987663109e+28,0.6393180810846388,0.1352420017841195,final_luminosity_arrays\ZTF18aaemivw_epoch_2_lum.npy,dillon_extracting_files\dillon_fits\ztf_cutouts\ztf_cutouts_no_interp\ZTF18aaemivw_epoch_2.fits,5.847421127364251e+28,True,False,False,,True,15.0,14.0,6.009470095256107e+28,True,7,6,6.009470095256107e+28,6.009470095256107e+28,1.2712494599955517e+28,4.727215455633024,True,,,,,C:\Research\bts_vlass_cross_matching\gaussian_adjusted_luminosity_arrays\ZTF18aaemivw_epoch_2_gaussian_adjusted_13x13_lum.npy
ZTF18aaemivw,3,10:33:42.69,+39:29:26.5,SN Ia,0.0654,280.2857142857143,1960.331333128228,4.647654502334642e+28,1.5793493274013577e+28,0.4944411921314895,0.1680216786933511,final_luminosity_arrays\ZTF18aaemivw_epoch_3_lum.npy,dillon_extracting_files\dillon_fits\ztf_cutouts\ztf_cutouts_no_interp\ZTF18aaemivw_epoch_3.fits,2.7284556024844534e+28,False,False,False,Original Detection is False; no Gaussian subtraction attempted,,,,,True,7,5,4.647654502334642e+28,4.647654502334642e+28,1.5793722770195636e+28,2.9427226056577616,False,,,,,C:\Research\bts_vlass_cross_matching\gaussian_adjusted_luminosity_arrays\ZTF18aaemivw_epoch_3_gaussian_adjusted_13x13_lum.npy
ZTF18aaermez,1,10:12:42.89,+39:22:26.0,SN Ia,0.02284,97.88571428571429,88.73987115739233,1.1216561155480886e+28,1.4808956178322816e+27,0.9783715941011906,0.1291739277120893,final_luminosity_arrays\ZTF18aaermez_epoch_1_lum.npy,dillon_extracting_files\dillon_fits\ztf_cutouts\ztf_cutouts_no_interp\ZTF18aaermez_epoch_1.fits,9.823228270028406e+27,True,False,False,,True,15.0,14.0,1.1216561155480886e+28,True,7,6,1.1216561155480886e+28,1.1216561155480886e+28,1.4809171368138294e+27,7.574063988220939,True,,,,,C:\Research\bts_vlass_cross_matching\gaussian_adjusted_luminosity_arrays\ZTF18aaermez_epoch_1_gaussian_adjusted_13x13_lum.npy
ZTF18aaermez,2,10:12:42.89,+39:22:26.0,SN Ia,0.02284,97.88571428571429,1022.4147372166,8.452805915041951e+27,1.368366895228865e+27,0.7373013067990541,0.119358396553732,final_luminosity_arrays\ZTF18aaermez_epoch_2_lum.npy,dillon_extracting_files\dillon_fits\ztf_cutouts\ztf_cutouts_no_interp\ZTF18aaermez_epoch_2.fits,8.452805915041951e+27,True,False,False,,True,14.0,14.0,8.452805915041951e+27,True,6,6,8.452805915041951e+27,8.452805915041951e+27,1.3683867790489086e+27,6.177205191150003,True,,,,,C:\Research\bts_vlass_cross_matching\gaussian_adjusted_luminosity_arrays\ZTF18aaermez_epoch_2_gaussian_adjusted_13x13_lum.npy
ZTF18aaermez,3,10:12:42.89,+39:22:26.0,SN Ia,0.02284,97.88571428571429,1971.7323235448623,1.0166932939623135e+28,1.5108535992155636e+27,0.886817113496363,0.1317870694318742,final_luminosity_arrays\ZTF18aaermez_epoch_3_lum.npy,dillon_extracting_files\dillon_fits\ztf_cutouts\ztf_cutouts_no_interp\ZTF18aaermez_epoch_3.fits,8.539349689802464e+27,True,False,False,,True,15.0,13.0,1.0166932939623137e+28,True,7,5,1.0166932939623137e+28,1.0166932939623137e+28,1.5108755535183053e+27,6.7291663538720154,True,,,,,C:\Research\bts_vlass_cross_matching\gaussian_adjusted_luminosity_arrays\ZTF18aaermez_epoch_3_gaussian_adjusted_13x13_lum.npy
ZTF18aaisqmw,1,11:45:25.80,+55:31:37.0,SN Ia,0.0527,225.85714285714283,-1114.7966182196976,4.711510659924642e+28,9.232554044836864e+27,0.7719252607785165,0.1512666693060876,final_luminosity_arrays\ZTF18aaisqmw_epoch_1_lum.npy,dillon_extracting_files\dillon_fits\ztf_cutouts\ztf_cutouts_no_interp\ZTF18aaisqmw_epoch_1.fits,3.671065844982355e+28,True,False,False,,True,14.0,15.0,4.711510659924642e+28,True,6,7,4.711510659924642e+28,4.711510659924642e+28,9.232688203624111e+27,5.103075676350936,True,,,,,C:\Research\bts_vlass_cross_matching\gaussian_adjusted_luminosity_arrays\ZTF18aaisqmw_epoch_1_gaussian_adjusted_13x13_lum.npy
ZTF18aaisqmw,2,11:45:25.80,+55:31:37.0,SN Ia,0.0527,225.85714285714283,-123.06108102961488,3.7870053358971087e+28,1.3258299596356267e+28,0.6204560049809515,0.2172247041136596,final_luminosity_arrays\ZTF18aaisqmw_epoch_2_lum.npy,dillon_extracting_files\dillon_fits\ztf_cutouts\ztf_cutouts_no_interp\ZTF18aaisqmw_epoch_2.fits,7.371139655590954e+27,False,False,False,Original Detection is False; no Gaussian subtraction attempted,,,,,False,4,7,4.466667325407666e+28,3.7870053358971087e+28,1.3258492253489513e+28,2.8562865697646758,False,,,,,C:\Research\bts_vlass_cross_matching\gaussian_adjusted_luminosity_arrays\ZTF18aaisqmw_epoch_2_gaussian_adjusted_13x13_lum.npy
ZTF18aaisqmw,3,11:45:25.80,+55:31:37.0,SN Ia,0.0527,225.85714285714283,751.8320509168086,3.640503638531812e+28,7.367175887571341e+27,0.5964534357190131,0.1207042117807313,final_luminosity_arrays\ZTF18aaisqmw_epoch_3_lum.npy,dillon_extracting_files\dillon_fits\ztf_cutouts\ztf_cutouts_no_interp\ZTF18aaisqmw_epoch_3.fits,3.0269249952158024e+28,True,False,False,,True,15.0,15.0,3.6405036385318123e+28,True,7,7,3.6405036385318123e+28,3.6405036385318123e+28,7.367282940438589e+27,4.941446755830835,True,,,,,C:\Research\bts_vlass_cross_matching\gaussian_adjusted_luminosity_arrays\ZTF18aaisqmw_epoch_3_gaussian_adjusted_13x13_lum.npy
ZTF18aaivnak,1,14:41:05.77,+30:02:08.4,SN Ia,0.083,355.7142857142857,-1885.8310803323848,2.526731737845881e+29,2.1068640828786727e+28,1.668934361077845,0.1391627335715426,final_luminosity_arrays\ZTF18aaivnak_epoch_1_lum.npy,dillon_extracting_files\dillon_fits\ztf_cutouts\ztf_cutouts_no_interp\ZTF18aaivnak_epoch_1.fits,2.526731737845881e+29,True,False,False,,True,14.0,14.0,2.526731737845881e+29,True,6,6,2.526731737845881e+29,2.526731737845881e+29,2.106894697844898e+28,11.992681648638758,True,,,,,C:\Research\bts_vlass_cross_matching\gaussian_adjusted_luminosity_arrays\ZTF18aaivnak_epoch_1_gaussian_adjusted_13x13_lum.npy
ZTF18aaivnak,2,14:41:05.77,+30:02:08.4,SN Ia,0.083,355.7142857142857,-920.9187996306302,3.4328431423196105e+29,2.4125456629888566e+28,2.267431002110243,0.159353634653533,final_luminosity_arrays\ZTF18aaivnak_epoch_2_lum.npy,dillon_extracting_files\dillon_fits\ztf_cutouts\ztf_cutouts_no_interp\ZTF18aaivnak_epoch_2.fits,3.4328431423196105e+29,True,False,False,,True,14.0,14.0,3.4328431423196105e+29,True,6,6,3.4328431423196105e+29,3.4328431423196105e+29,2.412580719832147e+28,14.228925540607184,True,,,,,C:\Research\bts_vlass_cross_matching\gaussian_adjusted_luminosity_arrays\ZTF18aaivnak_epoch_2_gaussian_adjusted_13x13_lum.npy
ZTF18aaivnak,3,14:41:05.77,+30:02:08.4,SN Ia,0.083,355.7142857142857,-137.90864265925447,3.086609172497901e+29,1.8583165274180524e+28,2.038739621639252,0.1227456530766466,final_luminosity_arrays\ZTF18aaivnak_epoch_3_lum.npy,dillon_extracting_files\dillon_fits\ztf_cutouts\ztf_cutouts_no_interp\ZTF18aaivnak_epoch_3.fits,3.086609172497901e+29,True,False,False,,True,14.0,14.0,3.086609172497901e+29,True,6,6,3.086609172497901e+29,3.086609172497901e+29,1.858343530725093e+28,16.60946494265008,True,,,,,C:\Research\bts_vlass_cross_matching\gaussian_adjusted_luminosity_arrays\ZTF18aaivnak_epoch_3_gaussian_adjusted_13x13_lum.npy
ZTF18aakfabl,1,11:45:11.17,+61:42:30.0,SN II,0.035,150.00000000000003,-381.12463097173526,2.98951638125409e+28,5.306736881328173e+27,1.110455486923456,0.1971215396071475,final_luminosity_arrays\ZTF18aakfabl_epoch_1_lum.npy,dillon_extracting_files\dillon_fits\ztf_cutouts\ztf_cutouts_no_interp\ZTF18aakfabl_epoch_1.fits,2.3692660254843053e+28,True,True,True,,False,17.0,15.0,3.7499022174304973e+28,False,3,2,3.253048853450832e+28,2.94061087781344e+28,5.633625696576855e+27,5.219748411045901,False,1.8065562614793568e+28,1.0745917343577118,1.0321607044461953,1.9433459559511404e+28,C:\Research\bts_vlass_cross_matching\gaussian_adjusted_luminosity_arrays\ZTF18aakfabl_epoch_1_gaussian_adjusted_13x13_lum.npy
ZTF18aakfabl,2,11:45:11.17,+61:42:30.0,SN II,0.035,150.00000000000003,677.8125670958976,2.209520143258404e+28,7.374123731530356e+27,0.8207259816117586,0.2739157142550961,final_luminosity_arrays\ZTF18aakfabl_epoch_2_lum.npy,dillon_extracting_files\dillon_fits\ztf_cutouts\ztf_cutouts_no_interp\ZTF18aakfabl_epoch_2.fits,2.1743753659395043e+28,False,False,False,Original Detection is False; no Gaussian subtraction attempted,,,,,False,9,6,3.881020482716123e+28,2.2095201432584038e+28,7.374230885357134e+27,2.9962719876940724,False,,,,,C:\Research\bts_vlass_cross_matching\gaussian_adjusted_luminosity_arrays\ZTF18aakfabl_epoch_2_gaussian_adjusted_13x13_lum.npy
ZTF18aakfabl,3,11:45:11.17,+61:42:30.0,SN II,0.035,150.00000000000003,1511.628992216671,2.959060656088634e+28,6.946831340870262e+27,1.099142711609602,0.2580437131001687,final_luminosity_arrays\ZTF18aakfabl_epoch_3_lum.npy,dillon_extracting_files\dillon_fits\ztf_cutouts\ztf_cutouts_no_interp\ZTF18aakfabl_epoch_3.fits,2.4870169741290475e+28,True,True,True,,False,12.0,11.0,3.6762993145745244e+28,False,9,5,3.2689779661621134e+28,2.821352806941657e+28,7.156904237363432e+27,3.9421413412414603,False,1.507324123291966e+28,1.105561651209154,1.193421982899251,2.1689751912825584e+28,C:\Research\bts_vlass_cross_matching\gaussian_adjusted_luminosity_arrays\ZTF18aakfabl_epoch_3_gaussian_adjusted_13x13_lum.npy
ZTF18aamzgzi,1,14:54:16.42,+42:33:28.6,SN Ia,0.0179,76.71428571428571,305.2529718048716,9.103452437062274e+27,9.535590230845656e+26,1.2928149662911892,0.1354204131169434,final_luminosity_arrays\ZTF18aamzgzi_epoch_1_lum.npy,dillon_extracting_files\dillon_fits\ztf_cutouts\ztf_cutouts_no_interp\ZTF18aamzgzi_epoch_1.fits,2.9511115599199583e+27,True,True,True,,False,13.0,12.0,9.251265958736392e+27,True,5,5,4.1281327211205133e+27,4.1281327211205133e+27,9.26292443923266e+26,4.456619233161409,True,7.24818651217041e+27,1.1527629607994512,1.0806466903290697,2.003079446565982e+27,C:\Research\bts_vlass_cross_matching\gaussian_adjusted_luminosity_arrays\ZTF18aamzgzi_epoch_1_gaussian_adjusted_13x13_lum.npy
ZTF18aamzgzi,2,14:54:16.42,+42:33:28.6,SN Ia,0.0179,76.71428571428571,1233.6349346695931,8.738380516450665e+27,9.260724094366316e+26,1.2409697519615293,0.1315168806818474,final_luminosity_arrays\ZTF18aamzgzi_epoch_2_lum.npy,dillon_extracting_files\dillon_fits\ztf_cutouts\ztf_cutouts_no_interp\ZTF18aamzgzi_epoch_2.fits,3.591834311251439e+27,True,False,False,,True,13.0,13.0,8.738380516450665e+27,True,5,5,8.738380516450665e+27,8.738380516450665e+27,9.260858662494212e+26,9.4358210560328,True,,,,,C:\Research\bts_vlass_cross_matching\gaussian_adjusted_luminosity_arrays\ZTF18aamzgzi_epoch_2_gaussian_adjusted_13x13_lum.npy
ZTF18aamzgzi,3,14:54:16.42,+42:33:28.6,SN Ia,0.0179,76.71428571428571,2158.087238432241,1.0155543762159876e+28,8.659629831863002e+26,1.4422263484448192,0.1229803945934341,final_luminosity_arrays\ZTF18aamzgzi_epoch_3_lum.npy,dillon_extracting_files\dillon_fits\ztf_cutouts\ztf_cutouts_no_interp\ZTF18aamzgzi_epoch_3.fits,4.681038457582393e+27,True,False,False,,True,14.0,13.0,1.0155543762159876e+28,True,6,5,1.0155543762159876e+28,1.0155543762159876e+28,8.659755665454725e+26,11.727286720885337,True,,,,,C:\Research\bts_vlass_cross_matching\gaussian_adjusted_luminosity_arrays\ZTF18aamzgzi_epoch_3_gaussian_adjusted_13x13_lum.npy
ZTF18aanlyba,1,16:26:36.66,+39:51:30.9,SN Ia,0.031,132.85714285714286,-1492.2599418040918,1.541410036702283e+28,2.257729381671377e+27,0.7298457785509528,0.1069033004380982,final_luminosity_arrays\ZTF18aanlyba_epoch_1_lum.npy,dillon_extracting_files\dillon_fits\ztf_cutouts\ztf_cutouts_no_interp\ZTF18aanlyba_epoch_1.fits,1.4267360058403903e+28,True,False,False,,True,14.0,13.0,1.541410036702283e+28,True,6,5,1.541410036702283e+28,1.541410036702283e+28,2.257762188870155e+27,6.827158521392574,True,,,,,C:\Research\bts_vlass_cross_matching\gaussian_adjusted_luminosity_arrays\ZTF18aanlyba_epoch_1_gaussian_adjusted_13x13_lum.npy
ZTF18aanlyba,2,16:26:36.66,+39:51:30.9,SN Ia,0.031,132.85714285714286,-456.3724539282432,9.144808945057332e+27,2.8724973492627366e+27,0.4329996590968221,0.1360125131155209,final_luminosity_arrays\ZTF18aanlyba_epoch_2_lum.npy,dillon_extracting_files\dillon_fits\ztf_cutouts\ztf_cutouts_no_interp\ZTF18aanlyba_epoch_2.fits,8.927789183739827e+27,False,False,False,Original Detection is False; no Gaussian subtraction attempted,,,,,False,3,5,9.303452295421781e+27,9.144808945057333e+27,2.872539089691103e+27,3.1835281120719983,False,,,,,C:\Research\bts_vlass_cross_matching\gaussian_adjusted_luminosity_arrays\ZTF18aanlyba_epoch_2_gaussian_adjusted_13x13_lum.npy
ZTF18aanlyba,3,16:26:36.66,+39:51:30.9,SN Ia,0.031,132.85714285714286,409.77691561588887,1.0294519921067372e+28,2.7878555450597026e+27,0.4874375881627202,0.1320047306515122,final_luminosity_arrays\ZTF18aanlyba_epoch_3_lum.npy,dillon_extracting_files\dillon_fits\ztf_cutouts\ztf_cutouts_no_interp\ZTF18aanlyba_epoch_3.fits,8.009023779188626e+27,False,False,False,Original Detection is False; no Gaussian subtraction attempted,,,,,False,4,6,1.1324088207457247e+28,1.0294519921067372e+28,2.787896055553021e+27,3.692576665676762,False,,,,,C:\Research\bts_vlass_cross_matching\gaussian_adjusted_luminosity_arrays\ZTF18aanlyba_epoch_3_gaussian_adjusted_13x13_lum.npy
ZTF18aarlpzd,1,11:28:30.43,+58:33:46.8,SN Ib,0.01,42.85714285714285,-843.8254606937713,1.3639294438753512e+28,1.536175714327597e+27,6.206234917044642,0.6990101971166176,final_luminosity_arrays\ZTF18aarlpzd_epoch_1_lum.npy,dillon_extracting_files\dillon_fits\ztf_cutouts\ztf_cutouts_no_interp\ZTF18aarlpzd_epoch_1.fits,5.211342821126427e+27,True,True,True,,False,8.0,9.0,5.8554946380264595e+28,False,8,4,2.5464077437901246e+28,1.3639294438304628e+28,1.4561060380510128e+27,9.36696509861378,False,4.827593407861751e+28,1.2404540533759318,1.1012475239402113,1.0279012301647085e+28,C:\Research\bts_vlass_cross_matching\gaussian_adjusted_luminosity_arrays\ZTF18aarlpzd_epoch_1_gaussian_adjusted_13x13_lum.npy
ZTF18aarlpzd,2,11:28:30.43,+58:33:46.8,SN Ib,0.01,42.85714285714285,146.2735492072188,1.6158316114972205e+28,1.96707827650653e+27,7.352455519139769,0.8950849573914166,final_luminosity_arrays\ZTF18aarlpzd_epoch_2_lum.npy,dillon_extracting_files\dillon_fits\ztf_cutouts\ztf_cutouts_no_interp\ZTF18aarlpzd_epoch_2.fits,5.821749844160224e+27,True,True,True,,False,8.0,10.0,6.709888859517834e+28,False,9,4,2.836704194483453e+28,1.615831610966005e+28,2.0858049591080182e+27,7.746801079891025,False,5.292653671244829e+28,1.2057481128551373,1.1088254753477669,1.4172351882730053e+28,C:\Research\bts_vlass_cross_matching\gaussian_adjusted_luminosity_arrays\ZTF18aarlpzd_epoch_2_gaussian_adjusted_13x13_lum.npy
ZTF18aarlpzd,3,11:28:30.43,+58:33:46.8,SN Ib,0.01,42.85714285714285,1056.1745393062288,1.5211367861491444e+28,1.5369700363724285e+27,6.921569351106884,0.6993716396286643,final_luminosity_arrays\ZTF18aarlpzd_epoch_3_lum.npy,dillon_extracting_files\dillon_fits\ztf_cutouts\ztf_cutouts_no_interp\ZTF18aarlpzd_epoch_3.fits,4.891105452907088e+27,True,True,True,,False,8.0,10.0,6.242630800916475e+28,False,8,4,2.5644624943586865e+28,1.5211367850450865e+28,1.5399149370673145e+27,9.87805721231596,False,5.290738633904556e+28,1.1898907977008586,1.1322205621587027,9.518921670119195e+27,C:\Research\bts_vlass_cross_matching\gaussian_adjusted_luminosity_arrays\ZTF18aarlpzd_epoch_3_gaussian_adjusted_13x13_lum.npy
ZTF18aaupmks,1,19:27:38.77,+61:56:49.9,SN Ia,0.04,171.42857142857142,317.96153846169966,6.094758766782319e+28,4.376121740130576e+27,1.7332964343950152,0.1244549082034021,final_luminosity_arrays\ZTF18aaupmks_epoch_1_lum.npy,dillon_extracting_files\dillon_fits\ztf_cutouts\ztf_cutouts_no_interp\ZTF18aaupmks_epoch_1.fits,6.094758766782319e+28,True,False,False,,True,14.0,14.0,6.094758766782319e+28,True,6,6,6.094758766782319e+28,6.094758766782319e+28,4.376185329813631e+27,13.927103875744395,True,,,,,C:\Research\bts_vlass_cross_matching\gaussian_adjusted_luminosity_arrays\ZTF18aaupmks_epoch_1_gaussian_adjusted_13x13_lum.npy
ZTF18aaupmks,2,19:27:38.77,+61:56:49.9,SN Ia,0.04,171.42857142857142,1244.8846153847765,6.869254187811739e+28,4.714793196468071e+27,1.9535562023520472,0.1340865700977848,final_luminosity_arrays\ZTF18aaupmks_epoch_2_lum.npy,dillon_extracting_files\dillon_fits\ztf_cutouts\ztf_cutouts_no_interp\ZTF18aaupmks_epoch_2.fits,6.869254187811739e+28,True,False,False,,True,14.0,14.0,6.869254187811739e+28,True,6,6,6.869254187811739e+28,6.869254187811739e+28,4.714861707406029e+27,14.569365156610267,True,,,,,C:\Research\bts_vlass_cross_matching\gaussian_adjusted_luminosity_arrays\ZTF18aaupmks_epoch_2_gaussian_adjusted_13x13_lum.npy
ZTF18aaupmks,3,19:27:38.77,+61:56:49.9,SN Ia,0.04,171.42857142857142,2140.0769230770843,6.062472176681462e+28,4.742715721837744e+27,1.7241144087165594,0.134880673995723,final_luminosity_arrays\ZTF18aaupmks_epoch_3_lum.npy,dillon_extracting_files\dillon_fits\ztf_cutouts\ztf_cutouts_no_interp\ZTF18aaupmks_epoch_3.fits,6.062472176681462e+28,True,False,False,,True,14.0,14.0,6.062472176681462e+28,True,6,6,6.062472176681462e+28,6.062472176681462e+28,4.742784638519564e+27,12.782516261530763,True,,,,,C:\Research\bts_vlass_cross_matching\gaussian_adjusted_luminosity_arrays\ZTF18aaupmks_epoch_3_gaussian_adjusted_13x13_lum.npy
ZTF18aawitoj,1,17:41:55.67,+63:45:23.0,SN Ia,0.029,124.28571428571428,-1936.458629737468,3.100405320038468e+28,2.4650000971195404e+27,1.6774855321273214,0.1333716614031953,final_luminosity_arrays\ZTF18aawitoj_epoch_1_lum.npy,dillon_extracting_files\dillon_fits\ztf_cutouts\ztf_cutouts_no_interp\ZTF18aawitoj_epoch_1.fits,1.78564039414279e+28,True,False,False,,True,15.0,15.0,3.100405320038468e+28,True,7,7,3.100405320038468e+28,3.100405320038468e+28,2.465035916181308e+27,12.577525948755495,True,,,,,C:\Research\bts_vlass_cross_matching\gaussian_adjusted_luminosity_arrays\ZTF18aawitoj_epoch_1_gaussian_adjusted_13x13_lum.npy
ZTF18aawitoj,2,17:41:55.67,+63:45:23.0,SN Ia,0.029,124.28571428571428,-893.6986686101599,2.8950251515560644e+28,2.9032273600232456e+27,1.566363847814501,0.1570824507836663,final_luminosity_arrays\ZTF18aawitoj_epoch_2_lum.npy,dillon_extracting_files\dillon_fits\ztf_cutouts\ztf_cutouts_no_interp\ZTF18aawitoj_epoch_2.fits,1.8154779544805115e+28,True,False,False,,True,15.0,14.0,2.8950251515560644e+28,True,7,6,2.8950251515560644e+28,2.8950251515560644e+28,2.9032695469912116e+27,9.971603065779092,True,,,,,C:\Research\bts_vlass_cross_matching\gaussian_adjusted_luminosity_arrays\ZTF18aawitoj_epoch_2_gaussian_adjusted_13x13_lum.npy
ZTF18aawitoj,3,17:41:55.67,+63:45:23.0,SN Ia,0.029,124.28571428571428,-16.147648201996518,3.1285857939758245e+28,2.599747474932855e+27,1.6927326796576383,0.1406623230423921,final_luminosity_arrays\ZTF18aawitoj_epoch_3_lum.npy,dillon_extracting_files\dillon_fits\ztf_cutouts\ztf_cutouts_no_interp\ZTF18aawitoj_epoch_3.fits,2.2906689693006434e+28,True,False,False,,True,15.0,14.0,3.1285857939758245e+28,True,7,6,3.1285857939758245e+28,3.1285857939758245e+28,2.599785252016715e+27,12.034016238644735,True,,,,,C:\Research\bts_vlass_cross_matching\gaussian_adjusted_luminosity_arrays\ZTF18aawitoj_epoch_3_gaussian_adjusted_13x13_lum.npy
ZTF18aawmeiw,1,17:47:14.67,+64:15:50.3,SN Ia,0.036,154.28571428571428,-1778.1814671814636,3.388657982103258e+28,4.375307209894895e+27,1.189759117551148,0.1536194362156294,final_luminosity_arrays\ZTF18aawmeiw_epoch_1_lum.npy,dillon_extracting_files\dillon_fits\ztf_cutouts\ztf_cutouts_no_interp\ZTF18aawmeiw_epoch_1.fits,3.388657982103258e+28,True,True,True,,False,16.0,12.0,3.4718863911522745e+28,True,6,6,3.2876667353617282e+28,3.2876667353617282e+28,4.2707401437123275e+27,7.698119353391363,True,2.285076296319323e+28,1.092085598914136,1.1776184995426946,1.1868100948329516e+28,C:\Research\bts_vlass_cross_matching\gaussian_adjusted_luminosity_arrays\ZTF18aawmeiw_epoch_1_gaussian_adjusted_13x13_lum.npy
ZTF18aawmeiw,2,17:47:14.67,+64:15:50.3,SN Ia,0.036,154.28571428571428,-742.4671814671779,3.830441543285839e+28,4.781045596083829e+27,1.344869495369494,0.1678651335226491,final_luminosity_arrays\ZTF18aawmeiw_epoch_2_lum.npy,dillon_extracting_files\dillon_fits\ztf_cutouts\ztf_cutouts_no_interp\ZTF18aawmeiw_epoch_2.fits,3.014627334730264e+28,True,False,False,,True,15.0,13.0,3.830441543285839e+28,True,7,5,3.830441543285839e+28,3.830441543285839e+28,4.781115069739313e+27,8.011607098790641,True,,,,,C:\Research\bts_vlass_cross_matching\gaussian_adjusted_luminosity_arrays\ZTF18aawmeiw_epoch_2_gaussian_adjusted_13x13_lum.npy
ZTF18aawmeiw,3,17:47:14.67,+64:15:50.3,SN Ia,0.036,154.28571428571428,129.15444015444373,3.647736665426963e+28,4.26912918912838e+27,1.2807217426598072,0.1498914676625286,final_luminosity_arrays\ZTF18aawmeiw_epoch_3_lum.npy,dillon_extracting_files\dillon_fits\ztf_cutouts\ztf_cutouts_no_interp\ZTF18aawmeiw_epoch_3.fits,2.85862367933697e+28,True,False,False,,True,15.0,13.0,3.647736665426963e+28,True,7,5,3.647736665426963e+28,3.647736665426963e+28,4.269191224096368e+27,8.544327189745538,True,,,,,C:\Research\bts_vlass_cross_matching\gaussian_adjusted_luminosity_arrays\ZTF18aawmeiw_epoch_3_gaussian_adjusted_13x13_lum.npy
ZTF18aawpwlf,1,11:19:37.94,+30:06:43.4,SN II,0.02344,100.45714285714286,-363.7926991321742,5.457896463180571e+27,1.3581179384265443e+27,0.4520082729868591,0.1124773011610586,final_luminosity_arrays\ZTF18aawpwlf_epoch_1_lum.npy,dillon_extracting_files\dillon_fits\ztf_cutouts\ztf_cutouts_no_interp\ZTF18aawpwlf_epoch_1.fits,1.9512042250863143e+27,True,False,False,,True,15.0,14.0,5.457896463180571e+27,True,7,6,5.457896463180571e+27,5.457896463180571e+27,1.358137673318393e+27,4.018662150682464,True,,,,,C:\Research\bts_vlass_cross_matching\gaussian_adjusted_luminosity_arrays\ZTF18aawpwlf_epoch_1_gaussian_adjusted_13x13_lum.npy
ZTF18aawpwlf,2,11:19:37.94,+30:06:43.4,SN II,0.02344,100.45714285714286,578.1286641133507,2.1241710164277296e+27,1.3869448183728598e+27,0.1759181177476421,0.1148647003445285,final_luminosity_arrays\ZTF18aawpwlf_epoch_2_lum.npy,dillon_extracting_files\dillon_fits\ztf_cutouts\ztf_cutouts_no_interp\ZTF18aawpwlf_epoch_2.fits,1.3022644104938807e+27,False,False,False,Original Detection is False; no Gaussian subtraction attempted,,,,,False,1,11,3.346575019869789e+27,2.1241710164277296e+27,1.3869649721498002e+27,1.5315246304564258,False,,,,,C:\Research\bts_vlass_cross_matching\gaussian_adjusted_luminosity_arrays\ZTF18aawpwlf_epoch_2_gaussian_adjusted_13x13_lum.npy
ZTF18aawpwlf,3,11:19:37.94,+30:06:43.4,SN II,0.02344,100.45714285714286,1505.3935746112793,2.8045612633714294e+27,1.5964753830203645e+27,0.2322662039659917,0.1322177090601105,final_luminosity_arrays\ZTF18aawpwlf_epoch_3_lum.npy,dillon_extracting_files\dillon_fits\ztf_cutouts\ztf_cutouts_no_interp\ZTF18aawpwlf_epoch_3.fits,6.315466613082304e+26,False,False,False,Original Detection is False; no Gaussian subtraction attempted,,,,,False,0,7,5.431193304027176e+27,2.8045612633714294e+27,1.5964985814982955e+27,1.7566951175987773,False,,,,,C:\Research\bts_vlass_cross_matching\gaussian_adjusted_luminosity_arrays\ZTF18aawpwlf_epoch_3_gaussian_adjusted_13x13_lum.npy
ZTF18aawseij,1,17:07:50.29,+41:07:21.5,SN Ia,0.0617,264.42857142857144,-1442.2991428839346,3.118779112307285e+29,1.0587906605890435e+28,3.727782750502229,0.1265558980628562,final_luminosity_arrays\ZTF18aawseij_epoch_1_lum.npy,dillon_extracting_files\dillon_fits\ztf_cutouts\ztf_cutouts_no_interp\ZTF18aawseij_epoch_1.fits,3.118779112307285e+29,True,False,False,,True,14.0,14.0,3.1187791123072846e+29,True,6,6,3.1187791123072846e+29,3.1187791123072846e+29,1.0588060459385666e+28,29.455622436899464,True,,,,,C:\Research\bts_vlass_cross_matching\gaussian_adjusted_luminosity_arrays\ZTF18aawseij_epoch_1_gaussian_adjusted_13x13_lum.npy
ZTF18aawseij,2,17:07:50.29,+41:07:21.5,SN Ia,0.0617,264.42857142857144,-607.7884524817493,3.162407566777016e+29,1.0881057676129448e+28,3.779930528253317,0.1300598954386496,final_luminosity_arrays\ZTF18aawseij_epoch_2_lum.npy,dillon_extracting_files\dillon_fits\ztf_cutouts\ztf_cutouts_no_interp\ZTF18aawseij_epoch_2.fits,3.162407566777016e+29,True,False,False,,True,14.0,14.0,3.162407566777016e+29,True,6,6,3.162407566777016e+29,3.162407566777016e+29,1.0881215789420166e+28,29.062998363214458,True,,,,,C:\Research\bts_vlass_cross_matching\gaussian_adjusted_luminosity_arrays\ZTF18aawseij_epoch_2_gaussian_adjusted_13x13_lum.npy
ZTF18aawseij,3,17:07:50.29,+41:07:21.5,SN Ia,0.0617,264.42857142857144,361.4118865970864,2.774796040337938e+29,1.0896093569270983e+28,3.316630143672228,0.1302396175528063,final_luminosity_arrays\ZTF18aawseij_epoch_3_lum.npy,dillon_extracting_files\dillon_fits\ztf_cutouts\ztf_cutouts_no_interp\ZTF18aawseij_epoch_3.fits,2.774796040337938e+29,True,False,False,,True,14.0,14.0,2.774796040337938e+29,True,6,6,2.774796040337938e+29,2.774796040337938e+29,1.089625190104915e+28,25.46560106664536,True,,,,,C:\Research\bts_vlass_cross_matching\gaussian_adjusted_luminosity_arrays\ZTF18aawseij_epoch_3_gaussian_adjusted_13x13_lum.npy
ZTF18aaxhcam,1,18:06:15.02,+45:06:49.9,SN Ia,0.03143,134.7,-2300.205850130214,9.110415235630928e+27,2.4528361914408423e+27,0.4196485388092698,0.1129854188086906,final_luminosity_arrays\ZTF18aaxhcam_epoch_1_lum.npy,dillon_extracting_files\dillon_fits\ztf_cutouts\ztf_cutouts_no_interp\ZTF18aaxhcam_epoch_1.fits,9.110415235630928e+27,False,False,False,Original Detection is False; no Gaussian subtraction attempted,,,,,True,6,6,9.110415235630927e+27,9.110415235630927e+27,2.452871833748178e+27,3.71418315065794,False,,,,,C:\Research\bts_vlass_cross_matching\gaussian_adjusted_luminosity_arrays\ZTF18aaxhcam_epoch_1_gaussian_adjusted_13x13_lum.npy
ZTF18aaxhcam,2,18:06:15.02,+45:06:49.9,SN Ia,0.03143,134.7,-1288.0188864002466,1.2785264678192609e+28,3.4640957947271394e+27,0.5889213061891497,0.1595672452675116,final_luminosity_arrays\ZTF18aaxhcam_epoch_2_lum.npy,dillon_extracting_files\dillon_fits\ztf_cutouts\ztf_cutouts_no_interp\ZTF18aaxhcam_epoch_2.fits,1.2785264678192609e+28,False,False,False,Original Detection is False; no Gaussian subtraction attempted,,,,,True,6,6,1.2785264678192607e+28,1.2785264678192607e+28,3.4641461317074014e+27,3.6907405727399354,False,,,,,C:\Research\bts_vlass_cross_matching\gaussian_adjusted_luminosity_arrays\ZTF18aaxhcam_epoch_2_gaussian_adjusted_13x13_lum.npy
ZTF18aaxhcam,3,18:06:15.02,+45:06:49.9,SN Ia,0.03143,134.7,-383.4495021473164,1.3158344633938086e+28,2.4394782248127525e+27,0.6061063031665981,0.1123701084756265,final_luminosity_arrays\ZTF18aaxhcam_epoch_3_lum.npy,dillon_extracting_files\dillon_fits\ztf_cutouts\ztf_cutouts_no_interp\ZTF18aaxhcam_epoch_3.fits,1.2247853690035736e+28,True,False,False,,True,14.0,13.0,1.3158344633938086e+28,True,6,5,1.3158344633938086e+28,1.3158344633938086e+28,2.4395136730146867e+27,5.393839263740363,True,,,,,C:\Research\bts_vlass_cross_matching\gaussian_adjusted_luminosity_arrays\ZTF18aaxhcam_epoch_3_gaussian_adjusted_13x13_lum.npy
ZTF18aazijke,1,16:02:45.02,+25:15:07.4,SN Ia,0.048,205.7142857142857,-247.31375000000585,2.2589649556021444e+28,6.69233870690486e+27,0.4461319476831705,0.1321715717347751,final_luminosity_arrays\ZTF18aazijke_epoch_1_lum.npy,dillon_extracting_files\dillon_fits\ztf_cutouts\ztf_cutouts_no_interp\ZTF18aazijke_epoch_1.fits,1.1962041266567538e+28,False,False,False,Original Detection is False; no Gaussian subtraction attempted,,,,,False,3,7,2.4583906422890427e+28,2.2589649556021444e+28,6.692435953673241e+27,3.3754001849838824,False,,,,,C:\Research\bts_vlass_cross_matching\gaussian_adjusted_luminosity_arrays\ZTF18aazijke_epoch_1_gaussian_adjusted_13x13_lum.npy
ZTF18aazijke,2,16:02:45.02,+25:15:07.4,SN Ia,0.048,205.7142857142857,721.1977003816735,4.205225855533156e+28,7.285513016308541e+27,0.8305067312903704,0.1438865766411591,final_luminosity_arrays\ZTF18aazijke_epoch_2_lum.npy,dillon_extracting_files\dillon_fits\ztf_cutouts\ztf_cutouts_no_interp\ZTF18aazijke_epoch_2.fits,3.675825593559119e+28,True,False,False,,True,15.0,14.0,4.205225855533156e+28,True,7,6,4.205225855533156e+28,4.205225855533156e+28,7.285618882527792e+27,5.771954206413451,True,,,,,C:\Research\bts_vlass_cross_matching\gaussian_adjusted_luminosity_arrays\ZTF18aazijke_epoch_2_gaussian_adjusted_13x13_lum.npy
ZTF18aazijke,3,16:02:45.02,+25:15:07.4,SN Ia,0.048,205.7142857142857,1587.6099141221316,3.6432742855942727e+28,6.779223880489557e+27,0.7195246871560815,0.1338875264190904,final_luminosity_arrays\ZTF18aazijke_epoch_3_lum.npy,dillon_extracting_files\dillon_fits\ztf_cutouts\ztf_cutouts_no_interp\ZTF18aazijke_epoch_3.fits,3.081106677584165e+28,True,False,False,,True,14.0,13.0,3.6432742855942727e+28,True,6,5,3.6432742855942727e+28,3.6432742855942727e+28,6.779322389791518e+27,5.374097994042017,True,,,,,C:\Research\bts_vlass_cross_matching\gaussian_adjusted_luminosity_arrays\ZTF18aazijke_epoch_3_gaussian_adjusted_13x13_lum.npy
ZTF18abfdupq,1,19:50:48.24,+64:55:22.6,SN Ia,0.068,291.42857142857144,225.3670433657383,9.113947609318835e+28,1.573531692788246e+28,0.89686072897166,0.154846104930978,final_luminosity_arrays\ZTF18abfdupq_epoch_1_lum.npy,dillon_extracting_files\dillon_fits\ztf_cutouts\ztf_cutouts_no_interp\ZTF18abfdupq_epoch_1.fits,5.3970248395925305e+28,True,False,False,,True,14.0,15.0,9.113947609318837e+28,True,6,7,9.113947609318837e+28,9.113947609318837e+28,1.5735545578700607e+28,5.791948911930538,True,,,,,C:\Research\bts_vlass_cross_matching\gaussian_adjusted_luminosity_arrays\ZTF18abfdupq_epoch_1_gaussian_adjusted_13x13_lum.npy
ZTF18abfdupq,2,19:50:48.24,+64:55:22.6,SN Ia,0.068,291.42857142857144,1127.9887662121805,7.751361290948344e+28,1.420240824054735e+28,0.7627750164829195,0.1397612521417661,final_luminosity_arrays\ZTF18abfdupq_epoch_2_lum.npy,dillon_extracting_files\dillon_fits\ztf_cutouts\ztf_cutouts_no_interp\ZTF18abfdupq_epoch_2.fits,3.5007633408271567e+28,True,False,False,,True,13.0,15.0,7.751361290948344e+28,True,5,7,7.751361290948344e+28,7.751361290948344e+28,1.4202614616578972e+28,5.457700219437087,True,,,,,C:\Research\bts_vlass_cross_matching\gaussian_adjusted_luminosity_arrays\ZTF18abfdupq_epoch_2_gaussian_adjusted_13x13_lum.npy
ZTF18abfdupq,3,19:50:48.24,+64:55:22.6,SN Ia,0.068,291.42857142857144,1999.711612654128,4.36279545741681e+28,1.4810476132792915e+28,0.4293221863918007,0.145745049295605,final_luminosity_arrays\ZTF18abfdupq_epoch_3_lum.npy,dillon_extracting_files\dillon_fits\ztf_cutouts\ztf_cutouts_no_interp\ZTF18abfdupq_epoch_3.fits,4.308698371655377e+28,False,False,False,Original Detection is False; no Gaussian subtraction attempted,,,,,True,6,5,4.36279545741681e+28,4.36279545741681e+28,1.481069134469494e+28,2.945706824806342,False,,,,,C:\Research\bts_vlass_cross_matching\gaussian_adjusted_luminosity_arrays\ZTF18abfdupq_epoch_3_gaussian_adjusted_13x13_lum.npy
ZTF18abjndhh,1,11:32:43.02,+62:25:57.9,SN II,0.01312,56.22857142857143,-286.5257703195453,2.051669131727851e+27,5.006148345712402e+26,0.5423453985713422,0.1323362003450884,final_luminosity_arrays\ZTF18abjndhh_epoch_1_lum.npy,dillon_extracting_files\dillon_fits\ztf_cutouts\ztf_cutouts_no_interp\ZTF18abjndhh_epoch_1.fits,1.818101708481492e+27,True,False,False,,True,14.0,15.0,2.051669131727851e+27,True,6,7,2.051669131727851e+27,2.051669131727851e+27,5.0062210903492145e+26,4.098239160237996,True,,,,,C:\Research\bts_vlass_cross_matching\gaussian_adjusted_luminosity_arrays\ZTF18abjndhh_epoch_1_gaussian_adjusted_13x13_lum.npy
ZTF18abjndhh,2,11:32:43.02,+62:25:57.9,SN II,0.01312,56.22857142857143,795.2809258270119,2.2827635218170343e+27,5.681868329561778e+26,0.6034336984157562,0.1501986784389423,final_luminosity_arrays\ZTF18abjndhh_epoch_2_lum.npy,dillon_extracting_files\dillon_fits\ztf_cutouts\ztf_cutouts_no_interp\ZTF18abjndhh_epoch_2.fits,1.147517001434011e+27,True,False,False,,True,15.0,15.0,2.2827635218170346e+27,True,7,7,2.2827635218170346e+27,2.2827635218170346e+27,5.681950893125522e+26,4.017569959252735,True,,,,,C:\Research\bts_vlass_cross_matching\gaussian_adjusted_luminosity_arrays\ZTF18abjndhh_epoch_2_gaussian_adjusted_13x13_lum.npy
ZTF18abjndhh,3,11:32:43.02,+62:25:57.9,SN II,0.01312,56.22857142857143,1647.1049940519013,1.7326146046963887e+27,5.2310870541179225e+26,0.4580054082907737,0.1382823952888345,final_luminosity_arrays\ZTF18abjndhh_epoch_3_lum.npy,dillon_extracting_files\dillon_fits\ztf_cutouts\ztf_cutouts_no_interp\ZTF18abjndhh_epoch_3.fits,1.0994890504476576e+27,False,False,False,Original Detection is False; no Gaussian subtraction attempted,,,,,False,5,4,2.3388587223148192e+27,1.7326146046963887e+27,5.231163067352371e+26,3.3121020744117433,False,,,,,C:\Research\bts_vlass_cross_matching\gaussian_adjusted_luminosity_arrays\ZTF18abjndhh_epoch_3_gaussian_adjusted_13x13_lum.npy
ZTF18abmogag,1,00:53:13.01,+20:42:52.8,SN Ia,0.0823,352.7142857142857,244.46087036872817,1.234793682143643e+29,2.066192361904276e+28,0.8295279694721103,0.1388077445659422,final_luminosity_arrays\ZTF18abmogag_epoch_1_lum.npy,dillon_extracting_files\dillon_fits\ztf_cutouts\ztf_cutouts_no_interp\ZTF18abmogag_epoch_1.fits,3.968071157877218e+28,True,True,True,,False,14.0,16.0,1.9075373571762313e+29,False,7,8,8.281174502554688e+28,4.517856457182274e+28,2.043957230937973e+28,2.210347843290746,False,1.55730478884315e+29,1.1540788233518189,1.139700608580046,3.502325683330813e+28,C:\Research\bts_vlass_cross_matching\gaussian_adjusted_luminosity_arrays\ZTF18abmogag_epoch_1_gaussian_adjusted_13x13_lum.npy
ZTF18abmogag,2,00:53:13.01,+20:42:52.8,SN Ia,0.0823,352.7142857142857,1069.5555760880295,1.6964687478215245e+29,1.8244570939737693e+28,1.1396788759157062,0.1225678590924754,final_luminosity_arrays\ZTF18abmogag_epoch_2_lum.npy,dillon_extracting_files\dillon_fits\ztf_cutouts\ztf_cutouts_no_interp\ZTF18abmogag_epoch_2.fits,3.8567046048760094e+28,True,True,True,,False,14.0,16.0,2.3501201968296083e+29,False,7,8,6.458519867488513e+28,6.404795713866255e+28,1.8091312468819076e+28,3.5402604011760417,False,2.128723622463283e+29,1.2169793740908077,1.1353169566567087,2.213965743663254e+28,C:\Research\bts_vlass_cross_matching\gaussian_adjusted_luminosity_arrays\ZTF18abmogag_epoch_2_gaussian_adjusted_13x13_lum.npy
ZTF18abmogag,3,00:53:13.01,+20:42:52.8,SN Ia,0.0823,352.7142857142857,1958.4034001663813,1.7584748566430374e+29,2.177003279580036e+28,1.1813342571258545,0.1462520725188723,final_luminosity_arrays\ZTF18abmogag_epoch_3_lum.npy,dillon_extracting_files\dillon_fits\ztf_cutouts\ztf_cutouts_no_interp\ZTF18abmogag_epoch_3.fits,8.744582633428046e+28,True,True,True,,False,14.0,16.0,1.8135533510349462e+29,True,7,7,1.0784403212104033e+29,1.0784403212104033e+29,2.171319624620226e+28,4.966750675405643,True,1.4416871721458208e+29,1.1562320648056665,1.1509948525707674,3.718661788891255e+28,C:\Research\bts_vlass_cross_matching\gaussian_adjusted_luminosity_arrays\ZTF18abmogag_epoch_3_gaussian_adjusted_13x13_lum.npy
ZTF18abncimo,1,22:27:36.81,+22:53:43.0,SN Ia,0.05684,243.6,263.6624319952056,2.337861514077062e+29,1.1104522775856908e+28,3.2926604617387056,0.1563991458674259,final_luminosity_arrays\ZTF18abncimo_epoch_1_lum.npy,dillon_extracting_files\dillon_fits\ztf_cutouts\ztf_cutouts_no_interp\ZTF18abncimo_epoch_1.fits,2.054035851540723e+29,True,False,False,,True,13.0,13.0,2.337861514077062e+29,True,5,5,2.337861514077062e+29,2.337861514077062e+29,1.1104684136332174e+28,21.052931225914605,True,,,,,C:\Research\bts_vlass_cross_matching\gaussian_adjusted_luminosity_arrays\ZTF18abncimo_epoch_1_gaussian_adjusted_13x13_lum.npy
ZTF18abncimo,2,22:27:36.81,+22:53:43.0,SN Ia,0.05684,243.6,1157.837519993389,2.208553364547429e+29,7.764300163867645e+27,3.110541962087154,0.1093545340397132,final_luminosity_arrays\ZTF18abncimo_epoch_2_lum.npy,dillon_extracting_files\dillon_fits\ztf_cutouts\ztf_cutouts_no_interp\ZTF18abncimo_epoch_2.fits,1.602318205475191e+29,True,False,False,,True,13.0,13.0,2.208553364547429e+29,True,5,5,2.208553364547429e+29,2.208553364547429e+29,7.764412987371169e+27,28.44456326755989,True,,,,,C:\Research\bts_vlass_cross_matching\gaussian_adjusted_luminosity_arrays\ZTF18abncimo_epoch_2_gaussian_adjusted_13x13_lum.npy
ZTF18abncimo,3,22:27:36.81,+22:53:43.0,SN Ia,0.05684,243.6,2061.474778234939,2.3200103163411343e+29,1.0107380699039684e+28,3.26751871034503,0.1423551232407399,final_luminosity_arrays\ZTF18abncimo_epoch_3_lum.npy,dillon_extracting_files\dillon_fits\ztf_cutouts\ztf_cutouts_no_interp\ZTF18abncimo_epoch_3.fits,1.4882631648747487e+29,True,False,False,,True,13.0,13.0,2.3200103163411343e+29,True,5,5,2.3200103163411343e+29,2.3200103163411343e+29,1.010752756998463e+28,22.953291992303335,True,,,,,C:\Research\bts_vlass_cross_matching\gaussian_adjusted_luminosity_arrays\ZTF18abncimo_epoch_3_gaussian_adjusted_13x13_lum.npy
ZTF18abomklq,1,23:44:27.45,+05:39:49.1,SN Ia-91T,0.03885,166.5,-294.91937309587826,2.13075157569113e+28,4.068543164463824e+27,0.6423727027140558,0.1226590220892575,final_luminosity_arrays\ZTF18abomklq_epoch_1_lum.npy,dillon_extracting_files\dillon_fits\ztf_cutouts\ztf_cutouts_no_interp\ZTF18abomklq_epoch_1.fits,1.4292646893965696e+28,True,False,False,,True,15.0,13.0,2.13075157569113e+28,True,7,5,2.13075157569113e+28,2.13075157569113e+28,4.0686022847044586e+27,5.23706036272333,True,,,,,C:\Research\bts_vlass_cross_matching\gaussian_adjusted_luminosity_arrays\ZTF18abomklq_epoch_1_gaussian_adjusted_13x13_lum.npy
ZTF18abomklq,2,23:44:27.45,+05:39:49.1,SN Ia-91T,0.03885,166.5,691.7485770412926,1.488104564210278e+28,6.514203113501616e+27,0.4486293764784932,0.1963911285424951,final_luminosity_arrays\ZTF18abomklq_epoch_2_lum.npy,dillon_extracting_files\dillon_fits\ztf_cutouts\ztf_cutouts_no_interp\ZTF18abomklq_epoch_2.fits,9.431757679351844e+27,False,False,False,Original Detection is False; no Gaussian subtraction attempted,,,,,False,6,4,2.138401204454628e+28,1.488104564210278e+28,6.514297771771184e+27,2.284366813348286,False,,,,,C:\Research\bts_vlass_cross_matching\gaussian_adjusted_luminosity_arrays\ZTF18abomklq_epoch_2_gaussian_adjusted_13x13_lum.npy
ZTF18abomklq,3,23:44:27.45,+05:39:49.1,SN Ia-91T,0.03885,166.5,1593.7074738983945,2.0429833805134507e+28,5.205573804633214e+27,0.6159126060083507,0.1569383846942452,final_luminosity_arrays\ZTF18abomklq_epoch_3_lum.npy,dillon_extracting_files\dillon_fits\ztf_cutouts\ztf_cutouts_no_interp\ZTF18abomklq_epoch_3.fits,1.21194707706261e+28,False,False,False,Original Detection is False; no Gaussian subtraction attempted,,,,,True,6,5,2.0429833805134507e+28,2.0429833805134507e+28,5.205649447133128e+27,3.9245504355629808,False,,,,,C:\Research\bts_vlass_cross_matching\gaussian_adjusted_luminosity_arrays\ZTF18abomklq_epoch_3_gaussian_adjusted_13x13_lum.npy
ZTF18abrfchj,1,02:13:45.07,+04:06:08.3,SN Ic,0.011,47.142857142857146,-332.3541048464654,8.070381070792379e+27,3.7603138500383904e+26,3.034904133528471,0.1414103965844198,final_luminosity_arrays\ZTF18abrfchj_epoch_1_lum.npy,dillon_extracting_files\dillon_fits\ztf_cutouts\ztf_cutouts_no_interp\ZTF18abrfchj_epoch_1.fits,8.070381070792379e+27,True,False,False,,True,14.0,14.0,8.070381070792379e+27,True,6,6,8.070381070792379e+27,8.070381070792379e+27,3.760368491380682e+26,21.461676134375875,True,,,,,C:\Research\bts_vlass_cross_matching\gaussian_adjusted_luminosity_arrays\ZTF18abrfchj_epoch_1_gaussian_adjusted_13x13_lum.npy
ZTF18abrfchj,2,02:13:45.07,+04:06:08.3,SN Ic,0.011,47.142857142857146,660.7220573691628,8.772260395283524e+27,5.180786816874567e+26,3.298849100247025,0.1948287157961793,final_luminosity_arrays\ZTF18abrfchj_epoch_2_lum.npy,dillon_extracting_files\dillon_fits\ztf_cutouts\ztf_cutouts_no_interp\ZTF18abrfchj_epoch_2.fits,8.772260395283524e+27,True,False,False,,True,14.0,14.0,8.772260395283524e+27,True,6,6,8.772260395283524e+27,8.772260395283524e+27,5.1808620991933e+26,16.932047654094927,True,,,,,C:\Research\bts_vlass_cross_matching\gaussian_adjusted_luminosity_arrays\ZTF18abrfchj_epoch_2_gaussian_adjusted_13x13_lum.npy
ZTF18abrfchj,3,02:13:45.07,+04:06:08.3,SN Ic,0.011,47.142857142857146,1555.8753709201026,7.959099855597527e+27,4.4019212873479335e+26,2.9930563177913427,0.1655386916629089,final_luminosity_arrays\ZTF18abrfchj_epoch_3_lum.npy,dillon_extracting_files\dillon_fits\ztf_cutouts\ztf_cutouts_no_interp\ZTF18abrfchj_epoch_3.fits,7.959099855597527e+27,True,False,False,,True,14.0,14.0,7.959099855597527e+27,True,6,6,7.959099855597527e+27,7.959099855597527e+27,4.40198525192573e+26,18.080705409259767,True,,,,,C:\Research\bts_vlass_cross_matching\gaussian_adjusted_luminosity_arrays\ZTF18abrfchj_epoch_3_gaussian_adjusted_13x13_lum.npy
ZTF18abrytwr,1,03:06:26.78,+41:12:49.6,SN Ia,0.06,257.1428571428572,275.05188679261096,1.1875996662736394e+29,1.2356282669383854e+28,1.501080114394426,0.1561809105234068,final_luminosity_arrays\ZTF18abrytwr_epoch_1_lum.npy,dillon_extracting_files\dillon_fits\ztf_cutouts\ztf_cutouts_no_interp\ZTF18abrytwr_epoch_1.fits,1.1875996662736394e+29,True,False,False,,True,14.0,14.0,1.1875996662736394e+29,True,6,6,1.1875996662736394e+29,1.1875996662736394e+29,1.235646221925594e+28,9.611162525329618,True,,,,,C:\Research\bts_vlass_cross_matching\gaussian_adjusted_luminosity_arrays\ZTF18abrytwr_epoch_1_gaussian_adjusted_13x13_lum.npy
ZTF18abrytwr,2,03:06:26.78,+41:12:49.6,SN Ia,0.06,257.1428571428572,1074.1084905661958,9.966937047099963e+28,1.4805420923693338e+28,1.25978235155344,0.1871375220537933,final_luminosity_arrays\ZTF18abrytwr_epoch_2_lum.npy,dillon_extracting_files\dillon_fits\ztf_cutouts\ztf_cutouts_no_interp\ZTF18abrytwr_epoch_2.fits,9.966937047099963e+28,True,False,False,,True,14.0,14.0,9.966937047099963e+28,True,6,6,9.966937047099963e+28,9.966937047099963e+28,1.4805636062137818e+28,6.731853332926526,True,,,,,C:\Research\bts_vlass_cross_matching\gaussian_adjusted_luminosity_arrays\ZTF18abrytwr_epoch_2_gaussian_adjusted_13x13_lum.npy
ZTF18abrytwr,3,03:06:26.78,+41:12:49.6,SN Ia,0.06,257.1428571428572,1990.1462264152524,1.4116431011725592e+29,1.177550645291571e+28,1.784262363798916,0.1488400167671411,final_luminosity_arrays\ZTF18abrytwr_epoch_3_lum.npy,dillon_extracting_files\dillon_fits\ztf_cutouts\ztf_cutouts_no_interp\ZTF18abrytwr_epoch_3.fits,1.4116431011725592e+29,True,False,False,,True,14.0,14.0,1.4116431011725592e+29,True,6,6,1.4116431011725592e+29,1.4116431011725592e+29,1.1775677563494348e+28,11.987786635299686,True,,,,,C:\Research\bts_vlass_cross_matching\gaussian_adjusted_luminosity_arrays\ZTF18abrytwr_epoch_3_gaussian_adjusted_13x13_lum.npy
ZTF18abtgkdo,1,02:42:51.63,+21:30:42.4,SN Ia,0.087,372.8571428571428,252.59706463575665,9.923053258145776e+28,2.0034069201556778e+28,0.5965448799543084,0.1204407026731532,final_luminosity_arrays\ZTF18abtgkdo_epoch_1_lum.npy,dillon_extracting_files\dillon_fits\ztf_cutouts\ztf_cutouts_no_interp\ZTF18abtgkdo_epoch_1.fits,1.2846446802594583e+28,True,True,True,,False,11.0,14.0,2.7712325889379945e+29,False,4,7,1.1936860241703548e+29,5.925682906597463e+28,2.0159526690125185e+28,2.9393958487626906,False,2.5216811219248462e+29,1.1251181422034842,1.175699767082372,2.4955146701314837e+28,C:\Research\bts_vlass_cross_matching\gaussian_adjusted_luminosity_arrays\ZTF18abtgkdo_epoch_1_gaussian_adjusted_13x13_lum.npy
ZTF18abtgkdo,2,02:42:51.63,+21:30:42.4,SN Ia,0.087,372.8571428571428,1043.765417901626,2.8370580896588653e+29,1.832603086655941e+28,1.7055561766028409,0.1101723275772051,final_luminosity_arrays\ZTF18abtgkdo_epoch_2_lum.npy,dillon_extracting_files\dillon_fits\ztf_cutouts\ztf_cutouts_no_interp\ZTF18abtgkdo_epoch_2.fits,1.2258579103383835e+29,True,True,True,,False,12.0,14.0,2.920352549382424e+29,True,5,6,8.038552410061834e+28,8.038552410061834e+28,1.8965733243003184e+28,4.238461179995457,True,2.220922099084567e+29,0.9086883110283765,2.37946686576954,0.0,C:\Research\bts_vlass_cross_matching\gaussian_adjusted_luminosity_arrays\ZTF18abtgkdo_epoch_2_gaussian_adjusted_13x13_lum.npy
ZTF18abtgkdo,3,02:42:51.63,+21:30:42.4,SN Ia,0.087,372.8571428571428,1928.7700177176328,2.9821011850785352e+29,2.091319103120932e+28,1.7927518347278244,0.1257258022619293,final_luminosity_arrays\ZTF18abtgkdo_epoch_3_lum.npy,dillon_extracting_files\dillon_fits\ztf_cutouts\ztf_cutouts_no_interp\ZTF18abtgkdo_epoch_3.fits,1.102806028655797e+29,True,True,True,,False,12.0,14.0,3.167904603894711e+29,False,4,7,1.2489551896252082e+29,1.119679325233055e+29,2.1780273004130635e+28,5.140795641178178,False,2.408415660888312e+29,0.7739581737327559,2.761051752029782,-2199023255552.0,C:\Research\bts_vlass_cross_matching\gaussian_adjusted_luminosity_arrays\ZTF18abtgkdo_epoch_3_gaussian_adjusted_13x13_lum.npy
ZTF18abtswjk,1,02:33:11.52,-01:18:20.3,SN IIn,0.0503,215.57142857142856,-268.94791523392064,3.555276558998781e+28,9.162214772571772e+27,0.6394016090780498,0.164780992389529,final_luminosity_arrays\ZTF18abtswjk_epoch_1_lum.npy,dillon_extracting_files\dillon_fits\ztf_cutouts\ztf_cutouts_no_interp\ZTF18abtswjk_epoch_1.fits,2.214386817949665e+28,False,False,False,Original Detection is False; no Gaussian subtraction attempted,,,,,True,6,5,3.555276558998781e+28,3.555276558998781e+28,9.162347909254906e+27,3.880311677978948,False,,,,,C:\Research\bts_vlass_cross_matching\gaussian_adjusted_luminosity_arrays\ZTF18abtswjk_epoch_1_gaussian_adjusted_13x13_lum.npy
ZTF18abtswjk,2,02:33:11.52,-01:18:20.3,SN IIn,0.0503,215.57142857142856,712.6763825857499,4.147318724241116e+28,9.83672035790206e+27,0.745877914596349,0.1769118693097834,final_luminosity_arrays\ZTF18abtswjk_epoch_2_lum.npy,dillon_extracting_files\dillon_fits\ztf_cutouts\ztf_cutouts_no_interp\ZTF18abtswjk_epoch_2.fits,4.147318724241116e+28,True,False,False,,True,14.0,14.0,4.147318724241116e+28,True,6,6,4.147318724241116e+28,4.147318724241116e+28,9.836863295865629e+27,4.216098770005483,True,,,,,C:\Research\bts_vlass_cross_matching\gaussian_adjusted_luminosity_arrays\ZTF18abtswjk_epoch_2_gaussian_adjusted_13x13_lum.npy
ZTF18abtswjk,3,02:33:11.52,-01:18:20.3,SN IIn,0.0503,215.57142857142856,1561.957540350198,3.844436357080745e+28,7.867474769519002e+27,0.6914057885296645,0.1414952969670486,final_luminosity_arrays\ZTF18abtswjk_epoch_3_lum.npy,dillon_extracting_files\dillon_fits\ztf_cutouts\ztf_cutouts_no_interp\ZTF18abtswjk_epoch_3.fits,3.844436357080745e+28,True,False,False,,True,14.0,14.0,3.8444363570807445e+28,True,6,6,3.8444363570807445e+28,3.8444363570807445e+28,7.867589092258805e+27,4.886422399542218,True,,,,,C:\Research\bts_vlass_cross_matching\gaussian_adjusted_luminosity_arrays\ZTF18abtswjk_epoch_3_gaussian_adjusted_13x13_lum.npy
ZTF18abucxcj,1,16:27:21.89,+39:06:33.1,SN IIn,0.033,141.42857142857142,-320.643756050429,2.569044566857996e+28,3.406173272620669e+27,1.0734456591308117,0.1423250920373819,final_luminosity_arrays\ZTF18abucxcj_epoch_1_lum.npy,dillon_extracting_files\dillon_fits\ztf_cutouts\ztf_cutouts_no_interp\ZTF18abucxcj_epoch_1.fits,9.871608331267496e+27,True,True,True,,False,15.0,11.0,4.17916790954263e+28,False,8,4,1.9711762971970894e+28,1.6246883021909687e+28,3.403843879123594e+27,4.773098766825011,False,3.3747444017774225e+28,1.2531508512211476,1.158653054737942,8.044235077652079e+27,C:\Research\bts_vlass_cross_matching\gaussian_adjusted_luminosity_arrays\ZTF18abucxcj_epoch_1_gaussian_adjusted_13x13_lum.npy
ZTF18abucxcj,2,16:27:21.89,+39:06:33.1,SN IIn,0.033,141.42857142857142,713.2381413358247,1.6269199584852851e+28,3.529129636917795e+27,0.6797897513024509,0.1474627566435357,final_luminosity_arrays\ZTF18abucxcj_epoch_2_lum.npy,dillon_extracting_files\dillon_fits\ztf_cutouts\ztf_cutouts_no_interp\ZTF18abucxcj_epoch_2.fits,2.737079368196228e+27,True,True,True,,False,16.0,11.0,4.983977018002323e+28,False,7,4,2.1333111530257476e+28,1.0665899325454424e+28,3.431093558475022e+27,3.1086005507220773,False,4.1042446358738645e+28,1.1122867605258269,1.1552030648868343,8.797323821284592e+27,C:\Research\bts_vlass_cross_matching\gaussian_adjusted_luminosity_arrays\ZTF18abucxcj_epoch_2_gaussian_adjusted_13x13_lum.npy
ZTF18abucxcj,3,16:27:21.89,+39:06:33.1,SN IIn,0.033,141.42857142857142,1577.7105517908103,2.9045330520138505e+28,3.497748397206954e+27,1.2136256555095315,0.1461515086615279,final_luminosity_arrays\ZTF18abucxcj_epoch_3_lum.npy,dillon_extracting_files\dillon_fits\ztf_cutouts\ztf_cutouts_no_interp\ZTF18abucxcj_epoch_3.fits,6.396997807429823e+27,True,True,True,,False,16.0,12.0,5.134697296393256e+28,False,7,4,2.021837083835405e+28,8.171854983213799e+27,3.458614095752489e+27,2.362754200663677,False,4.393162016054639e+28,1.1291533068682587,1.1918378944926333,7.41535280338617e+27,C:\Research\bts_vlass_cross_matching\gaussian_adjusted_luminosity_arrays\ZTF18abucxcj_epoch_3_gaussian_adjusted_13x13_lum.npy
ZTF18acbvgqw,1,03:06:02.90,-15:36:41.7,SN Ia,0.00867,37.15714285714286,177.1114460771938,1.3173827947504104e+28,3.146725240484471e+26,7.974621839821339,0.190486080190658,final_luminosity_arrays\ZTF18acbvgqw_epoch_1_lum.npy,dillon_extracting_files\dillon_fits\ztf_cutouts\ztf_cutouts_no_interp\ZTF18acbvgqw_epoch_1.fits,5.099429772079403e+27,True,True,True,,False,16.0,13.0,1.3730718433005586e+28,True,7,5,3.079052061204807e+27,3.079052061204807e+27,3.214816210581398e+26,9.577692345429483,True,1.2403618531128279e+28,0.9364225007814161,1.5580550955498444,0.0,C:\Research\bts_vlass_cross_matching\gaussian_adjusted_luminosity_arrays\ZTF18acbvgqw_epoch_1_gaussian_adjusted_13x13_lum.npy
ZTF18acbvgqw,2,03:06:02.90,-15:36:41.7,SN Ia,0.00867,37.15714285714286,1190.3268683659503,1.0797829981006414e+28,2.348605937767478e+26,6.536339409649373,0.1421721646497974,final_luminosity_arrays\ZTF18acbvgqw_epoch_2_lum.npy,dillon_extracting_files\dillon_fits\ztf_cutouts\ztf_cutouts_no_interp\ZTF18acbvgqw_epoch_2.fits,2.1536581716547745e+27,True,True,True,,False,16.0,13.0,1.4112247325352064e+28,False,8,4,4.583525683869397e+27,3.143122173448052e+27,2.366686691646375e+26,13.280685544657171,False,1.0913583984951304e+28,0.8316337701650167,2.0319835402255597,0.0,C:\Research\bts_vlass_cross_matching\gaussian_adjusted_luminosity_arrays\ZTF18acbvgqw_epoch_2_gaussian_adjusted_13x13_lum.npy
ZTF18acbvgqw,3,03:06:02.90,-15:36:41.7,SN Ia,0.00867,37.15714285714286,2036.986330826418,1.42894612917812e+28,2.6702712284171204e+26,8.649957366287708,0.1616440777234045,final_luminosity_arrays\ZTF18acbvgqw_epoch_3_lum.npy,dillon_extracting_files\dillon_fits\ztf_cutouts\ztf_cutouts_no_interp\ZTF18acbvgqw_epoch_3.fits,4.4941556505163225e+27,True,True,True,,False,16.0,13.0,1.5591259688624384e+28,True,7,5,2.99786151415492e+27,2.99786151415492e+27,2.7170659823228424e+26,11.033451280384524,True,1.4297110859078654e+28,1.0531335864752627,1.455561170639087,0.0,C:\Research\bts_vlass_cross_matching\gaussian_adjusted_luminosity_arrays\ZTF18acbvgqw_epoch_3_gaussian_adjusted_13x13_lum.npy
ZTF18acbvgtu,1,02:42:33.48,-09:28:05.1,SN Ia,0.032,137.14285714285714,242.06395348842625,1.484119262750714e+28,4.023995043224869e+27,0.6594853475689888,0.1788134146851029,final_luminosity_arrays\ZTF18acbvgtu_epoch_1_lum.npy,dillon_extracting_files\dillon_fits\ztf_cutouts\ztf_cutouts_no_interp\ZTF18acbvgtu_epoch_1.fits,6.8838636927889e+27,False,False,False,Original Detection is False; no Gaussian subtraction attempted,,,,,True,7,6,1.484119262750714e+28,1.484119262750714e+28,4.0240535161341285e+27,3.6881200928373685,False,,,,,C:\Research\bts_vlass_cross_matching\gaussian_adjusted_luminosity_arrays\ZTF18acbvgtu_epoch_1_gaussian_adjusted_13x13_lum.npy
ZTF18acbvgtu,2,02:42:33.48,-09:28:05.1,SN Ia,0.032,137.14285714285714,1180.0484496124573,1.3094012152873773e+28,3.7152821633960097e+27,0.5818473873659968,0.165095205888496,final_luminosity_arrays\ZTF18acbvgtu_epoch_2_lum.npy,dillon_extracting_files\dillon_fits\ztf_cutouts\ztf_cutouts_no_interp\ZTF18acbvgtu_epoch_2.fits,6.893211260933526e+27,False,False,False,Original Detection is False; no Gaussian subtraction attempted,,,,,True,7,7,1.3094012152873773e+28,1.3094012152873773e+28,3.715336150380208e+27,3.5243142539158403,False,,,,,C:\Research\bts_vlass_cross_matching\gaussian_adjusted_luminosity_arrays\ZTF18acbvgtu_epoch_2_gaussian_adjusted_13x13_lum.npy
ZTF18acbvgtu,3,02:42:33.48,-09:28:05.1,SN Ia,0.032,137.14285714285714,2007.5678294574184,2.0389275602266663e+28,4.033761664182777e+27,0.9060207521542908,0.1792474119501739,final_luminosity_arrays\ZTF18acbvgtu_epoch_3_lum.npy,dillon_extracting_files\dillon_fits\ztf_cutouts\ztf_cutouts_no_interp\ZTF18acbvgtu_epoch_3.fits,1.0954884844945242e+28,True,False,False,,True,15.0,14.0,2.0389275602266663e+28,True,7,6,2.0389275602266663e+28,2.0389275602266663e+28,4.033820279011381e+27,5.054582056705739,True,,,,,C:\Research\bts_vlass_cross_matching\gaussian_adjusted_luminosity_arrays\ZTF18acbvgtu_epoch_3_gaussian_adjusted_13x13_lum.npy
ZTF18acbwopo,1,19:41:15.66,+63:11:53.5,SN II,0.081,347.1428571428572,156.08788801531182,7.494894656438051e+28,1.709363135964007e+28,0.5197946447879075,0.118551461482293,final_luminosity_arrays\ZTF18acbwopo_epoch_1_lum.npy,dillon_extracting_files\dillon_fits\ztf_cutouts\ztf_cutouts_no_interp\ZTF18acbwopo_epoch_1.fits,5.675241219609404e+28,True,False,False,,True,14.0,15.0,7.494894656438051e+28,True,6,7,7.494894656438051e+28,7.494894656438051e+28,1.7093879748205325e+28,4.384548602680404,True,,,,,C:\Research\bts_vlass_cross_matching\gaussian_adjusted_luminosity_arrays\ZTF18acbwopo_epoch_1_gaussian_adjusted_13x13_lum.npy
ZTF18acbwopo,2,19:41:15.66,+63:11:53.5,SN II,0.081,347.1428571428572,1047.854770531501,2.5993625895508875e+29,1.6973993128928756e+28,1.8027401529252527,0.1177217204634554,final_luminosity_arrays\ZTF18acbwopo_epoch_2_lum.npy,dillon_extracting_files\dillon_fits\ztf_cutouts\ztf_cutouts_no_interp\ZTF18acbwopo_epoch_2.fits,2.5993625895508875e+29,True,False,False,,True,14.0,14.0,2.5993625895508875e+29,True,6,6,2.5993625895508875e+29,2.5993625895508875e+29,1.6974239779023828e+28,15.313572939879693,True,,,,,C:\Research\bts_vlass_cross_matching\gaussian_adjusted_luminosity_arrays\ZTF18acbwopo_epoch_2_gaussian_adjusted_13x13_lum.npy
ZTF18acbwopo,3,19:41:15.66,+63:11:53.5,SN II,0.081,347.1428571428572,1909.0943635009733,3.903864366765001e+28,1.8913327509451256e+28,0.2707453386392444,0.1311718130901541,final_luminosity_arrays\ZTF18acbwopo_epoch_3_lum.npy,dillon_extracting_files\dillon_fits\ztf_cutouts\ztf_cutouts_no_interp\ZTF18acbwopo_epoch_3.fits,3.903864366765001e+28,False,False,False,Original Detection is False; no Gaussian subtraction attempted,,,,,False,12,9,5.545835584661396e+28,3.903864366765001e+28,1.8913602340128568e+28,2.0640512032349645,False,,,,,C:\Research\bts_vlass_cross_matching\gaussian_adjusted_luminosity_arrays\ZTF18acbwopo_epoch_3_gaussian_adjusted_13x13_lum.npy
ZTF18acbwtng,1,21:18:50.58,+02:15:42.2,SN II,0.019,81.42857142857143,-374.01864573110896,6.119559775717085e+27,1.3148233268230564e+27,0.7713460945524275,0.1657306428088134,final_luminosity_arrays\ZTF18acbwtng_epoch_1_lum.npy,dillon_extracting_files\dillon_fits\ztf_cutouts\ztf_cutouts_no_interp\ZTF18acbwtng_epoch_1.fits,3.6502498395515537e+27,True,False,False,,True,13.0,15.0,6.119559775717085e+27,True,5,7,6.119559775717085e+27,6.119559775717085e+27,1.3148424325983502e+27,4.654215306714588,True,,,,,C:\Research\bts_vlass_cross_matching\gaussian_adjusted_luminosity_arrays\ZTF18acbwtng_epoch_1_gaussian_adjusted_13x13_lum.npy
ZTF18acbwtng,2,21:18:50.58,+02:15:42.2,SN II,0.019,81.42857142857143,616.1678115799805,6.060740700423822e+27,1.7190330591035698e+27,0.7639321847818792,0.2166804072325193,final_luminosity_arrays\ZTF18acbwtng_epoch_2_lum.npy,dillon_extracting_files\dillon_fits\ztf_cutouts\ztf_cutouts_no_interp\ZTF18acbwtng_epoch_2.fits,4.016461733982636e+27,False,False,False,Original Detection is False; no Gaussian subtraction attempted,,,,,False,9,6,7.272127799163816e+27,6.060740700423822e+27,1.7190580384743187e+27,3.52561726525696,False,,,,,C:\Research\bts_vlass_cross_matching\gaussian_adjusted_luminosity_arrays\ZTF18acbwtng_epoch_2_gaussian_adjusted_13x13_lum.npy
ZTF18acbwtng,3,21:18:50.58,+02:15:42.2,SN II,0.019,81.42857142857143,1571.0255152109912,5.107538725084626e+27,1.4869737802193594e+27,0.6437848787754774,0.1874298359392967,final_luminosity_arrays\ZTF18acbwtng_epoch_3_lum.npy,dillon_extracting_files\dillon_fits\ztf_cutouts\ztf_cutouts_no_interp\ZTF18acbwtng_epoch_3.fits,5.107538725084626e+27,False,False,False,Original Detection is False; no Gaussian subtraction attempted,,,,,False,12,5,5.866996568172612e+27,5.107538725084626e+27,1.486995387523043e+27,3.434804685973162,False,,,,,C:\Research\bts_vlass_cross_matching\gaussian_adjusted_luminosity_arrays\ZTF18acbwtng_epoch_3_gaussian_adjusted_13x13_lum.npy
ZTF18acbxkop,1,23:51:06.26,+01:03:24.5,SN II,0.027,115.71428571428572,-377.7994157740994,9.687182907411064e+27,1.944620161131986e+27,0.6046530907042325,0.1213807654744492,final_luminosity_arrays\ZTF18acbxkop_epoch_1_lum.npy,dillon_extracting_files\dillon_fits\ztf_cutouts\ztf_cutouts_no_interp\ZTF18acbxkop_epoch_1.fits,9.687182907411064e+27,True,False,False,,True,14.0,14.0,9.687182907411064e+27,True,6,6,9.687182907411064e+27,9.687182907411064e+27,1.9446484185222164e+27,4.981457221338025,True,,,,,C:\Research\bts_vlass_cross_matching\gaussian_adjusted_luminosity_arrays\ZTF18acbxkop_epoch_1_gaussian_adjusted_13x13_lum.npy
ZTF18acbxkop,2,23:51:06.26,+01:03:24.5,SN II,0.027,115.71428571428572,669.9123661148978,1.462092148126984e+28,2.971093720149104e+27,0.9126064251177014,0.1854519649935637,final_luminosity_arrays\ZTF18acbxkop_epoch_2_lum.npy,dillon_extracting_files\dillon_fits\ztf_cutouts\ztf_cutouts_no_interp\ZTF18acbxkop_epoch_2.fits,1.0096091382135182e+28,True,False,False,,True,13.0,15.0,1.4620921481269839e+28,True,5,7,1.4620921481269839e+28,1.4620921481269839e+28,2.9711368932871495e+27,4.920985470007686,True,,,,,C:\Research\bts_vlass_cross_matching\gaussian_adjusted_luminosity_arrays\ZTF18acbxkop_epoch_2_gaussian_adjusted_13x13_lum.npy
ZTF18acbxkop,3,23:51:06.26,+01:03:24.5,SN II,0.027,115.71428571428572,1580.3310613437195,1.1142378953551122e+28,2.6614063185680566e+27,0.6954832933843136,0.166121663573764,final_luminosity_arrays\ZTF18acbxkop_epoch_3_lum.npy,dillon_extracting_files\dillon_fits\ztf_cutouts\ztf_cutouts_no_interp\ZTF18acbxkop_epoch_3.fits,7.475001907496977e+27,True,True,True,,False,15.0,16.0,1.2072506434134799e+28,True,5,7,7.105539780629292e+27,7.105539780629292e+27,2.5990943661314246e+27,2.733852172980316,False,1.4190265923347853e+28,1.5055796181860253,0.8239367067290635,0.0,C:\Research\bts_vlass_cross_matching\gaussian_adjusted_luminosity_arrays\ZTF18acbxkop_epoch_3_gaussian_adjusted_13x13_lum.npy
ZTF18acbzpag,1,11:58:49.38,+35:08:01.8,SN Ia,0.07,300.00000000000006,179.02243423327872,6.487773296012306e+27,1.9142326419517549e+28,0.0602470645389985,0.1777629520673293,final_luminosity_arrays\ZTF18acbzpag_epoch_1_lum.npy,dillon_extracting_files\dillon_fits\ztf_cutouts\ztf_cutouts_no_interp\ZTF18acbzpag_epoch_1.fits,-7.023191892673966e+27,False,False,False,Original Detection is False; no Gaussian subtraction attempted,,,,,False,8,3,5.044583631444995e+28,6.487773296012306e+27,1.9142604577791532e+28,0.3389180019702834,False,,,,,C:\Research\bts_vlass_cross_matching\gaussian_adjusted_luminosity_arrays\ZTF18acbzpag_epoch_1_gaussian_adjusted_13x13_lum.npy
ZTF18acbzpag,2,11:58:49.38,+35:08:01.8,SN Ia,0.07,300.00000000000006,1025.7514061958957,5.276584135782017e+28,1.1855019434275966e+28,0.48999662976712,0.1100902369580201,final_luminosity_arrays\ZTF18acbzpag_epoch_2_lum.npy,dillon_extracting_files\dillon_fits\ztf_cutouts\ztf_cutouts_no_interp\ZTF18acbzpag_epoch_2.fits,5.276584135782017e+28,True,False,False,,True,14.0,14.0,5.276584135782017e+28,True,6,6,5.276584135782017e+28,5.276584135782017e+28,1.1855191700262431e+28,4.450863612492418,True,,,,,C:\Research\bts_vlass_cross_matching\gaussian_adjusted_luminosity_arrays\ZTF18acbzpag_epoch_2_gaussian_adjusted_13x13_lum.npy
ZTF18acbzpag,3,11:58:49.38,+35:08:01.8,SN Ia,0.07,300.00000000000006,1885.564490308045,4.457947055449106e+28,1.3759407271373078e+28,0.4139759694226086,0.127775109547923,final_luminosity_arrays\ZTF18acbzpag_epoch_3_lum.npy,dillon_extracting_files\dillon_fits\ztf_cutouts\ztf_cutouts_no_interp\ZTF18acbzpag_epoch_3.fits,1.18739750539212e+28,False,False,False,Original Detection is False; no Gaussian subtraction attempted,,,,,True,5,6,4.457947055449106e+28,4.457947055449106e+28,1.3759607210131503e+28,3.239879589125641,False,,,,,C:\Research\bts_vlass_cross_matching\gaussian_adjusted_luminosity_arrays\ZTF18acbzpag_epoch_3_gaussian_adjusted_13x13_lum.npy
ZTF18accdvrb,1,10:05:47.94,-17:26:03.8,SN Ia,0.01659,71.1,-237.43101938845723,5.190351757638722e+27,1.0389594711867056e+27,0.8581047877669336,0.1717704489243136,final_luminosity_arrays\ZTF18accdvrb_epoch_1_lum.npy,dillon_extracting_files\dillon_fits\ztf_cutouts\ztf_cutouts_no_interp\ZTF18accdvrb_epoch_1.fits,4.020315728408911e+27,True,False,False,,True,14.0,13.0,5.190351757638722e+27,True,6,5,5.190351757638722e+27,5.190351757638722e+27,1.0389745683680463e+27,4.995648513121345,True,,,,,C:\Research\bts_vlass_cross_matching\gaussian_adjusted_luminosity_arrays\ZTF18accdvrb_epoch_1_gaussian_adjusted_13x13_lum.npy
ZTF18accdvrb,2,10:05:47.94,-17:26:03.8,SN Ia,0.01659,71.1,736.4129098258769,5.710542165685692e+27,1.2284211584547343e+27,0.9441062575206162,0.2030940183016786,final_luminosity_arrays\ZTF18accdvrb_epoch_2_lum.npy,dillon_extracting_files\dillon_fits\ztf_cutouts\ztf_cutouts_no_interp\ZTF18accdvrb_epoch_2.fits,5.710542165685692e+27,True,False,False,,True,14.0,14.0,5.710542165685692e+27,True,6,6,5.710542165685692e+27,5.710542165685692e+27,1.2284390087150249e+27,4.648616760924133,True,,,,,C:\Research\bts_vlass_cross_matching\gaussian_adjusted_luminosity_arrays\ZTF18accdvrb_epoch_2_gaussian_adjusted_13x13_lum.npy
ZTF18accdvrb,3,10:05:47.94,-17:26:03.8,SN Ia,0.01659,71.1,1665.991205894105,5.951286912098743e+27,9.957430617189814e+26,0.9839078411459924,0.1646255099146245,final_luminosity_arrays\ZTF18accdvrb_epoch_3_lum.npy,dillon_extracting_files\dillon_fits\ztf_cutouts\ztf_cutouts_no_interp\ZTF18accdvrb_epoch_3.fits,4.7218809848333777e+27,True,False,False,,True,14.0,13.0,5.951286912098743e+27,True,6,5,5.951286912098743e+27,5.951286912098743e+27,9.957575309201278e+26,5.976642633673548,True,,,,,C:\Research\bts_vlass_cross_matching\gaussian_adjusted_luminosity_arrays\ZTF18accdvrb_epoch_3_gaussian_adjusted_13x13_lum.npy
ZTF18accdxpa,1,16:36:15.78,+66:14:24.9,SN Ia,0.024,102.85714285714286,-370.17578125005457,2.886954176642559e+28,1.4564788587414388e+27,2.2806241177022457,0.1150599862853379,final_luminosity_arrays\ZTF18accdxpa_epoch_1_lum.npy,dillon_extracting_files\dillon_fits\ztf_cutouts\ztf_cutouts_no_interp\ZTF18accdxpa_epoch_1.fits,1.391350166940918e+28,True,False,False,,True,14.0,15.0,2.886954176642559e+28,True,6,7,2.886954176642559e+28,2.886954176642559e+28,1.45650002292162e+27,19.82117494822667,True,,,,,C:\Research\bts_vlass_cross_matching\gaussian_adjusted_luminosity_arrays\ZTF18accdxpa_epoch_1_gaussian_adjusted_13x13_lum.npy
ZTF18accdxpa,2,16:36:15.78,+66:14:24.9,SN Ia,0.024,102.85714285714286,633.7304687499454,3.362847437743049e+28,1.899253329390303e+27,2.656568307429552,0.1500386090196074,final_luminosity_arrays\ZTF18accdxpa_epoch_2_lum.npy,dillon_extracting_files\dillon_fits\ztf_cutouts\ztf_cutouts_no_interp\ZTF18accdxpa_epoch_2.fits,2.1581145229743767e+28,True,False,False,,True,14.0,15.0,3.362847437743049e+28,True,6,7,3.362847437743049e+28,3.362847437743049e+28,1.8992809275524271e+27,17.705898000443234,True,,,,,C:\Research\bts_vlass_cross_matching\gaussian_adjusted_luminosity_arrays\ZTF18accdxpa_epoch_2_gaussian_adjusted_13x13_lum.npy
ZTF18accdxpa,3,16:36:15.78,+66:14:24.9,SN Ia,0.024,102.85714285714286,1546.8164062499454,2.994483663500936e+28,1.7996807006037625e+27,2.36556981690228,0.142172497380696,final_luminosity_arrays\ZTF18accdxpa_epoch_3_lum.npy,dillon_extracting_files\dillon_fits\ztf_cutouts\ztf_cutouts_no_interp\ZTF18accdxpa_epoch_3.fits,1.83023195072891e+28,True,False,False,,True,14.0,15.0,2.994483663500936e+28,True,6,7,2.994483663500936e+28,2.994483663500936e+28,1.7997068518701455e+27,16.638730137573525,True,,,,,C:\Research\bts_vlass_cross_matching\gaussian_adjusted_luminosity_arrays\ZTF18accdxpa_epoch_3_gaussian_adjusted_13x13_lum.npy
ZTF18acjpret,1,19:01:41.89,+40:45:03.7,SN IIn,0.01516,64.97142857142858,-1742.8779699749928,5.993517298597809e+27,1.2182171153596864e+27,1.186641864478588,0.2411953387311525,final_luminosity_arrays\ZTF18acjpret_epoch_1_lum.npy,dillon_extracting_files\dillon_fits\ztf_cutouts\ztf_cutouts_no_interp\ZTF18acjpret_epoch_1.fits,5.584264095315716e+27,True,False,False,,True,13.0,13.0,5.993517298597809e+27,True,5,5,5.993517298597809e+27,5.993517298597809e+27,1.2182348173444254e+27,4.919837467511234,True,,,,,C:\Research\bts_vlass_cross_matching\gaussian_adjusted_luminosity_arrays\ZTF18acjpret_epoch_1_gaussian_adjusted_13x13_lum.npy
ZTF18acjpret,2,19:01:41.89,+40:45:03.7,SN IIn,0.01516,64.97142857142858,-679.9913314155539,9.146646836654948e+27,1.652278725599333e+27,1.810922287404537,0.3271353865206055,final_luminosity_arrays\ZTF18acjpret_epoch_2_lum.npy,dillon_extracting_files\dillon_fits\ztf_cutouts\ztf_cutouts_no_interp\ZTF18acjpret_epoch_2.fits,9.146646836654948e+27,True,False,False,,True,14.0,14.0,9.146646836654949e+27,True,6,6,9.146646836654949e+27,9.146646836654949e+27,1.652302734958926e+27,5.5356967238103145,True,,,,,C:\Research\bts_vlass_cross_matching\gaussian_adjusted_luminosity_arrays\ZTF18acjpret_epoch_2_gaussian_adjusted_13x13_lum.npy
ZTF18acjpret,3,19:01:41.89,+40:45:03.7,SN IIn,0.01516,64.97142857142858,197.7028251706,6.256883530345701e+27,1.1299687832273456e+27,1.238785102032125,0.2237230129094663,final_luminosity_arrays\ZTF18acjpret_epoch_3_lum.npy,dillon_extracting_files\dillon_fits\ztf_cutouts\ztf_cutouts_no_interp\ZTF18acjpret_epoch_3.fits,4.7777195266678015e+27,True,True,True,,False,16.0,14.0,6.976251357910557e+27,False,3,7,4.405559827252638e+27,3.2205023607493495e+27,9.50744817773316e+26,3.3873467417807235,False,5.744050817632859e+27,2.935437472064066,2.1776422471856294,0.0,C:\Research\bts_vlass_cross_matching\gaussian_adjusted_luminosity_arrays\ZTF18acjpret_epoch_3_gaussian_adjusted_13x13_lum.npy
ZTF18acnbgrb,1,13:31:56.09,+44:08:21.6,SN Ia,0.0335,143.57142857142858,119.48041534515384,1.4330221138311098e+28,4.0695802625270985e+27,0.5810313741676509,0.1650070957642757,final_luminosity_arrays\ZTF18acnbgrb_epoch_1_lum.npy,dillon_extracting_files\dillon_fits\ztf_cutouts\ztf_cutouts_no_interp\ZTF18acnbgrb_epoch_1.fits,1.4120894863679917e+28,False,False,False,Original Detection is False; no Gaussian subtraction attempted,,,,,False,11,7,1.8886666301891444e+28,1.4330221138311098e+28,4.069639397837867e+27,3.5212508375863747,False,,,,,C:\Research\bts_vlass_cross_matching\gaussian_adjusted_luminosity_arrays\ZTF18acnbgrb_epoch_1_gaussian_adjusted_13x13_lum.npy
ZTF18acnbgrb,2,13:31:56.09,+44:08:21.6,SN Ia,0.0335,143.57142857142858,1066.746985253233,1.3483459742449432e+28,3.3986011756413347e+27,0.5466986913233995,0.1378012653583572,final_luminosity_arrays\ZTF18acnbgrb_epoch_2_lum.npy,dillon_extracting_files\dillon_fits\ztf_cutouts\ztf_cutouts_no_interp\ZTF18acnbgrb_epoch_2.fits,7.426284256337517e+27,False,False,False,Original Detection is False; no Gaussian subtraction attempted,,,,,False,6,8,1.605300289405812e+28,1.3483459742449432e+28,3.3986505609154264e+27,3.9672980498523693,False,,,,,C:\Research\bts_vlass_cross_matching\gaussian_adjusted_luminosity_arrays\ZTF18acnbgrb_epoch_2_gaussian_adjusted_13x13_lum.npy
ZTF18acnbgrb,3,13:31:56.09,+44:08:21.6,SN Ia,0.0335,143.57142857142858,1985.9535648371711,1.740717568166744e+28,3.705160207279426e+27,0.7057891925796868,0.150231150562169,final_luminosity_arrays\ZTF18acnbgrb_epoch_3_lum.npy,dillon_extracting_files\dillon_fits\ztf_cutouts\ztf_cutouts_no_interp\ZTF18acnbgrb_epoch_3.fits,1.5089053468499492e+28,True,True,True,,False,19.0,14.0,2.28638224518833e+28,True,7,6,1.7369330767968146e+28,1.7369330767968146e+28,3.667530610774918e+27,4.735974313871686,True,1.550422755891149e+28,1.1304112940714706,1.1532242586570571,7.359594892971811e+27,C:\Research\bts_vlass_cross_matching\gaussian_adjusted_luminosity_arrays\ZTF18acnbgrb_epoch_3_gaussian_adjusted_13x13_lum.npy
ZTF18acpdvos,1,10:06:50.87,+01:41:34.0,TDE,0.04573,195.9857142857143,-291.3180266418008,8.684698161134372e+27,6.103716032405134e+27,0.1889681589091197,0.132811148987175,final_luminosity_arrays\ZTF18acpdvos_epoch_1_lum.npy,dillon_extracting_files\dillon_fits\ztf_cutouts\ztf_cutouts_no_interp\ZTF18acpdvos_epoch_1.fits,8.684698161134372e+27,False,False,False,Original Detection is False; no Gaussian subtraction attempted,,,,,False,2,3,1.9741387979771563e+28,8.684698161134372e+27,6.10380472586272e+27,1.4228335523802105,False,,,,,C:\Research\bts_vlass_cross_matching\gaussian_adjusted_luminosity_arrays\ZTF18acpdvos_epoch_1_gaussian_adjusted_13x13_lum.npy
ZTF18acpdvos,2,10:06:50.87,+01:41:34.0,TDE,0.04573,195.9857142857143,645.8263605327088,2.6237697921427325e+28,7.164790884830866e+27,0.5708994576707482,0.1558991448185487,final_luminosity_arrays\ZTF18acpdvos_epoch_2_lum.npy,dillon_extracting_files\dillon_fits\ztf_cutouts\ztf_cutouts_no_interp\ZTF18acpdvos_epoch_2.fits,2.6237697921427325e+28,False,False,False,Original Detection is False; no Gaussian subtraction attempted,,,,,True,6,6,2.6237697921427325e+28,2.6237697921427325e+28,7.164894996829703e+27,3.661979405565174,False,,,,,C:\Research\bts_vlass_cross_matching\gaussian_adjusted_luminosity_arrays\ZTF18acpdvos_epoch_2_gaussian_adjusted_13x13_lum.npy
ZTF18acpdvos,3,10:06:50.87,+01:41:34.0,TDE,0.04573,195.9857142857143,1485.431229858443,7.490240094044145e+29,6.298719667416945e+27,16.297824680805206,0.1370542455999755,final_luminosity_arrays\ZTF18acpdvos_epoch_3_lum.npy,dillon_extracting_files\dillon_fits\ztf_cutouts\ztf_cutouts_no_interp\ZTF18acpdvos_epoch_3.fits,7.490240094044145e+29,True,False,False,,True,14.0,14.0,7.490240094044145e+29,True,6,6,7.490240094044145e+29,7.490240094044145e+29,6.298811194483852e+27,118.91513910757763,True,,,,,C:\Research\bts_vlass_cross_matching\gaussian_adjusted_luminosity_arrays\ZTF18acpdvos_epoch_3_gaussian_adjusted_13x13_lum.npy
ZTF18acqnzso,1,08:43:17.25,+52:45:29.1,SN Ia,0.05874,251.7428571428572,-1761.8744923211418,1.637121193184862e+29,8.530457087608028e+27,2.1589831449091426,0.112498578403003,final_luminosity_arrays\ZTF18acqnzso_epoch_1_lum.npy,dillon_extracting_files\dillon_fits\ztf_cutouts\ztf_cutouts_no_interp\ZTF18acqnzso_epoch_1.fits,1.637121193184862e+29,True,False,False,,True,14.0,14.0,1.637121193184862e+29,True,6,6,1.637121193184862e+29,1.637121193184862e+29,8.530581044182986e+27,19.19120379614958,True,,,,,C:\Research\bts_vlass_cross_matching\gaussian_adjusted_luminosity_arrays\ZTF18acqnzso_epoch_1_gaussian_adjusted_13x13_lum.npy
ZTF18acqnzso,2,08:43:17.25,+52:45:29.1,SN Ia,0.05874,251.7428571428572,-714.4029695676801,1.5101546221982115e+29,1.00185670079341e+28,1.9915436860173927,0.1321235819432332,final_luminosity_arrays\ZTF18acqnzso_epoch_2_lum.npy,dillon_extracting_files\dillon_fits\ztf_cutouts\ztf_cutouts_no_interp\ZTF18acqnzso_epoch_2.fits,1.4080071489058996e+29,True,False,False,,True,13.0,14.0,1.5101546221982115e+29,True,5,6,1.5101546221982115e+29,1.5101546221982115e+29,1.001871258832206e+28,15.073340101186924,True,,,,,C:\Research\bts_vlass_cross_matching\gaussian_adjusted_luminosity_arrays\ZTF18acqnzso_epoch_2_gaussian_adjusted_13x13_lum.npy
ZTF18acqnzso,3,08:43:17.25,+52:45:29.1,SN Ia,0.05874,251.7428571428572,88.43814345345818,1.5503398905166687e+29,8.687771628245398e+27,2.044538734480738,0.1145732224697945,final_luminosity_arrays\ZTF18acqnzso_epoch_3_lum.npy,dillon_extracting_files\dillon_fits\ztf_cutouts\ztf_cutouts_no_interp\ZTF18acqnzso_epoch_3.fits,1.5503398905166687e+29,True,False,False,,True,14.0,14.0,1.5503398905166687e+29,True,6,6,1.5503398905166687e+29,1.5503398905166687e+29,8.687897870767223e+27,17.844821769063444,True,,,,,C:\Research\bts_vlass_cross_matching\gaussian_adjusted_luminosity_arrays\ZTF18acqnzso_epoch_3_gaussian_adjusted_13x13_lum.npy
ZTF18acqugen,1,12:59:06.86,+08:57:11.7,SN Ia,0.0568,243.42857142857144,-370.2209405751721,5.979098814584741e+28,1.073257440068424e+28,0.8432869217358527,0.1513734999989418,final_luminosity_arrays\ZTF18acqugen_epoch_1_lum.npy,dillon_extracting_files\dillon_fits\ztf_cutouts\ztf_cutouts_no_interp\ZTF18acqugen_epoch_1.fits,5.979098814584741e+28,True,False,False,,True,14.0,14.0,5.979098814584741e+28,True,6,6,5.979098814584741e+28,5.979098814584741e+28,1.0732730356355725e+28,5.5709019197002645,True,,,,,C:\Research\bts_vlass_cross_matching\gaussian_adjusted_luminosity_arrays\ZTF18acqugen_epoch_1_gaussian_adjusted_13x13_lum.npy
ZTF18acqugen,2,12:59:06.86,+08:57:11.7,SN Ia,0.0568,243.42857142857144,508.8479466314895,4.651823110163849e+28,8.254938960256191e+27,0.6560891051776705,0.116428636414758,final_luminosity_arrays\ZTF18acqugen_epoch_2_lum.npy,dillon_extracting_files\dillon_fits\ztf_cutouts\ztf_cutouts_no_interp\ZTF18acqugen_epoch_2.fits,4.651823110163849e+28,True,False,False,,True,14.0,14.0,4.651823110163849e+28,True,6,6,4.651823110163849e+28,4.651823110163849e+28,8.255058913260992e+27,5.635118003447709,True,,,,,C:\Research\bts_vlass_cross_matching\gaussian_adjusted_luminosity_arrays\ZTF18acqugen_epoch_2_gaussian_adjusted_13x13_lum.npy
ZTF18acqugen,3,12:59:06.86,+08:57:11.7,SN Ia,0.0568,243.42857142857144,1435.229475776077,4.822078674229178e+28,1.0028482037708766e+28,0.6801018025726078,0.1414428979525839,final_luminosity_arrays\ZTF18acqugen_epoch_3_lum.npy,dillon_extracting_files\dillon_fits\ztf_cutouts\ztf_cutouts_no_interp\ZTF18acqugen_epoch_3.fits,4.822078674229178e+28,True,False,False,,True,14.0,14.0,4.822078674229178e+28,True,6,6,4.822078674229178e+28,4.822078674229178e+28,1.0028627762172605e+28,4.808313548557237,True,,,,,C:\Research\bts_vlass_cross_matching\gaussian_adjusted_luminosity_arrays\ZTF18acqugen_epoch_3_gaussian_adjusted_13x13_lum.npy
ZTF18acskxpn,1,02:51:50.96,+43:36:53.3,SN Ia,0.054,231.42857142857144,124.954459203082,3.146768859380976e+28,9.40673383910092e+27,0.4910363350063563,0.146789148959021,final_luminosity_arrays\ZTF18acskxpn_epoch_1_lum.npy,dillon_extracting_files\dillon_fits\ztf_cutouts\ztf_cutouts_no_interp\ZTF18acskxpn_epoch_1.fits,2.1971626813352485e+28,False,False,False,Original Detection is False; no Gaussian subtraction attempted,,,,,True,7,7,3.1467688593809756e+28,3.1467688593809756e+28,9.406870528905027e+27,3.34518142852261,False,,,,,C:\Research\bts_vlass_cross_matching\gaussian_adjusted_luminosity_arrays\ZTF18acskxpn_epoch_1_gaussian_adjusted_13x13_lum.npy
ZTF18acskxpn,2,02:51:50.96,+43:36:53.3,SN Ia,0.054,231.42857142857144,1001.6148007590592,3.397239789619892e+28,8.88453463215787e+27,0.5301209748722613,0.1386403931331017,final_luminosity_arrays\ZTF18acskxpn_epoch_2_lum.npy,dillon_extracting_files\dillon_fits\ztf_cutouts\ztf_cutouts_no_interp\ZTF18acskxpn_epoch_2.fits,2.802399260126332e+28,False,False,False,Original Detection is False; no Gaussian subtraction attempted,,,,,True,7,6,3.397239789619892e+28,3.397239789619892e+28,8.884663733854508e+27,3.8237122882601646,False,,,,,C:\Research\bts_vlass_cross_matching\gaussian_adjusted_luminosity_arrays\ZTF18acskxpn_epoch_2_gaussian_adjusted_13x13_lum.npy
ZTF18acskxpn,3,02:51:50.96,+43:36:53.3,SN Ia,0.054,231.42857142857144,1897.250474383348,3.8730196298119535e+28,8.818560733754065e+27,0.6043638568371533,0.1376108910162299,final_luminosity_arrays\ZTF18acskxpn_epoch_3_lum.npy,dillon_extracting_files\dillon_fits\ztf_cutouts\ztf_cutouts_no_interp\ZTF18acskxpn_epoch_3.fits,3.8730196298119535e+28,True,False,False,,True,14.0,14.0,3.8730196298119544e+28,True,6,6,3.8730196298119544e+28,3.8730196298119544e+28,8.818688876780094e+27,4.391831579419642,True,,,,,C:\Research\bts_vlass_cross_matching\gaussian_adjusted_luminosity_arrays\ZTF18acskxpn_epoch_3_gaussian_adjusted_13x13_lum.npy
ZTF18actxcuh,1,00:02:55.88,-26:54:52.2,SN Ia,0.06659,285.3857142857143,206.13356584992323,2.485337890752456e+29,2.037973144489252e+28,2.550373086705804,0.2091332291270362,final_luminosity_arrays\ZTF18actxcuh_epoch_1_lum.npy,dillon_extracting_files\dillon_fits\ztf_cutouts\ztf_cutouts_no_interp\ZTF18actxcuh_epoch_1.fits,2.303203524911656e+29,True,True,True,,False,17.0,16.0,2.6436375587145833e+29,True,5,6,2.4787333731656908e+29,2.4787333731656908e+29,2.0744444618034357e+28,11.948902073814901,True,1.945409423291227e+29,1.0884358681617896,1.414696012821935,6.982281354233563e+28,C:\Research\bts_vlass_cross_matching\gaussian_adjusted_luminosity_arrays\ZTF18actxcuh_epoch_1_gaussian_adjusted_13x13_lum.npy
ZTF18actxcuh,2,00:02:55.88,-26:54:52.2,SN Ia,0.06659,285.3857142857143,1102.4479884490477,2.618998069946264e+29,2.0640784604819417e+28,2.687530824914574,0.2118121108609272,final_luminosity_arrays\ZTF18actxcuh_epoch_2_lum.npy,dillon_extracting_files\dillon_fits\ztf_cutouts\ztf_cutouts_no_interp\ZTF18actxcuh_epoch_2.fits,2.402324175616826e+29,True,False,False,,True,13.0,14.0,2.618998069946264e+29,True,5,6,2.618998069946264e+29,2.618998069946264e+29,2.0641084537277645e+28,12.688277426587605,True,,,,,C:\Research\bts_vlass_cross_matching\gaussian_adjusted_luminosity_arrays\ZTF18actxcuh_epoch_2_gaussian_adjusted_13x13_lum.npy
ZTF18actxcuh,3,00:02:55.88,-26:54:52.2,SN Ia,0.06659,285.3857142857143,1996.88727627286,2.526984628101344e+29,1.7807175037453142e+28,2.593109617009759,0.1827341065451692,final_luminosity_arrays\ZTF18actxcuh_epoch_3_lum.npy,dillon_extracting_files\dillon_fits\ztf_cutouts\ztf_cutouts_no_interp\ZTF18actxcuh_epoch_3.fits,2.526984628101344e+29,True,True,True,,False,17.0,16.0,2.7513102754509284e+29,True,6,6,2.497683875151559e+29,2.497683875151559e+29,1.7515902668861654e+28,14.259521318257484,True,2.1339817191857536e+29,1.0712377327032474,1.3296512259564168,6.173285562651749e+28,C:\Research\bts_vlass_cross_matching\gaussian_adjusted_luminosity_arrays\ZTF18actxcuh_epoch_3_gaussian_adjusted_13x13_lum.npy
ZTF18acxijqw,1,00:54:27.62,+24:37:43.9,SN Ia,0.08,342.85714285714283,88.71515989389822,2.1037426821094773e+29,1.7964805798663685e+28,1.4957153471186757,0.1277277227037291,final_luminosity_arrays\ZTF18acxijqw_epoch_1_lum.npy,dillon_extracting_files\dillon_fits\ztf_cutouts\ztf_cutouts_no_interp\ZTF18acxijqw_epoch_1.fits,1.4345268507690676e+29,True,False,False,,True,15.0,14.0,2.1037426821094773e+29,True,7,6,2.1037426821094773e+29,2.1037426821094773e+29,1.7965066846316083e+28,11.710185662575872,True,,,,,C:\Research\bts_vlass_cross_matching\gaussian_adjusted_luminosity_arrays\ZTF18acxijqw_epoch_1_gaussian_adjusted_13x13_lum.npy
ZTF18acxijqw,2,00:54:27.62,+24:37:43.9,SN Ia,0.08,342.85714285714283,1006.3077524864908,2.1509574963823085e+29,1.651689613760828e+28,1.529284054413438,0.1174332499574058,final_luminosity_arrays\ZTF18acxijqw_epoch_2_lum.npy,dillon_extracting_files\dillon_fits\ztf_cutouts\ztf_cutouts_no_interp\ZTF18acxijqw_epoch_2.fits,1.556508128590505e+29,True,False,False,,True,15.0,14.0,2.1509574963823085e+29,True,7,6,2.1509574963823085e+29,2.1509574963823085e+29,1.651713614560002e+28,13.022581381066471,True,,,,,C:\Research\bts_vlass_cross_matching\gaussian_adjusted_luminosity_arrays\ZTF18acxijqw_epoch_2_gaussian_adjusted_13x13_lum.npy
ZTF18acxijqw,3,00:54:27.62,+24:37:43.9,SN Ia,0.08,342.85714285714283,1894.2707154494533,2.0552186057345512e+29,1.807493391761838e+28,1.4612157829105854,0.1285107210838605,final_luminosity_arrays\ZTF18acxijqw_epoch_3_lum.npy,dillon_extracting_files\dillon_fits\ztf_cutouts\ztf_cutouts_no_interp\ZTF18acxijqw_epoch_3.fits,1.6416581409390606e+29,True,False,False,,True,15.0,14.0,2.0552186057345512e+29,True,7,6,2.0552186057345512e+29,2.0552186057345512e+29,1.8075196565548973e+28,11.370380389952517,True,,,,,C:\Research\bts_vlass_cross_matching\gaussian_adjusted_luminosity_arrays\ZTF18acxijqw_epoch_3_gaussian_adjusted_13x13_lum.npy
ZTF19aainjqn,1,04:12:14.99,-06:42:09.2,SN Ia,0.0315,135.0,-419.067375361468,3.7514749891132217e+28,3.891252568957592e+27,1.720351749099791,0.178447689461534,final_luminosity_arrays\ZTF19aainjqn_epoch_1_lum.npy,dillon_extracting_files\dillon_fits\ztf_cutouts\ztf_cutouts_no_interp\ZTF19aainjqn_epoch_1.fits,1.5831958877247009e+28,True,True,True,,False,13.0,12.0,4.939406820483745e+28,False,3,5,2.714692165097957e+28,1.354154780888396e+28,3.9064017091751525e+27,3.4665016086487674,False,3.397912515771193e+28,1.1972661342019857,1.210370670301854,1.5414943047125517e+28,C:\Research\bts_vlass_cross_matching\gaussian_adjusted_luminosity_arrays\ZTF19aainjqn_epoch_1_gaussian_adjusted_13x13_lum.npy
ZTF19aainjqn,2,04:12:14.99,-06:42:09.2,SN Ia,0.0315,135.0,504.8298616719785,4.010242247906705e+28,4.668038795936085e+27,1.839017262682319,0.2140700770998126,final_luminosity_arrays\ZTF19aainjqn_epoch_2_lum.npy,dillon_extracting_files\dillon_fits\ztf_cutouts\ztf_cutouts_no_interp\ZTF19aainjqn_epoch_2.fits,1.7741674442806055e+28,True,True,True,,False,12.0,12.0,4.591179413659974e+28,True,5,5,2.7291900509342903e+28,2.7291900509342903e+28,4.900357383870075e+27,5.56936940949989,True,2.6672839682246273e+28,1.23639316497934,1.109336471682756,1.9238954454353467e+28,C:\Research\bts_vlass_cross_matching\gaussian_adjusted_luminosity_arrays\ZTF19aainjqn_epoch_2_gaussian_adjusted_13x13_lum.npy
ZTF19aainjqn,3,04:12:14.99,-06:42:09.2,SN Ia,0.0315,135.0,1448.1163376777952,4.372083172073807e+28,3.278998497590116e+27,2.0049503073096275,0.1503705285826628,final_luminosity_arrays\ZTF19aainjqn_epoch_3_lum.npy,dillon_extracting_files\dillon_fits\ztf_cutouts\ztf_cutouts_no_interp\ZTF19aainjqn_epoch_3.fits,2.268968890757728e+28,True,True,True,,False,12.0,12.0,5.612177982786255e+28,False,5,3,3.3699935010256897e+28,2.627712824984e+28,3.307166299922856e+27,7.945511615322443,False,3.628934737749588e+28,1.1735780130642524,1.1632429484628923,1.983243245036667e+28,C:\Research\bts_vlass_cross_matching\gaussian_adjusted_luminosity_arrays\ZTF19aainjqn_epoch_3_gaussian_adjusted_13x13_lum.npy
ZTF19aakisqk,1,11:10:11.75,+05:14:31.4,SN Ia,0.077,330.0,-415.4317548745826,1.2507073979859698e+29,1.7996326050462418e+28,0.9598659235052764,0.138116326507163,final_luminosity_arrays\ZTF19aakisqk_epoch_1_lum.npy,dillon_extracting_files\dillon_fits\ztf_cutouts\ztf_cutouts_no_interp\ZTF19aakisqk_epoch_1.fits,4.790337820533281e+28,True,False,False,,True,15.0,15.0,1.2507073979859698e+29,True,7,7,1.2507073979859698e+29,1.2507073979859698e+29,1.7996587556137462e+28,6.949691957347965,True,,,,,C:\Research\bts_vlass_cross_matching\gaussian_adjusted_luminosity_arrays\ZTF19aakisqk_epoch_1_gaussian_adjusted_13x13_lum.npy
ZTF19aakisqk,2,11:10:11.75,+05:14:31.4,SN Ia,0.077,330.0,487.0752089137182,1.0986482360339965e+29,2.093702213842577e+28,0.8431668393313885,0.1606852741859614,final_luminosity_arrays\ZTF19aakisqk_epoch_2_lum.npy,dillon_extracting_files\dillon_fits\ztf_cutouts\ztf_cutouts_no_interp\ZTF19aakisqk_epoch_2.fits,1.8126413436368064e+28,True,True,True,,False,16.0,15.0,1.5049855087148752e+29,False,10,2,9.480907177466932e+28,3.4576835159261793e+28,2.0613102821545115e+28,1.677420204934969,False,1.1947409042460514e+29,1.0407767331956244,1.1981321407281118,3.102446044688237e+28,C:\Research\bts_vlass_cross_matching\gaussian_adjusted_luminosity_arrays\ZTF19aakisqk_epoch_2_gaussian_adjusted_13x13_lum.npy
ZTF19aakisqk,3,11:10:11.75,+05:14:31.4,SN Ia,0.077,330.0,1359.8700092851202,1.5759728196364644e+29,1.933910215827063e+28,1.2094936100766065,0.1484217245540767,final_luminosity_arrays\ZTF19aakisqk_epoch_3_lum.npy,dillon_extracting_files\dillon_fits\ztf_cutouts\ztf_cutouts_no_interp\ZTF19aakisqk_epoch_3.fits,4.788426913077514e+28,True,True,True,,False,16.0,15.0,1.8779279007361488e+29,False,10,3,5.872694185956646e+28,5.0773889696983595e+28,1.926327462020977e+28,2.6357870454546157,False,1.7769175374050445e+29,1.0846701050924599,1.1301568295865412,1.0101036333110422e+28,C:\Research\bts_vlass_cross_matching\gaussian_adjusted_luminosity_arrays\ZTF19aakisqk_epoch_3_gaussian_adjusted_13x13_lum.npy
ZTF19aakkths,1,03:01:10.42,+41:23:45.7,SN IIb,0.0124,53.142857142857146,124.19795462179448,3.2998102079543804e+27,4.366419010762014e+26,0.9765216964296995,0.1292184880348012,final_luminosity_arrays\ZTF19aakkths_epoch_1_lum.npy,dillon_extracting_files\dillon_fits\ztf_cutouts\ztf_cutouts_no_interp\ZTF19aakkths_epoch_1.fits,3.2998102079543804e+27,True,False,False,,True,14.0,14.0,3.2998102079543804e+27,True,6,6,3.2998102079543804e+27,3.2998102079543804e+27,4.3664824594541376e+26,7.557136066835125,True,,,,,C:\Research\bts_vlass_cross_matching\gaussian_adjusted_luminosity_arrays\ZTF19aakkths_epoch_1_gaussian_adjusted_13x13_lum.npy
ZTF19aakkths,2,03:01:10.42,+41:23:45.7,SN IIb,0.0124,53.142857142857146,960.8237942108896,8.774824092295118e+26,4.915476421742138e+26,0.2596757258288562,0.1454671275529707,final_luminosity_arrays\ZTF19aakkths_epoch_2_lum.npy,dillon_extracting_files\dillon_fits\ztf_cutouts\ztf_cutouts_no_interp\ZTF19aakkths_epoch_2.fits,8.774824092295118e+26,False,False,False,Original Detection is False; no Gaussian subtraction attempted,,,,,False,5,11,1.4897694004630986e+27,8.774824092295118e+26,4.9155478488198765e+26,1.7851161990828297,False,,,,,C:\Research\bts_vlass_cross_matching\gaussian_adjusted_luminosity_arrays\ZTF19aakkths_epoch_2_gaussian_adjusted_13x13_lum.npy
ZTF19aakkths,3,03:01:10.42,+41:23:45.7,SN IIb,0.0124,53.142857142857146,1919.9308665143271,2.4029386159290456e+26,4.279579948274656e+26,0.0711108077666722,0.1266485989954491,final_luminosity_arrays\ZTF19aakkths_epoch_3_lum.npy,dillon_extracting_files\dillon_fits\ztf_cutouts\ztf_cutouts_no_interp\ZTF19aakkths_epoch_3.fits,-1.9700943674113013e+26,False,False,False,Original Detection is False; no Gaussian subtraction attempted,,,,,False,0,3,1.2129839909463721e+27,2.4029386159290456e+26,4.279642135103241e+26,0.5614812033509147,False,,,,,C:\Research\bts_vlass_cross_matching\gaussian_adjusted_luminosity_arrays\ZTF19aakkths_epoch_3_gaussian_adjusted_13x13_lum.npy
ZTF19aakpfax,1,16:51:12.40,+62:31:03.8,SN Ia,0.0799,342.42857142857144,-469.0557553339999,9.2051719995472e+28,1.893401833924144e+28,0.656106974929571,0.1349558923181557,final_luminosity_arrays\ZTF19aakpfax_epoch_1_lum.npy,dillon_extracting_files\dillon_fits\ztf_cutouts\ztf_cutouts_no_interp\ZTF19aakpfax_epoch_1.fits,3.793356676086793e+28,True,True,True,,False,14.0,12.0,1.2397118680245262e+29,False,11,2,3.452644931513789e+28,2.7169350631974716e+28,1.8518146989244056e+28,1.4671743694309998,False,1.404088805135133e+29,0.8824486938435646,1.431074161192439,-1.3792593736331267e+28,C:\Research\bts_vlass_cross_matching\gaussian_adjusted_luminosity_arrays\ZTF19aakpfax_epoch_1_gaussian_adjusted_13x13_lum.npy
ZTF19aakpfax,2,16:51:12.40,+62:31:03.8,SN Ia,0.0799,342.42857142857144,501.4044724648703,4.227579081449049e+28,2.014214733383264e+28,0.3013245295733214,0.1435670663214351,final_luminosity_arrays\ZTF19aakpfax_epoch_2_lum.npy,dillon_extracting_files\dillon_fits\ztf_cutouts\ztf_cutouts_no_interp\ZTF19aakpfax_epoch_2.fits,-2.605560644970518e+28,False,False,False,Original Detection is False; no Gaussian subtraction attempted,,,,,False,6,4,1.2457288017632712e+29,4.227579081449049e+28,2.0142440020563286e+28,2.098841588771341,False,,,,,C:\Research\bts_vlass_cross_matching\gaussian_adjusted_luminosity_arrays\ZTF19aakpfax_epoch_2_gaussian_adjusted_13x13_lum.npy
ZTF19aakpfax,3,16:51:12.40,+62:31:03.8,SN Ia,0.0799,342.42857142857144,1337.5930084404235,1.4356697242293874e+29,1.7971684721846325e+28,1.023286604322493,0.1280966725943556,final_luminosity_arrays\ZTF19aakpfax_epoch_3_lum.npy,dillon_extracting_files\dillon_fits\ztf_cutouts\ztf_cutouts_no_interp\ZTF19aakpfax_epoch_3.fits,9.157788176779286e+28,True,False,False,,True,14.0,13.0,1.4356697242293874e+29,True,6,5,1.4356697242293874e+29,1.4356697242293874e+29,1.797194586945677e+28,7.988393325117348,True,,,,,C:\Research\bts_vlass_cross_matching\gaussian_adjusted_luminosity_arrays\ZTF19aakpfax_epoch_3_gaussian_adjusted_13x13_lum.npy
ZTF19aakswrb,1,15:09:15.96,+16:14:22.4,TDE,0.1206,516.8571428571429,32.531679457500005,-1.58702475803277e+28,4.831050745061025e+28,-0.0496507018397096,0.1511435435362704,final_luminosity_arrays\ZTF19aakswrb_epoch_1_lum.npy,dillon_extracting_files\dillon_fits\ztf_cutouts\ztf_cutouts_no_interp\ZTF19aakswrb_epoch_1.fits,-7.628718243980895e+28,False,False,False,Original Detection is False; no Gaussian subtraction attempted,,,,,False,0,11,1.0228468401155e+29,-1.58702475803277e+28,4.831120945344278e+28,-0.32850031617655445,False,,,,,C:\Research\bts_vlass_cross_matching\gaussian_adjusted_luminosity_arrays\ZTF19aakswrb_epoch_1_gaussian_adjusted_13x13_lum.npy
ZTF19aakswrb,2,15:09:15.96,+16:14:22.4,TDE,0.1206,516.8571428571429,920.4488666786316,6.77698132833998e+28,5.61309041415071e+28,0.2120205608662217,0.1756103216782694,final_luminosity_arrays\ZTF19aakswrb_epoch_2_lum.npy,dillon_extracting_files\dillon_fits\ztf_cutouts\ztf_cutouts_no_interp\ZTF19aakswrb_epoch_2.fits,2.547984651346906e+28,False,False,False,Original Detection is False; no Gaussian subtraction attempted,,,,,False,0,12,1.3815341215469695e+29,6.77698132833998e+28,5.61317197829851e+28,1.2073354165062031,False,,,,,C:\Research\bts_vlass_cross_matching\gaussian_adjusted_luminosity_arrays\ZTF19aakswrb_epoch_2_gaussian_adjusted_13x13_lum.npy
ZTF19aakswrb,3,15:09:15.96,+16:14:22.4,TDE,0.1206,516.8571428571429,1740.545243619556,2.420480193748397e+29,4.29805684615233e+28,0.7572568720206618,0.1344683747551038,final_luminosity_arrays\ZTF19aakswrb_epoch_3_lum.npy,dillon_extracting_files\dillon_fits\ztf_cutouts\ztf_cutouts_no_interp\ZTF19aakswrb_epoch_3.fits,1.993253496946832e+29,True,False,False,,True,14.0,15.0,2.420480193748397e+29,True,6,7,2.420480193748397e+29,2.420480193748397e+29,4.298119301469808e+28,5.631486759617576,True,,,,,C:\Research\bts_vlass_cross_matching\gaussian_adjusted_luminosity_arrays\ZTF19aakswrb_epoch_3_gaussian_adjusted_13x13_lum.npy
ZTF19aakykjl,1,10:55:47.42,+27:40:17.8,SN Ia,0.03,128.57142857142858,93.7864077670807,1.2359769372758005e+28,2.95221933835522e+27,0.6248908466659487,0.149261818191189,final_luminosity_arrays\ZTF19aakykjl_epoch_1_lum.npy,dillon_extracting_files\dillon_fits\ztf_cutouts\ztf_cutouts_no_interp\ZTF19aakykjl_epoch_1.fits,6.045510797491767e+27,True,False,False,,True,13.0,13.0,1.2359769372758005e+28,True,5,5,1.2359769372758005e+28,1.2359769372758005e+28,2.952262237228511e+27,4.1865418379503305,True,,,,,C:\Research\bts_vlass_cross_matching\gaussian_adjusted_luminosity_arrays\ZTF19aakykjl_epoch_1_gaussian_adjusted_13x13_lum.npy
ZTF19aakykjl,2,10:55:47.42,+27:40:17.8,SN Ia,0.03,128.57142857142858,924.8543689321292,1.0027945973680895e+28,2.762556860685128e+27,0.506997457705438,0.1396726369633959,final_luminosity_arrays\ZTF19aakykjl_epoch_2_lum.npy,dillon_extracting_files\dillon_fits\ztf_cutouts\ztf_cutouts_no_interp\ZTF19aakykjl_epoch_2.fits,7.0263502127197e+27,False,False,False,Original Detection is False; no Gaussian subtraction attempted,,,,,False,4,6,1.0363330665051188e+28,1.0027945973680897e+28,2.7625970035617715e+27,3.629898230090031,False,,,,,C:\Research\bts_vlass_cross_matching\gaussian_adjusted_luminosity_arrays\ZTF19aakykjl_epoch_2_gaussian_adjusted_13x13_lum.npy
ZTF19aakykjl,3,10:55:47.42,+27:40:17.8,SN Ia,0.03,128.57142857142858,1902.5242718447505,1.3355712617796988e+28,2.687917208007719e+27,0.6752441986463964,0.1358989165886774,final_luminosity_arrays\ZTF19aakykjl_epoch_3_lum.npy,dillon_extracting_files\dillon_fits\ztf_cutouts\ztf_cutouts_no_interp\ZTF19aakykjl_epoch_3.fits,8.694567006491196e+27,True,True,True,,False,12.0,13.0,1.412665381425812e+28,True,5,6,8.614845687731463e+27,8.614845687731463e+27,2.621728294105192e+27,3.2859414559096214,False,1.0758362906284994e+28,1.1652027014447848,1.0526983117847892,3.368290907973125e+27,C:\Research\bts_vlass_cross_matching\gaussian_adjusted_luminosity_arrays\ZTF19aakykjl_epoch_3_gaussian_adjusted_13x13_lum.npy
ZTF19aambfxc,1,17:41:43.11,+67:57:42.6,SN Ia,0.055,235.7142857142857,-792.879052132686,2.7692164935944096e+28,7.055294849810037e+27,0.4165506688877942,0.1061285927206812,final_luminosity_arrays\ZTF19aambfxc_epoch_1_lum.npy,dillon_extracting_files\dillon_fits\ztf_cutouts\ztf_cutouts_no_interp\ZTF19aambfxc_epoch_1.fits,2.7692164935944096e+28,False,False,False,Original Detection is False; no Gaussian subtraction attempted,,,,,True,6,6,2.7692164935944096e+28,2.7692164935944096e+28,7.055397370715536e+27,3.9249617676935533,False,,,,,C:\Research\bts_vlass_cross_matching\gaussian_adjusted_luminosity_arrays\ZTF19aambfxc_epoch_1_gaussian_adjusted_13x13_lum.npy
ZTF19aambfxc,2,17:41:43.11,+67:57:42.6,SN Ia,0.055,235.7142857142857,181.5285308057028,5.644646537508327e+28,9.767341977637696e+27,0.849078176543117,0.1469243002276842,final_luminosity_arrays\ZTF19aambfxc_epoch_2_lum.npy,dillon_extracting_files\dillon_fits\ztf_cutouts\ztf_cutouts_no_interp\ZTF19aambfxc_epoch_2.fits,5.644646537508327e+28,True,False,False,,True,14.0,14.0,5.644646537508327e+28,True,6,6,5.644646537508327e+28,5.644646537508327e+28,9.767483907459933e+27,5.779018006057034,True,,,,,C:\Research\bts_vlass_cross_matching\gaussian_adjusted_luminosity_arrays\ZTF19aambfxc_epoch_2_gaussian_adjusted_13x13_lum.npy
ZTF19aambfxc,3,17:41:43.11,+67:57:42.6,SN Ia,0.055,235.7142857142857,1067.784454976319,1.7273131471017456e+28,8.491048898967686e+27,0.259825639659539,0.1277257846132672,final_luminosity_arrays\ZTF19aambfxc_epoch_3_lum.npy,dillon_extracting_files\dillon_fits\ztf_cutouts\ztf_cutouts_no_interp\ZTF19aambfxc_epoch_3.fits,1.7273131471017456e+28,False,False,False,Original Detection is False; no Gaussian subtraction attempted,,,,,False,7,9,2.0144486409647145e+28,1.7273131471017456e+28,8.491172282899935e+27,2.0342457902783564,False,,,,,C:\Research\bts_vlass_cross_matching\gaussian_adjusted_luminosity_arrays\ZTF19aambfxc_epoch_3_gaussian_adjusted_13x13_lum.npy
ZTF19aamkmxv,1,16:57:58.51,+78:36:13.6,SN IIn,0.014,60.0,-538.8262701804954,2.57471727730678e+27,6.1684426145009856e+26,0.5977365071885289,0.1432062833927015,final_luminosity_arrays\ZTF19aamkmxv_epoch_1_lum.npy,dillon_extracting_files\dillon_fits\ztf_cutouts\ztf_cutouts_no_interp\ZTF19aamkmxv_epoch_1.fits,2.57471727730678e+27,True,False,False,,True,14.0,14.0,2.5747172773067793e+27,True,6,6,2.5747172773067793e+27,2.5747172773067793e+27,6.1685322485043536e+26,4.173954473417976,True,,,,,C:\Research\bts_vlass_cross_matching\gaussian_adjusted_luminosity_arrays\ZTF19aamkmxv_epoch_1_gaussian_adjusted_13x13_lum.npy
ZTF19aamkmxv,2,16:57:58.51,+78:36:13.6,SN IIn,0.014,60.0,525.2762939220687,2.970322028409423e+27,6.805751914179077e+26,0.6895785918459296,0.1580020271293704,final_luminosity_arrays\ZTF19aamkmxv_epoch_2_lum.npy,dillon_extracting_files\dillon_fits\ztf_cutouts\ztf_cutouts_no_interp\ZTF19aamkmxv_epoch_2.fits,2.4003155645798563e+27,True,False,False,,True,15.0,15.0,2.970322028409423e+27,True,7,7,2.970322028409423e+27,2.970322028409423e+27,6.80585080896146e+26,4.364365472863899,True,,,,,C:\Research\bts_vlass_cross_matching\gaussian_adjusted_luminosity_arrays\ZTF19aamkmxv_epoch_2_gaussian_adjusted_13x13_lum.npy
ZTF19aamkmxv,3,16:57:58.51,+78:36:13.6,SN IIn,0.014,60.0,1411.8640651252244,2.916724766063418e+27,4.830440413933034e+26,0.6771356565877795,0.1121432851143114,final_luminosity_arrays\ZTF19aamkmxv_epoch_3_lum.npy,dillon_extracting_files\dillon_fits\ztf_cutouts\ztf_cutouts_no_interp\ZTF19aamkmxv_epoch_3.fits,1.4366979999205785e+27,True,False,False,,True,15.0,15.0,2.916724766063418e+27,True,7,7,2.916724766063418e+27,2.916724766063418e+27,4.8305106053475285e+26,6.038129308389284,True,,,,,C:\Research\bts_vlass_cross_matching\gaussian_adjusted_luminosity_arrays\ZTF19aamkmxv_epoch_3_gaussian_adjusted_13x13_lum.npy
ZTF19aamkywr,1,17:05:08.58,+07:59:26.0,SN Ia,0.03034,130.02857142857144,85.91161295927068,1.5217845102249476e+28,3.406856812458653e+27,0.7522432715632021,0.1684090183014194,final_luminosity_arrays\ZTF19aamkywr_epoch_1_lum.npy,dillon_extracting_files\dillon_fits\ztf_cutouts\ztf_cutouts_no_interp\ZTF19aamkywr_epoch_1.fits,3.5238486300472144e+27,True,True,True,,False,11.0,13.0,6.190597015782849e+28,False,8,8,1.2136673503786437e+28,5.960155994592012e+27,3.3073574099651347e+27,1.8020900845593346,False,6.5067633600922775e+28,0.9507166698459653,1.1402817393932052,0.0,C:\Research\bts_vlass_cross_matching\gaussian_adjusted_luminosity_arrays\ZTF19aamkywr_epoch_1_gaussian_adjusted_13x13_lum.npy
ZTF19aamkywr,2,17:05:08.58,+07:59:26.0,SN Ia,0.03034,130.02857142857144,900.2059235751839,1.16433961849916e+28,3.896952471029941e+27,0.5755523452535273,0.19263560993038,final_luminosity_arrays\ZTF19aamkywr_epoch_2_lum.npy,dillon_extracting_files\dillon_fits\ztf_cutouts\ztf_cutouts_no_interp\ZTF19aamkywr_epoch_2.fits,3.9330827398383496e+26,False,False,False,Original Detection is False; no Gaussian subtraction attempted,,,,,False,3,5,7.181041329528042e+28,1.16433961849916e+28,3.8970090978760916e+27,2.9877775218275384,False,,,,,C:\Research\bts_vlass_cross_matching\gaussian_adjusted_luminosity_arrays\ZTF19aamkywr_epoch_2_gaussian_adjusted_13x13_lum.npy
ZTF19aamkywr,3,17:05:08.58,+07:59:26.0,SN Ia,0.03034,130.02857142857144,1893.0820615490568,1.1604990777483656e+28,5.061628668503698e+27,0.5736539023928344,0.2502083186918129,final_luminosity_arrays\ZTF19aamkywr_epoch_3_lum.npy,dillon_extracting_files\dillon_fits\ztf_cutouts\ztf_cutouts_no_interp\ZTF19aamkywr_epoch_3.fits,-6.316432513057196e+26,False,False,False,Original Detection is False; no Gaussian subtraction attempted,,,,,False,3,5,6.172868001052215e+28,1.1604990777483656e+28,5.061702219328354e+27,2.2927051562159146,False,,,,,C:\Research\bts_vlass_cross_matching\gaussian_adjusted_luminosity_arrays\ZTF19aamkywr_epoch_3_gaussian_adjusted_13x13_lum.npy
ZTF19aanbpus,1,10:03:51.86,+59:26:09.9,SN IIb,0.00996,42.68571428571428,-1132.2131074496444,2.5432266780507183e+27,3.1480401761865373e+26,1.166548230685294,0.1443990066772418,final_luminosity_arrays\ZTF19aanbpus_epoch_1_lum.npy,dillon_extracting_files\dillon_fits\ztf_cutouts\ztf_cutouts_no_interp\ZTF19aanbpus_epoch_1.fits,2.036143002444719e+27,True,False,False,,True,15.0,14.0,2.5432266780507183e+27,True,7,6,2.5432266780507183e+27,2.5432266780507183e+27,3.1480859205439696e+26,8.078644427885452,True,,,,,C:\Research\bts_vlass_cross_matching\gaussian_adjusted_luminosity_arrays\ZTF19aanbpus_epoch_1_gaussian_adjusted_13x13_lum.npy
ZTF19aanbpus,2,10:03:51.86,+59:26:09.9,SN IIb,0.00996,42.68571428571428,-72.76520852295417,3.212900933635149e+27,3.278040095668167e+26,1.473719952628016,0.1503620370677905,final_luminosity_arrays\ZTF19aanbpus_epoch_2_lum.npy,dillon_extracting_files\dillon_fits\ztf_cutouts\ztf_cutouts_no_interp\ZTF19aanbpus_epoch_2.fits,2.703887231944491e+27,True,False,False,,True,15.0,14.0,3.2129009336351495e+27,True,7,6,3.2129009336351495e+27,3.2129009336351495e+27,3.278087729062095e+26,9.801143835019948,True,,,,,C:\Research\bts_vlass_cross_matching\gaussian_adjusted_luminosity_arrays\ZTF19aanbpus_epoch_2_gaussian_adjusted_13x13_lum.npy
ZTF19aanbpus,3,10:03:51.86,+59:26:09.9,SN IIb,0.00996,42.68571428571428,837.1718186860443,3.611768761122754e+27,2.883957409000932e+26,1.656675944104791,0.132285664048822,final_luminosity_arrays\ZTF19aanbpus_epoch_3_lum.npy,dillon_extracting_files\dillon_fits\ztf_cutouts\ztf_cutouts_no_interp\ZTF19aanbpus_epoch_3.fits,3.601530447985116e+27,True,False,False,,True,15.0,14.0,3.611768761122754e+27,True,7,6,3.611768761122754e+27,3.611768761122754e+27,2.8839993159561024e+26,12.523473015892105,True,,,,,C:\Research\bts_vlass_cross_matching\gaussian_adjusted_luminosity_arrays\ZTF19aanbpus_epoch_3_gaussian_adjusted_13x13_lum.npy
ZTF19aanejfr,1,08:30:30.11,+15:48:42.8,SN Ia,0.0428,183.42857142857144,-507.5095851271009,4.804872127687621e+28,6.643867819081855e+27,1.1935224756598468,0.1650350016030434,final_luminosity_arrays\ZTF19aanejfr_epoch_1_lum.npy,dillon_extracting_files\dillon_fits\ztf_cutouts\ztf_cutouts_no_interp\ZTF19aanejfr_epoch_1.fits,1.7695610709336448e+28,True,True,True,,False,11.0,12.0,9.204473827313573e+28,False,4,4,4.327624144562193e+28,3.7027584540187893e+28,6.891498954306577e+27,5.372936248803888,False,6.336773218398277e+28,1.0984086669412298,1.2241091913429027,2.867700608915297e+28,C:\Research\bts_vlass_cross_matching\gaussian_adjusted_luminosity_arrays\ZTF19aanejfr_epoch_1_gaussian_adjusted_13x13_lum.npy
ZTF19aanejfr,2,08:30:30.11,+15:48:42.8,SN Ia,0.0428,183.42857142857144,496.5180328245677,3.154939474169303e+28,6.935361547494143e+27,0.7836818695068357,0.1722757639489817,final_luminosity_arrays\ZTF19aanejfr_epoch_2_lum.npy,dillon_extracting_files\dillon_fits\ztf_cutouts\ztf_cutouts_no_interp\ZTF19aanejfr_epoch_2.fits,1.072955773492258e+28,True,True,True,,False,12.0,12.0,9.755786445326867e+28,False,2,4,4.470672948115451e+28,1.1829081991842269e+28,6.941931555219674e+27,1.7040044111278974,False,7.713673669903897e+28,1.081510179527513,1.2614894681189013,2.04211277542297e+28,C:\Research\bts_vlass_cross_matching\gaussian_adjusted_luminosity_arrays\ZTF19aanejfr_epoch_2_gaussian_adjusted_13x13_lum.npy
ZTF19aanejfr,3,08:30:30.11,+15:48:42.8,SN Ia,0.0428,183.42857142857144,1353.8252825368809,2.418280179691284e+28,5.883033780979068e+27,0.6006968906149266,0.1461357323645269,final_luminosity_arrays\ZTF19aanejfr_epoch_3_lum.npy,dillon_extracting_files\dillon_fits\ztf_cutouts\ztf_cutouts_no_interp\ZTF19aanejfr_epoch_3.fits,1.6527824806972903e+28,True,True,True,,False,12.0,11.0,1.1638441589155372e+29,False,2,4,7.770369086244844e+28,1.6126790640184317e+28,6.000995032514331e+27,2.6873527727996507,False,8.357378837972339e+28,1.0580728692608603,1.2309837855283197,3.281062751183034e+28,C:\Research\bts_vlass_cross_matching\gaussian_adjusted_luminosity_arrays\ZTF19aanejfr_epoch_3_gaussian_adjusted_13x13_lum.npy
ZTF19aanxnkd,1,11:49:08.79,+57:50:41.1,SN Ia,0.1002,429.4285714285714,-446.5390446687608,9.09055621574387e+28,2.7362701351783607e+28,0.4119944060221314,0.1240126944461276,final_luminosity_arrays\ZTF19aanxnkd_epoch_1_lum.npy,dillon_extracting_files\dillon_fits\ztf_cutouts\ztf_cutouts_no_interp\ZTF19aanxnkd_epoch_1.fits,4.676938150565903e+28,False,False,False,Original Detection is False; no Gaussian subtraction attempted,,,,,True,7,7,9.09055621574387e+28,9.09055621574387e+28,2.7363098960810473e+28,3.3221954241233407,False,,,,,C:\Research\bts_vlass_cross_matching\gaussian_adjusted_luminosity_arrays\ZTF19aanxnkd_epoch_1_gaussian_adjusted_13x13_lum.npy
ZTF19aanxnkd,2,11:49:08.79,+57:50:41.1,SN Ia,0.1002,429.4285714285714,462.3866052130788,1.2373009122870092e+29,3.182265029238175e+28,0.5607589264400303,0.1442259869169631,final_luminosity_arrays\ZTF19aanxnkd_epoch_2_lum.npy,dillon_extracting_files\dillon_fits\ztf_cutouts\ztf_cutouts_no_interp\ZTF19aanxnkd_epoch_2.fits,9.46624558917009e+28,False,False,False,Original Detection is False; no Gaussian subtraction attempted,,,,,True,6,7,1.2373009122870092e+29,1.2373009122870092e+29,3.1823112709189655e+28,3.888057474433386,False,,,,,C:\Research\bts_vlass_cross_matching\gaussian_adjusted_luminosity_arrays\ZTF19aanxnkd_epoch_2_gaussian_adjusted_13x13_lum.npy
ZTF19aanxnkd,3,11:49:08.79,+57:50:41.1,SN Ia,0.1002,429.4285714285714,1297.6892774544897,1.232609996687514e+29,2.8728164794721207e+28,0.5586329498328269,0.1302012208839729,final_luminosity_arrays\ZTF19aanxnkd_epoch_3_lum.npy,dillon_extracting_files\dillon_fits\ztf_cutouts\ztf_cutouts_no_interp\ZTF19aanxnkd_epoch_3.fits,6.947181272224229e+28,True,False,False,,True,14.0,15.0,1.232609996687514e+29,True,6,7,1.232609996687514e+29,1.232609996687514e+29,2.872858224537787e+28,4.29053541925421,True,,,,,C:\Research\bts_vlass_cross_matching\gaussian_adjusted_luminosity_arrays\ZTF19aanxnkd_epoch_3_gaussian_adjusted_13x13_lum.npy
ZTF19aaputrv,1,13:31:11.06,+41:46:30.5,SN Ia-pec,0.03499,149.95714285714286,-22.491539549592723,1.6943770348410423e+28,3.4355519404383857e+27,0.6297359359450638,0.1276883426781744,final_luminosity_arrays\ZTF19aaputrv_epoch_1_lum.npy,dillon_extracting_files\dillon_fits\ztf_cutouts\ztf_cutouts_no_interp\ZTF19aaputrv_epoch_1.fits,1.1928948656070368e+28,True,False,False,,True,13.0,14.0,1.6943770348410425e+28,True,5,6,1.6943770348410425e+28,1.6943770348410425e+28,3.435601862646218e+27,4.931820107746639,True,,,,,C:\Research\bts_vlass_cross_matching\gaussian_adjusted_luminosity_arrays\ZTF19aaputrv_epoch_1_gaussian_adjusted_13x13_lum.npy
ZTF19aaputrv,2,13:31:11.06,+41:46:30.5,SN Ia-pec,0.03499,149.95714285714286,879.932638461789,1.2921177702990264e+28,3.639984693327589e+27,0.4802313633263111,0.1352864462312903,final_luminosity_arrays\ZTF19aaputrv_epoch_2_lum.npy,dillon_extracting_files\dillon_fits\ztf_cutouts\ztf_cutouts_no_interp\ZTF19aaputrv_epoch_2.fits,1.0851667802997268e+28,False,False,False,Original Detection is False; no Gaussian subtraction attempted,,,,,False,6,4,1.3168146103014401e+28,1.2921177702990264e+28,3.6400375861598084e+27,3.549737440107572,False,,,,,C:\Research\bts_vlass_cross_matching\gaussian_adjusted_luminosity_arrays\ZTF19aaputrv_epoch_2_gaussian_adjusted_13x13_lum.npy
ZTF19aaputrv,3,13:31:11.06,+41:46:30.5,SN Ia-pec,0.03499,149.95714285714286,1833.5650407072208,9.997907040045705e+27,3.422244768847033e+27,0.3715844359248876,0.1271937581934418,final_luminosity_arrays\ZTF19aaputrv_epoch_3_lum.npy,dillon_extracting_files\dillon_fits\ztf_cutouts\ztf_cutouts_no_interp\ZTF19aaputrv_epoch_3.fits,9.235413326224132e+27,False,False,False,Original Detection is False; no Gaussian subtraction attempted,,,,,False,5,4,1.0947851761620931e+28,9.997907040045705e+27,3.4222944976875714e+27,2.9214046443990265,False,,,,,C:\Research\bts_vlass_cross_matching\gaussian_adjusted_luminosity_arrays\ZTF19aaputrv_epoch_3_gaussian_adjusted_13x13_lum.npy
ZTF19aaqwqhu,1,10:27:31.71,-26:24:38.1,SN Ia,0.05745,246.2142857142857,81.32772235093857,8.404044801668465e+28,1.4120119080521028e+28,1.1586295440793042,0.194670842988596,final_luminosity_arrays\ZTF19aaqwqhu_epoch_1_lum.npy,dillon_extracting_files\dillon_fits\ztf_cutouts\ztf_cutouts_no_interp\ZTF19aaqwqhu_epoch_1.fits,2.837828020472261e+28,True,True,True,,False,12.0,12.0,2.6782450153949107e+29,False,3,5,1.2791184663444389e+29,2.9052872346530673e+28,1.441314012398587e+28,2.015721216654367,False,2.4033929684029154e+29,1.17507309021823,1.152055568300526,2.7485204699199545e+28,C:\Research\bts_vlass_cross_matching\gaussian_adjusted_luminosity_arrays\ZTF19aaqwqhu_epoch_1_gaussian_adjusted_13x13_lum.npy
ZTF19aaqwqhu,2,10:27:31.71,-26:24:38.1,SN Ia,0.05745,246.2142857142857,982.5523665421532,1.2182288543893356e+29,1.099770094287457e+28,1.6795197734609255,0.1516227803233845,final_luminosity_arrays\ZTF19aaqwqhu_epoch_2_lum.npy,dillon_extracting_files\dillon_fits\ztf_cutouts\ztf_cutouts_no_interp\ZTF19aaqwqhu_epoch_2.fits,6.855723110473191e+27,True,True,True,,False,11.0,12.0,2.6561440763188795e+29,False,4,5,1.0630289780266678e+29,7.876384090558899e+28,1.1211338098035582e+28,7.025373797208895,False,2.4083873536154343e+29,1.1389602020504221,1.223467611109393,2.4775672270344536e+28,C:\Research\bts_vlass_cross_matching\gaussian_adjusted_luminosity_arrays\ZTF19aaqwqhu_epoch_2_gaussian_adjusted_13x13_lum.npy
ZTF19aaqwqhu,3,10:27:31.71,-26:24:38.1,SN Ia,0.05745,246.2142857142857,1882.8313395432408,2.3056849529295507e+29,1.4213041162149576e+28,3.1787487678229818,0.1959519384141891,final_luminosity_arrays\ZTF19aaqwqhu_epoch_3_lum.npy,dillon_extracting_files\dillon_fits\ztf_cutouts\ztf_cutouts_no_interp\ZTF19aaqwqhu_epoch_3.fits,5.422841486093915e+28,True,True,True,,False,12.0,13.0,2.9339186615915345e+29,False,3,4,5.596811192156261e+28,3.331260930480506e+28,1.417978825066647e+28,2.349302310860624,False,2.9918713197672436e+29,0.9291041752133935,1.2022444371520196,0.0,C:\Research\bts_vlass_cross_matching\gaussian_adjusted_luminosity_arrays\ZTF19aaqwqhu_epoch_3_gaussian_adjusted_13x13_lum.npy
ZTF19aarmtgu,1,08:06:36.87,+10:27:26.7,SN Ia,0.04185,179.35714285714286,-1037.0618660116832,2.1234374158908667e+28,4.967970585188404e+27,0.5516769597306848,0.1290716040627127,final_luminosity_arrays\ZTF19aarmtgu_epoch_1_lum.npy,dillon_extracting_files\dillon_fits\ztf_cutouts\ztf_cutouts_no_interp\ZTF19aarmtgu_epoch_1.fits,2.1234374158908667e+28,True,False,False,,True,14.0,14.0,2.1234374158908667e+28,True,6,6,2.1234374158908667e+28,2.1234374158908667e+28,4.968042775061927e+27,4.274193101858705,True,,,,,C:\Research\bts_vlass_cross_matching\gaussian_adjusted_luminosity_arrays\ZTF19aarmtgu_epoch_1_gaussian_adjusted_13x13_lum.npy
ZTF19aarmtgu,2,08:06:36.87,+10:27:26.7,SN Ia,0.04185,179.35714285714286,-11.002452468466736,1.7466140907896217e+28,6.5408284162318e+27,0.4537768545560539,0.1699356308789406,final_luminosity_arrays\ZTF19aarmtgu_epoch_2_lum.npy,dillon_extracting_files\dillon_fits\ztf_cutouts\ztf_cutouts_no_interp\ZTF19aarmtgu_epoch_2.fits,1.3804278501818457e+28,False,False,False,Original Detection is False; no Gaussian subtraction attempted,,,,,True,7,7,1.7466140907896215e+28,1.7466140907896215e+28,6.540923461395212e+27,2.6702866974337898,False,,,,,C:\Research\bts_vlass_cross_matching\gaussian_adjusted_luminosity_arrays\ZTF19aarmtgu_epoch_2_gaussian_adjusted_13x13_lum.npy
ZTF19aarmtgu,3,08:06:36.87,+10:27:26.7,SN Ia,0.04185,179.35714285714286,810.6129432218918,3.235148572586437e+28,5.810581228062658e+27,0.8405036642216147,0.1509632609095434,final_luminosity_arrays\ZTF19aarmtgu_epoch_3_lum.npy,dillon_extracting_files\dillon_fits\ztf_cutouts\ztf_cutouts_no_interp\ZTF19aarmtgu_epoch_3.fits,3.235148572586437e+28,True,False,False,,True,14.0,14.0,3.2351485725864366e+28,True,6,6,3.2351485725864366e+28,3.2351485725864366e+28,5.810665661961118e+27,5.56760405914417,True,,,,,C:\Research\bts_vlass_cross_matching\gaussian_adjusted_luminosity_arrays\ZTF19aarmtgu_epoch_3_gaussian_adjusted_13x13_lum.npy
ZTF19aaupkrl,1,15:51:23.68,+61:04:48.4,SN Ia,0.03666,157.11428571428573,-587.7120235143087,2.523498112815982e+28,4.659535144751477e+27,0.8543864823877811,0.1577612311438088,final_luminosity_arrays\ZTF19aaupkrl_epoch_1_lum.npy,dillon_extracting_files\dillon_fits\ztf_cutouts\ztf_cutouts_no_interp\ZTF19aaupkrl_epoch_1.fits,2.450531429800314e+28,True,True,True,,False,16.0,13.0,2.5750004671607434e+28,True,6,6,2.2297648033364225e+28,2.2297648033364225e+28,4.6220342745179394e+27,4.824206552576849,True,1.5773555336897592e+28,1.1926488799121848,1.1128700454217868,9.976449334709842e+27,C:\Research\bts_vlass_cross_matching\gaussian_adjusted_luminosity_arrays\ZTF19aaupkrl_epoch_1_gaussian_adjusted_13x13_lum.npy
ZTF19aaupkrl,2,15:51:23.68,+61:04:48.4,SN Ia,0.03666,157.11428571428573,447.3428642984748,3.0485037295618744e+28,4.956563035797862e+27,1.0321388253942132,0.1678179179848361,final_luminosity_arrays\ZTF19aaupkrl_epoch_2_lum.npy,dillon_extracting_files\dillon_fits\ztf_cutouts\ztf_cutouts_no_interp\ZTF19aaupkrl_epoch_2.fits,2.066721553894054e+28,True,False,False,,True,15.0,13.0,3.0485037295618744e+28,True,7,5,3.0485037295618744e+28,3.0485037295618744e+28,4.956635059907612e+27,6.150349365480008,True,,,,,C:\Research\bts_vlass_cross_matching\gaussian_adjusted_luminosity_arrays\ZTF19aaupkrl_epoch_2_gaussian_adjusted_13x13_lum.npy
ZTF19aaupkrl,3,15:51:23.68,+61:04:48.4,SN Ia,0.03666,157.11428571428573,1318.4095592611434,2.9611799293070604e+28,5.250871403386416e+27,1.0025734081864357,0.1777825279650816,final_luminosity_arrays\ZTF19aaupkrl_epoch_3_lum.npy,dillon_extracting_files\dillon_fits\ztf_cutouts\ztf_cutouts_no_interp\ZTF19aaupkrl_epoch_3.fits,2.077658991825287e+28,True,True,True,,False,16.0,13.0,3.426906520157532e+28,False,8,7,2.0889802555839465e+28,2.070546655631556e+28,5.354507405887219e+27,3.8669227599816445,False,1.8355344016196152e+28,1.1405751619467228,1.0414875385769367,1.591372118537917e+28,C:\Research\bts_vlass_cross_matching\gaussian_adjusted_luminosity_arrays\ZTF19aaupkrl_epoch_3_gaussian_adjusted_13x13_lum.npy
ZTF19aavlfvn,1,14:38:10.42,+10:08:05.2,SN Ia,0.0277,118.71428571428572,-16.75083970298873,3.5656561430015096e+27,3.1662961126854057e+27,0.2114541566697881,0.1877736316547322,final_luminosity_arrays\ZTF19aavlfvn_epoch_1_lum.npy,dillon_extracting_files\dillon_fits\ztf_cutouts\ztf_cutouts_no_interp\ZTF19aavlfvn_epoch_1.fits,-3.2645418321775814e+26,False,False,False,Original Detection is False; no Gaussian subtraction attempted,,,,,False,4,11,7.848413850718426e+27,3.5656561430015096e+27,3.166342122320928e+27,1.1261120893619305,False,,,,,C:\Research\bts_vlass_cross_matching\gaussian_adjusted_luminosity_arrays\ZTF19aavlfvn_epoch_1_gaussian_adjusted_13x13_lum.npy
ZTF19aavlfvn,2,14:38:10.42,+10:08:05.2,SN Ia,0.0277,118.71428571428572,839.5301761576709,2.535349234327863e+27,2.540653493517224e+27,0.1503538514953106,0.150670599424575,final_luminosity_arrays\ZTF19aavlfvn_epoch_2_lum.npy,dillon_extracting_files\dillon_fits\ztf_cutouts\ztf_cutouts_no_interp\ZTF19aavlfvn_epoch_2.fits,-5.540226380597126e+26,False,False,False,Original Detection is False; no Gaussian subtraction attempted,,,,,False,10,3,6.661722537699829e+27,2.535349234327863e+27,2.540690411902954e+27,0.9978977456088045,False,,,,,C:\Research\bts_vlass_cross_matching\gaussian_adjusted_luminosity_arrays\ZTF19aavlfvn_epoch_2_gaussian_adjusted_13x13_lum.npy
ZTF19aavlfvn,3,14:38:10.42,+10:08:05.2,SN Ia,0.0277,118.71428571428572,1809.657645263441,1.08008522898969e+28,2.2136880044841152e+27,0.6405230960808695,0.1312802786470778,final_luminosity_arrays\ZTF19aavlfvn_epoch_3_lum.npy,dillon_extracting_files\dillon_fits\ztf_cutouts\ztf_cutouts_no_interp\ZTF19aavlfvn_epoch_3.fits,1.08008522898969e+28,True,False,False,,True,14.0,14.0,1.08008522898969e+28,True,6,6,1.08008522898969e+28,1.08008522898969e+28,2.2137201717150438e+27,4.879050400272187,True,,,,,C:\Research\bts_vlass_cross_matching\gaussian_adjusted_luminosity_arrays\ZTF19aavlfvn_epoch_3_gaussian_adjusted_13x13_lum.npy
ZTF19aaxqsbn,1,13:32:06.27,+80:09:46.6,SN Ia,0.057,244.28571428571428,-550.8576312239829,9.531265361923016e+28,1.0558213904434995e+28,1.3348644133657217,0.1478711196484447,final_luminosity_arrays\ZTF19aaxqsbn_epoch_1_lum.npy,dillon_extracting_files\dillon_fits\ztf_cutouts\ztf_cutouts_no_interp\ZTF19aaxqsbn_epoch_1.fits,6.001233640060511e+28,True,True,True,,False,14.0,12.0,1.0048252477067055e+29,True,7,6,6.217726741967996e+28,6.217726741967996e+28,1.0786131612839788e+28,5.764556715186404,True,7.0577597812721275e+28,1.326499926933191,1.0780661929336004,2.9904926957949277e+28,C:\Research\bts_vlass_cross_matching\gaussian_adjusted_luminosity_arrays\ZTF19aaxqsbn_epoch_1_gaussian_adjusted_13x13_lum.npy
ZTF19aaxqsbn,2,13:32:06.27,+80:09:46.6,SN Ia,0.057,244.28571428571428,434.9512618696784,4.314758631300274e+28,1.1912119206853163e+28,0.604286789894104,0.1668329909250292,final_luminosity_arrays\ZTF19aaxqsbn_epoch_2_lum.npy,dillon_extracting_files\dillon_fits\ztf_cutouts\ztf_cutouts_no_interp\ZTF19aaxqsbn_epoch_2.fits,1.931938342455747e+28,False,False,False,Original Detection is False; no Gaussian subtraction attempted,,,,,False,7,3,1.0531689306189458e+29,4.314758631300274e+28,1.1912292302559791e+28,3.622106074725089,False,,,,,C:\Research\bts_vlass_cross_matching\gaussian_adjusted_luminosity_arrays\ZTF19aaxqsbn_epoch_2_gaussian_adjusted_13x13_lum.npy
ZTF19aaxqsbn,3,13:32:06.27,+80:09:46.6,SN Ia,0.057,244.28571428571428,1312.9077424751656,7.530119060212349e+28,1.141574629089059e+28,1.0546016274020076,0.1598811314996658,final_luminosity_arrays\ZTF19aaxqsbn_epoch_3_lum.npy,dillon_extracting_files\dillon_fits\ztf_cutouts\ztf_cutouts_no_interp\ZTF19aaxqsbn_epoch_3.fits,4.631450239650723e+28,True,True,True,,False,14.0,12.0,8.964936999369075e+28,False,7,10,4.320708307120148e+28,2.6255933565802085e+28,1.0266681488552591e+28,2.557392434456801,False,7.253469767315403e+28,2.48475828298409,1.2693113462781866,1.2899138083408928e+28,C:\Research\bts_vlass_cross_matching\gaussian_adjusted_luminosity_arrays\ZTF19aaxqsbn_epoch_3_gaussian_adjusted_13x13_lum.npy
ZTF19aaykugs,1,11:00:41.32,+60:03:51.9,SN Ia,0.04503,192.9857142857143,-539.9356889806315,2.726874993197008e+28,5.384398782730318e+27,0.6119242170825601,0.1208303239193292,final_luminosity_arrays\ZTF19aaykugs_epoch_1_lum.npy,dillon_extracting_files\dillon_fits\ztf_cutouts\ztf_cutouts_no_interp\ZTF19aaykugs_epoch_1.fits,9.90769010322118e+27,True,True,True,,False,15.0,12.0,3.0747647201322497e+28,False,7,2,1.6646830315151814e+28,1.4153016364087291e+28,5.270585515267571e+27,2.6852835084621116,False,1.9948785714134513e+28,1.3135279890564633,1.0114178434078145,1.0798861487187984e+28,C:\Research\bts_vlass_cross_matching\gaussian_adjusted_luminosity_arrays\ZTF19aaykugs_epoch_1_gaussian_adjusted_13x13_lum.npy
ZTF19aaykugs,2,11:00:41.32,+60:03:51.9,SN Ia,0.04503,192.9857142857143,416.97463895253793,1.875902779323675e+28,6.848716565681752e+27,0.4209618491586298,0.1536908157169179,final_luminosity_arrays\ZTF19aaykugs_epoch_2_lum.npy,dillon_extracting_files\dillon_fits\ztf_cutouts\ztf_cutouts_no_interp\ZTF19aaykugs_epoch_2.fits,1.006210755632088e+28,False,False,False,Original Detection is False; no Gaussian subtraction attempted,,,,,False,7,4,2.3500397835129776e+28,1.875902779323675e+28,6.848816084786021e+27,2.73901759968531,False,,,,,C:\Research\bts_vlass_cross_matching\gaussian_adjusted_luminosity_arrays\ZTF19aaykugs_epoch_2_gaussian_adjusted_13x13_lum.npy
ZTF19aaykugs,3,11:00:41.32,+60:03:51.9,SN Ia,0.04503,192.9857142857143,1296.3752303231206,1.925034774093412e+28,5.936257133133858e+27,0.4319873114582152,0.1332144778290873,final_luminosity_arrays\ZTF19aaykugs_epoch_3_lum.npy,dillon_extracting_files\dillon_fits\ztf_cutouts\ztf_cutouts_no_interp\ZTF19aaykugs_epoch_3.fits,3.0235905737236747e+27,False,False,False,Original Detection is False; no Gaussian subtraction attempted,,,,,False,7,4,2.1892389529515746e+28,1.9250347740934122e+28,5.936343393236306e+27,3.2427955166588576,False,,,,,C:\Research\bts_vlass_cross_matching\gaussian_adjusted_luminosity_arrays\ZTF19aaykugs_epoch_3_gaussian_adjusted_13x13_lum.npy
ZTF19abdmfgf,1,15:08:32.43,+05:50:36.6,SN Ia,0.077,330.0,-106.04363329191465,1.6296584354276915e+29,2.048036351930988e+28,1.2506950879469514,0.1571805582365357,final_luminosity_arrays\ZTF19abdmfgf_epoch_1_lum.npy,dillon_extracting_files\dillon_fits\ztf_cutouts\ztf_cutouts_no_interp\ZTF19abdmfgf_epoch_1.fits,4.59729824514611e+28,True,False,False,,True,13.0,13.0,1.6296584354276915e+29,True,5,5,1.6296584354276915e+29,1.6296584354276915e+29,2.0480661120679856e+28,7.957059715138702,True,,,,,C:\Research\bts_vlass_cross_matching\gaussian_adjusted_luminosity_arrays\ZTF19abdmfgf_epoch_1_gaussian_adjusted_13x13_lum.npy
ZTF19abdmfgf,2,15:08:32.43,+05:50:36.6,SN Ia,0.077,330.0,829.8895143403973,1.8304735345877423e+29,1.9666460487232707e+28,1.4048123266547918,0.1509341001201219,final_luminosity_arrays\ZTF19abdmfgf_epoch_2_lum.npy,dillon_extracting_files\dillon_fits\ztf_cutouts\ztf_cutouts_no_interp\ZTF19abdmfgf_epoch_2.fits,2.3930587208366714e+28,True,False,False,,True,13.0,13.0,1.8304735345877423e+29,True,5,5,1.8304735345877423e+29,1.8304735345877423e+29,1.9666746261729734e+28,9.307454879558446,True,,,,,C:\Research\bts_vlass_cross_matching\gaussian_adjusted_luminosity_arrays\ZTF19abdmfgf_epoch_2_gaussian_adjusted_13x13_lum.npy
ZTF19abdmfgf,3,15:08:32.43,+05:50:36.6,SN Ia,0.077,330.0,1712.8978708863583,1.529288428978867e+29,2.1610264646573685e+28,1.1736652813851831,0.1658522055814653,final_luminosity_arrays\ZTF19abdmfgf_epoch_3_lum.npy,dillon_extracting_files\dillon_fits\ztf_cutouts\ztf_cutouts_no_interp\ZTF19abdmfgf_epoch_3.fits,-8.018724574175924e+27,True,True,True,,False,12.0,13.0,1.7087180504704215e+29,False,6,4,6.155062353788061e+28,5.3008647822696695e+28,2.1140996155204883e+28,2.507386474768647,False,1.4331488034110451e+29,1.014873585959092,1.1774123214072159,2.755692470593765e+28,C:\Research\bts_vlass_cross_matching\gaussian_adjusted_luminosity_arrays\ZTF19abdmfgf_epoch_3_gaussian_adjusted_13x13_lum.npy
ZTF19abegzry,1,22:36:55.94,-22:13:15.2,SN II,0.035,150.00000000000003,-8.158771694606342,3.6810527720494617e+28,4.776551045868889e+27,1.3673265930265188,0.1774275071912274,final_luminosity_arrays\ZTF19abegzry_epoch_1_lum.npy,dillon_extracting_files\dillon_fits\ztf_cutouts\ztf_cutouts_no_interp\ZTF19abegzry_epoch_1.fits,3.593786225392155e+28,True,False,False,,True,14.0,15.0,3.6810527720494617e+28,True,6,7,3.6810527720494617e+28,3.6810527720494617e+28,4.7766204542137994e+27,7.7063957819846065,True,,,,,C:\Research\bts_vlass_cross_matching\gaussian_adjusted_luminosity_arrays\ZTF19abegzry_epoch_1_gaussian_adjusted_13x13_lum.npy
ZTF19abegzry,2,22:36:55.94,-22:13:15.2,SN II,0.035,150.00000000000003,919.3774601894517,3.080716196936944e+28,4.2868807976473634e+27,1.1443316470831637,0.1592384476264195,final_luminosity_arrays\ZTF19abegzry_epoch_2_lum.npy,dillon_extracting_files\dillon_fits\ztf_cutouts\ztf_cutouts_no_interp\ZTF19abegzry_epoch_2.fits,3.080716196936944e+28,True,False,False,,True,14.0,14.0,3.0807161969369436e+28,True,6,6,3.0807161969369436e+28,3.0807161969369436e+28,4.2869430905650215e+27,7.186277335281592,True,,,,,C:\Research\bts_vlass_cross_matching\gaussian_adjusted_luminosity_arrays\ZTF19abegzry_epoch_2_gaussian_adjusted_13x13_lum.npy
ZTF19abegzry,3,22:36:55.94,-22:13:15.2,SN II,0.035,150.00000000000003,1838.2180398995968,2.8343471944528946e+28,4.579661476707537e+27,1.0528179118409755,0.1701139403282779,final_luminosity_arrays\ZTF19abegzry_epoch_3_lum.npy,dillon_extracting_files\dillon_fits\ztf_cutouts\ztf_cutouts_no_interp\ZTF19abegzry_epoch_3.fits,2.468414492085557e+28,True,False,False,,True,14.0,13.0,2.8343471944528946e+28,True,6,5,2.8343471944528946e+28,2.8343471944528946e+28,4.579728024038507e+27,6.188898510076814,True,,,,,C:\Research\bts_vlass_cross_matching\gaussian_adjusted_luminosity_arrays\ZTF19abegzry_epoch_3_gaussian_adjusted_13x13_lum.npy
ZTF19abglmpf,1,19:27:15.13,+43:54:34.1,SN Ia,0.041,175.71428571428572,-635.2747313836617,7.767347999741394e+28,5.538909731390878e+27,2.102525904774666,0.1499336764519411,final_luminosity_arrays\ZTF19abglmpf_epoch_1_lum.npy,dillon_extracting_files\dillon_fits\ztf_cutouts\ztf_cutouts_no_interp\ZTF19abglmpf_epoch_1.fits,5.095909552102471e+28,True,False,False,,True,13.0,15.0,7.767347999741394e+28,True,5,7,7.767347999741394e+28,7.767347999741394e+28,5.538990217614801e+27,14.023039750169785,True,,,,,C:\Research\bts_vlass_cross_matching\gaussian_adjusted_luminosity_arrays\ZTF19abglmpf_epoch_1_gaussian_adjusted_13x13_lum.npy
ZTF19abglmpf,2,19:27:15.13,+43:54:34.1,SN Ia,0.041,175.71428571428572,401.2286307681155,9.439325763928252e+28,5.29940744116818e+27,2.5551097933202978,0.1434505487908713,final_luminosity_arrays\ZTF19abglmpf_epoch_2_lum.npy,dillon_extracting_files\dillon_fits\ztf_cutouts\ztf_cutouts_no_interp\ZTF19abglmpf_epoch_2.fits,5.862024574829525e+28,True,False,False,,True,13.0,15.0,9.439325763928253e+28,True,5,7,9.439325763928253e+28,9.439325763928253e+28,5.299484447170202e+27,17.811781236509955,True,,,,,C:\Research\bts_vlass_cross_matching\gaussian_adjusted_luminosity_arrays\ZTF19abglmpf_epoch_2_gaussian_adjusted_13x13_lum.npy
ZTF19abglmpf,3,19:27:15.13,+43:54:34.1,SN Ia,0.041,175.71428571428572,1257.1364117479427,1.1718555405093617e+29,5.061399550006103e+27,3.172069322317839,0.1370078732685997,final_luminosity_arrays\ZTF19abglmpf_epoch_3_lum.npy,dillon_extracting_files\dillon_fits\ztf_cutouts\ztf_cutouts_no_interp\ZTF19abglmpf_epoch_3.fits,6.621885915097993e+28,True,False,False,,True,13.0,15.0,1.1718555405093615e+29,True,5,7,1.1718555405093615e+29,1.1718555405093615e+29,5.061473097501423e+27,23.152460122485756,True,,,,,C:\Research\bts_vlass_cross_matching\gaussian_adjusted_luminosity_arrays\ZTF19abglmpf_epoch_3_gaussian_adjusted_13x13_lum.npy
ZTF19abgpgyp,1,17:05:09.10,+33:26:33.2,SN II,0.07,300.00000000000006,-545.975780979704,4.421122881949059e+28,1.1506785238748326e+28,0.4105563857592643,0.1068564012553404,final_luminosity_arrays\ZTF19abgpgyp_epoch_1_lum.npy,dillon_extracting_files\dillon_fits\ztf_cutouts\ztf_cutouts_no_interp\ZTF19abgpgyp_epoch_1.fits,1.7566482487753685e+28,False,False,False,Original Detection is False; no Gaussian subtraction attempted,,,,,True,7,7,4.421122881949059e+28,4.421122881949059e+28,1.150695244452316e+28,3.842131879195637,False,,,,,C:\Research\bts_vlass_cross_matching\gaussian_adjusted_luminosity_arrays\ZTF19abgpgyp_epoch_1_gaussian_adjusted_13x13_lum.npy
ZTF19abgpgyp,2,17:05:09.10,+33:26:33.2,SN II,0.07,300.00000000000006,392.34197602964167,4.680763141555559e+28,1.480105130977322e+28,0.4346672212705016,0.1374482138097199,final_luminosity_arrays\ZTF19abgpgyp_epoch_2_lum.npy,dillon_extracting_files\dillon_fits\ztf_cutouts\ztf_cutouts_no_interp\ZTF19abgpgyp_epoch_2.fits,3.878635762077447e+28,False,False,False,Original Detection is False; no Gaussian subtraction attempted,,,,,True,6,7,4.680763141555559e+28,4.680763141555559e+28,1.4801266384722588e+28,3.162407202120826,False,,,,,C:\Research\bts_vlass_cross_matching\gaussian_adjusted_luminosity_arrays\ZTF19abgpgyp_epoch_2_gaussian_adjusted_13x13_lum.npy
ZTF19abgpgyp,3,17:05:09.10,+33:26:33.2,SN II,0.07,300.00000000000006,1202.6223498614174,7.242916523348706e+28,1.692232901093944e+28,0.6725951097905636,0.1571472084903994,final_luminosity_arrays\ZTF19abgpgyp_epoch_3_lum.npy,dillon_extracting_files\dillon_fits\ztf_cutouts\ztf_cutouts_no_interp\ZTF19abgpgyp_epoch_3.fits,6.21573469861032e+28,True,False,False,,True,15.0,14.0,7.242916523348706e+28,True,7,6,7.242916523348706e+28,7.242916523348706e+28,1.6922574910300171e+28,4.280032182892096,True,,,,,C:\Research\bts_vlass_cross_matching\gaussian_adjusted_luminosity_arrays\ZTF19abgpgyp_epoch_3_gaussian_adjusted_13x13_lum.npy
ZTF19abgppki,1,16:14:17.03,+30:59:58.1,SN Ia,0.0617,264.42857142857144,-568.1299797845328,5.583236595986014e+28,1.06781880590709e+28,0.667347456328571,0.127635020764913,final_luminosity_arrays\ZTF19abgppki_epoch_1_lum.npy,dillon_extracting_files\dillon_fits\ztf_cutouts\ztf_cutouts_no_interp\ZTF19abgppki_epoch_1.fits,5.297550211104851e+28,True,False,False,,True,13.0,14.0,5.583236595986014e+28,True,5,6,5.583236595986014e+28,5.583236595986014e+28,1.067834322445125e+28,5.228560722043032,True,,,,,C:\Research\bts_vlass_cross_matching\gaussian_adjusted_luminosity_arrays\ZTF19abgppki_epoch_1_gaussian_adjusted_13x13_lum.npy
ZTF19abgppki,2,16:14:17.03,+30:59:58.1,SN Ia,0.0617,264.42857142857144,400.1284736392215,5.874216490576897e+28,1.3346787778076177e+28,0.7021274068392813,0.1595324530506406,final_luminosity_arrays\ZTF19abgppki_epoch_2_lum.npy,dillon_extracting_files\dillon_fits\ztf_cutouts\ztf_cutouts_no_interp\ZTF19abgppki_epoch_2.fits,4.619992168879309e+28,True,False,False,,True,14.0,13.0,5.874216490576897e+28,True,6,5,5.874216490576897e+28,5.874216490576897e+28,1.3346981721036408e+28,4.401157215431294,True,,,,,C:\Research\bts_vlass_cross_matching\gaussian_adjusted_luminosity_arrays\ZTF19abgppki_epoch_2_gaussian_adjusted_13x13_lum.npy
ZTF19abgppki,3,16:14:17.03,+30:59:58.1,SN Ia,0.0617,264.42857142857144,1203.556937423718,6.091374569445945e+28,1.2833878306788403e+28,0.7280836580321194,0.1534017115188202,final_luminosity_arrays\ZTF19abgppki_epoch_3_lum.npy,dillon_extracting_files\dillon_fits\ztf_cutouts\ztf_cutouts_no_interp\ZTF19abgppki_epoch_3.fits,5.026227402018368e+28,True,False,False,,True,14.0,15.0,6.091374569445945e+28,True,6,7,6.091374569445945e+28,6.091374569445945e+28,1.2834064796630863e+28,4.746255115561691,True,,,,,C:\Research\bts_vlass_cross_matching\gaussian_adjusted_luminosity_arrays\ZTF19abgppki_epoch_3_gaussian_adjusted_13x13_lum.npy
ZTF19abixauz,1,20:32:25.46,+00:38:13.7,SN Ia,0.09,385.7142857142857,-614.1651376146276,1.2511067978507823e+29,1.8010536622252296e+28,0.7028225227259097,0.1011775712788975,final_luminosity_arrays\ZTF19abixauz_epoch_1_lum.npy,dillon_extracting_files\dillon_fits\ztf_cutouts\ztf_cutouts_no_interp\ZTF19abixauz_epoch_1.fits,8.898298893032366e+28,True,False,False,,True,15.0,13.0,1.2511067978507825e+29,True,7,5,1.2511067978507825e+29,1.2511067978507825e+29,1.801079833442199e+28,6.946426108495615,True,,,,,C:\Research\bts_vlass_cross_matching\gaussian_adjusted_luminosity_arrays\ZTF19abixauz_epoch_1_gaussian_adjusted_13x13_lum.npy
ZTF19abixauz,2,20:32:25.46,+00:38:13.7,SN Ia,0.09,385.7142857142857,342.7155963303265,1.8670731331949768e+29,3.0031621244674484e+28,1.048848149366677,0.1687082713210088,final_luminosity_arrays\ZTF19abixauz_epoch_2_lum.npy,dillon_extracting_files\dillon_fits\ztf_cutouts\ztf_cutouts_no_interp\ZTF19abixauz_epoch_2.fits,1.65882502999745e+29,True,False,False,,True,15.0,14.0,1.8670731331949768e+29,True,7,6,1.8670731331949768e+29,1.8670731331949768e+29,3.0032057635933677e+28,6.216933770668461,True,,,,,C:\Research\bts_vlass_cross_matching\gaussian_adjusted_luminosity_arrays\ZTF19abixauz_epoch_2_gaussian_adjusted_13x13_lum.npy
ZTF19abixauz,3,20:32:25.46,+00:38:13.7,SN Ia,0.09,385.7142857142857,1209.6880733945466,1.834219039436625e+29,2.5290652479925985e+28,1.0303920134901996,0.1420749890825597,final_luminosity_arrays\ZTF19abixauz_epoch_3_lum.npy,dillon_extracting_files\dillon_fits\ztf_cutouts\ztf_cutouts_no_interp\ZTF19abixauz_epoch_3.fits,1.469110807693836e+29,True,False,False,,True,15.0,14.0,1.8342190394366255e+29,True,7,6,1.8342190394366255e+29,1.8342190394366255e+29,2.5291019979888495e+28,7.252451822406541,True,,,,,C:\Research\bts_vlass_cross_matching\gaussian_adjusted_luminosity_arrays\ZTF19abixauz_epoch_3_gaussian_adjusted_13x13_lum.npy
ZTF19abkjbur,1,18:21:53.85,+18:09:08.5,SN Ia,0.056,240.0,-1888.25543560608,3.8451772383043352e+28,1.092306110946591e+28,0.5579260177910328,0.1584933064263941,final_luminosity_arrays\ZTF19abkjbur_epoch_1_lum.npy,dillon_extracting_files\dillon_fits\ztf_cutouts\ztf_cutouts_no_interp\ZTF19abkjbur_epoch_1.fits,2.744918772703359e+28,False,False,False,Original Detection is False; no Gaussian subtraction attempted,,,,,False,4,5,4.0285729050186225e+28,3.8451772383043352e+28,1.0923219833110998e+28,3.5201866272512854,False,,,,,C:\Research\bts_vlass_cross_matching\gaussian_adjusted_luminosity_arrays\ZTF19abkjbur_epoch_1_gaussian_adjusted_13x13_lum.npy
ZTF19abkjbur,2,18:21:53.85,+18:09:08.5,SN Ia,0.056,240.0,-947.9145265151712,3.9721823509715935e+28,1.2529915543066084e+28,0.5763541557826102,0.1818087186148786,final_luminosity_arrays\ZTF19abkjbur_epoch_2_lum.npy,dillon_extracting_files\dillon_fits\ztf_cutouts\ztf_cutouts_no_interp\ZTF19abkjbur_epoch_2.fits,3.132031574041296e+28,False,False,False,Original Detection is False; no Gaussian subtraction attempted,,,,,True,5,5,3.9721823509715935e+28,3.9721823509715935e+28,1.25300976160077e+28,3.17011285362771,False,,,,,C:\Research\bts_vlass_cross_matching\gaussian_adjusted_luminosity_arrays\ZTF19abkjbur_epoch_2_gaussian_adjusted_13x13_lum.npy
ZTF19abkjbur,3,18:21:53.85,+18:09:08.5,SN Ia,0.056,240.0,-100.37664772729234,3.982365850875439e+28,9.18527643679148e+27,0.5778317572548985,0.1332781001880444,final_luminosity_arrays\ZTF19abkjbur_epoch_3_lum.npy,dillon_extracting_files\dillon_fits\ztf_cutouts\ztf_cutouts_no_interp\ZTF19abkjbur_epoch_3.fits,3.982365850875439e+28,True,False,False,,True,14.0,14.0,3.982365850875439e+28,True,6,6,3.982365850875439e+28,3.982365850875439e+28,9.185409908585016e+27,4.3355341683264195,True,,,,,C:\Research\bts_vlass_cross_matching\gaussian_adjusted_luminosity_arrays\ZTF19abkjbur_epoch_3_gaussian_adjusted_13x13_lum.npy
ZTF19ablfcjr,1,23:26:00.42,-01:13:18.8,SN Ia,0.0831,356.1428571428571,-547.902315285192,8.280329648372671e+28,1.94673043180799e+28,0.5456094513647258,0.1282762887697985,final_luminosity_arrays\ZTF19ablfcjr_epoch_1_lum.npy,dillon_extracting_files\dillon_fits\ztf_cutouts\ztf_cutouts_no_interp\ZTF19ablfcjr_epoch_1.fits,4.21867138573614e+28,True,False,False,,True,14.0,13.0,8.280329648372671e+28,True,6,5,8.280329648372671e+28,8.280329648372671e+28,1.946758719862689e+28,4.2533928647083235,True,,,,,C:\Research\bts_vlass_cross_matching\gaussian_adjusted_luminosity_arrays\ZTF19ablfcjr_epoch_1_gaussian_adjusted_13x13_lum.npy
ZTF19ablfcjr,2,23:26:00.42,-01:13:18.8,SN Ia,0.0831,356.1428571428571,351.3682968466518,4.582046582148793e+28,2.510608649212214e+28,0.3019213036168367,0.1654320263413154,final_luminosity_arrays\ZTF19ablfcjr_epoch_2_lum.npy,dillon_extracting_files\dillon_fits\ztf_cutouts\ztf_cutouts_no_interp\ZTF19ablfcjr_epoch_2.fits,3.3451004898312785e+28,False,False,False,Original Detection is False; no Gaussian subtraction attempted,,,,,False,9,12,5.911889219936691e+28,4.582046582148793e+28,2.51064513101454e+28,1.8250474850251772,False,,,,,C:\Research\bts_vlass_cross_matching\gaussian_adjusted_luminosity_arrays\ZTF19ablfcjr_epoch_2_gaussian_adjusted_13x13_lum.npy
ZTF19ablfcjr,3,23:26:00.42,-01:13:18.8,SN Ia,0.0831,356.1428571428571,1173.0837432504927,5.614913467123996e+28,2.419428254803006e+28,0.3699792141560465,0.1594238587941954,final_luminosity_arrays\ZTF19ablfcjr_epoch_3_lum.npy,dillon_extracting_files\dillon_fits\ztf_cutouts\ztf_cutouts_no_interp\ZTF19ablfcjr_epoch_3.fits,-2.052962352799634e+28,False,False,False,Original Detection is False; no Gaussian subtraction attempted,,,,,False,5,4,7.429938333528296e+28,5.614913467123996e+28,2.419463411657644e+28,2.320726752911323,False,,,,,C:\Research\bts_vlass_cross_matching\gaussian_adjusted_luminosity_arrays\ZTF19ablfcjr_epoch_3_gaussian_adjusted_13x13_lum.npy
ZTF19abpgggu,1,02:11:12.96,+25:34:55.3,SN Ia,0.0491,210.42857142857144,-140.5819075079281,3.6630899872733727e+28,7.723667098122405e+27,0.6913865217939017,0.1457817565346292,final_luminosity_arrays\ZTF19abpgggu_epoch_1_lum.npy,dillon_extracting_files\dillon_fits\ztf_cutouts\ztf_cutouts_no_interp\ZTF19abpgggu_epoch_1.fits,3.2947588448689337e+28,True,False,False,,True,13.0,15.0,3.6630899872733727e+28,True,5,7,3.6630899872733727e+28,3.6630899872733727e+28,7.723779331184451e+27,4.742613467067597,True,,,,,C:\Research\bts_vlass_cross_matching\gaussian_adjusted_luminosity_arrays\ZTF19abpgggu_epoch_1_gaussian_adjusted_13x13_lum.npy
ZTF19abpgggu,2,02:11:12.96,+25:34:55.3,SN Ia,0.0491,210.42857142857144,812.6160717123561,3.746300104785106e+28,6.805211515315741e+27,0.7070919382385908,0.1284461999318412,final_luminosity_arrays\ZTF19abpgggu_epoch_2_lum.npy,dillon_extracting_files\dillon_fits\ztf_cutouts\ztf_cutouts_no_interp\ZTF19abpgggu_epoch_2.fits,3.183683729348281e+28,True,False,False,,True,14.0,13.0,3.7463001047851054e+28,True,6,5,3.7463001047851054e+28,3.7463001047851054e+28,6.805310402245555e+27,5.504965803689036,True,,,,,C:\Research\bts_vlass_cross_matching\gaussian_adjusted_luminosity_arrays\ZTF19abpgggu_epoch_2_gaussian_adjusted_13x13_lum.npy
ZTF19abpgggu,3,02:11:12.96,+25:34:55.3,SN Ia,0.0491,210.42857142857144,1721.0137459092869,3.744191610607839e+28,7.2554299806348e+27,0.7066939724609255,0.1369439300728118,final_luminosity_arrays\ZTF19abpgggu_epoch_3_lum.npy,dillon_extracting_files\dillon_fits\ztf_cutouts\ztf_cutouts_no_interp\ZTF19abpgggu_epoch_3.fits,3.6037258687771193e+28,True,False,False,,True,13.0,14.0,3.7441916106078386e+28,True,5,6,3.7441916106078386e+28,3.7441916106078386e+28,7.255535409715681e+27,5.160462183940414,True,,,,,C:\Research\bts_vlass_cross_matching\gaussian_adjusted_luminosity_arrays\ZTF19abpgggu_epoch_3_gaussian_adjusted_13x13_lum.npy
ZTF19abpidqn,1,20:19:57.19,+15:22:38.7,SN IIn,0.01458,62.48571428571429,-666.5802529674434,6.437056617303855e+26,6.272488185040188e+26,0.1377871085423976,0.1342664233819436,final_luminosity_arrays\ZTF19abpidqn_epoch_1_lum.npy,dillon_extracting_files\dillon_fits\ztf_cutouts\ztf_cutouts_no_interp\ZTF19abpidqn_epoch_1.fits,6.437056617303855e+26,False,False,False,Original Detection is False; no Gaussian subtraction attempted,,,,,False,10,8,1.3489500126873713e+27,6.437056617303855e+26,6.272579330935877e+26,1.0262216351026108,False,,,,,C:\Research\bts_vlass_cross_matching\gaussian_adjusted_luminosity_arrays\ZTF19abpidqn_epoch_1_gaussian_adjusted_13x13_lum.npy
ZTF19abpidqn,2,20:19:57.19,+15:22:38.7,SN IIn,0.01458,62.48571428571429,357.4888199494286,3.253926532542688e+27,8.306438654021063e+26,0.6965126376599073,0.1778043698474959,final_luminosity_arrays\ZTF19abpidqn_epoch_2_lum.npy,dillon_extracting_files\dillon_fits\ztf_cutouts\ztf_cutouts_no_interp\ZTF19abpidqn_epoch_2.fits,3.253926532542688e+27,False,False,False,Original Detection is False; no Gaussian subtraction attempted,,,,,True,6,6,3.253926532542688e+27,3.253926532542688e+27,8.306559355370954e+26,3.9172976359203715,False,,,,,C:\Research\bts_vlass_cross_matching\gaussian_adjusted_luminosity_arrays\ZTF19abpidqn_epoch_2_gaussian_adjusted_13x13_lum.npy
ZTF19abpidqn,3,20:19:57.19,+15:22:38.7,SN IIn,0.01458,62.48571428571429,1252.4404255399193,3.745209234497381e+28,6.1108663703611686e+26,8.016731590032578,0.1308068101698843,final_luminosity_arrays\ZTF19abpidqn_epoch_3_lum.npy,dillon_extracting_files\dillon_fits\ztf_cutouts\ztf_cutouts_no_interp\ZTF19abpidqn_epoch_3.fits,3.745209234497381e+28,True,False,False,,True,14.0,14.0,3.7452092344973814e+28,True,6,6,3.7452092344973814e+28,3.7452092344973814e+28,6.1109551677207376e+26,61.286805936333984,True,,,,,C:\Research\bts_vlass_cross_matching\gaussian_adjusted_luminosity_arrays\ZTF19abpidqn_epoch_3_gaussian_adjusted_13x13_lum.npy
ZTF19abqrrto,1,03:43:12.89,+40:09:56.1,SN Ia-91T,0.04,171.42857142857142,-61.00365028474838,1.8438249273190976e+28,5.41787065389193e+27,0.524367787875235,0.1540817726126392,final_luminosity_arrays\ZTF19abqrrto_epoch_1_lum.npy,dillon_extracting_files\dillon_fits\ztf_cutouts\ztf_cutouts_no_interp\ZTF19abqrrto_epoch_1.fits,1.4337344123497509e+28,False,False,False,Original Detection is False; no Gaussian subtraction attempted,,,,,False,8,4,3.482204509595044e+28,1.8438249273190979e+28,5.417949381289882e+27,3.403178578387028,False,,,,,C:\Research\bts_vlass_cross_matching\gaussian_adjusted_luminosity_arrays\ZTF19abqrrto_epoch_1_gaussian_adjusted_13x13_lum.npy
ZTF19abqrrto,2,03:43:12.89,+40:09:56.1,SN Ia-91T,0.04,171.42857142857142,753.4194266383286,2.257627112747182e+28,5.716302813918757e+27,0.6420495337806641,0.1625690472559569,final_luminosity_arrays\ZTF19abqrrto_epoch_2_lum.npy,dillon_extracting_files\dillon_fits\ztf_cutouts\ztf_cutouts_no_interp\ZTF19abqrrto_epoch_2.fits,5.537585340370572e+27,False,False,False,Original Detection is False; no Gaussian subtraction attempted,,,,,False,8,5,4.369613553203167e+28,2.257627112747182e+28,5.716385877852022e+27,3.949395931254913,False,,,,,C:\Research\bts_vlass_cross_matching\gaussian_adjusted_luminosity_arrays\ZTF19abqrrto_epoch_2_gaussian_adjusted_13x13_lum.npy
ZTF19abqrrto,3,03:43:12.89,+40:09:56.1,SN Ia-91T,0.04,171.42857142857142,1687.0732727921747,4.835403276649381e+28,5.35627648451375e+27,1.3751466758549211,0.1523300625023996,final_luminosity_arrays\ZTF19abqrrto_epoch_3_lum.npy,dillon_extracting_files\dillon_fits\ztf_cutouts\ztf_cutouts_no_interp\ZTF19abqrrto_epoch_3.fits,1.87657449123107e+28,True,False,False,,True,15.0,13.0,4.835403276649381e+28,True,7,5,4.835403276649381e+28,4.835403276649381e+28,5.356354316883195e+27,9.02741489936209,True,,,,,C:\Research\bts_vlass_cross_matching\gaussian_adjusted_luminosity_arrays\ZTF19abqrrto_epoch_3_gaussian_adjusted_13x13_lum.npy
ZTF19abucwzt,1,07:07:59.25,+31:39:55.3,SN Ib,0.0165,70.71428571428571,-126.39841913995532,4.731956020675454e+26,7.744216386359562e+26,0.079087731137406,0.1294351428103373,final_luminosity_arrays\ZTF19abucwzt_epoch_1_lum.npy,dillon_extracting_files\dillon_fits\ztf_cutouts\ztf_cutouts_no_interp\ZTF19abucwzt_epoch_1.fits,-5.958542008717918e+26,False,False,False,Original Detection is False; no Gaussian subtraction attempted,,,,,False,5,12,1.753837822041598e+27,4.731956020675454e+26,7.744328918024531e+26,0.6110220873576363,False,,,,,C:\Research\bts_vlass_cross_matching\gaussian_adjusted_luminosity_arrays\ZTF19abucwzt_epoch_1_gaussian_adjusted_13x13_lum.npy
ZTF19abucwzt,2,07:07:59.25,+31:39:55.3,SN Ib,0.0165,70.71428571428571,814.0836270971328,1.9081241406701704e+28,7.982645709621611e+26,3.189150709658861,0.1334201984914974,final_luminosity_arrays\ZTF19abucwzt_epoch_2_lum.npy,dillon_extracting_files\dillon_fits\ztf_cutouts\ztf_cutouts_no_interp\ZTF19abucwzt_epoch_2.fits,1.9081241406701704e+28,True,False,False,,True,14.0,14.0,1.9081241406701704e+28,True,6,6,1.9081241406701704e+28,1.9081241406701704e+28,7.982761705917136e+26,23.90305775075052,True,,,,,C:\Research\bts_vlass_cross_matching\gaussian_adjusted_luminosity_arrays\ZTF19abucwzt_epoch_2_gaussian_adjusted_13x13_lum.npy
ZTF19abucwzt,3,07:07:59.25,+31:39:55.3,SN Ib,0.0165,70.71428571428571,1747.6792985186771,2.995340622499096e+28,1.1128691352503486e+27,5.006274208426476,0.1860025188656415,final_luminosity_arrays\ZTF19abucwzt_epoch_3_lum.npy,dillon_extracting_files\dillon_fits\ztf_cutouts\ztf_cutouts_no_interp\ZTF19abucwzt_epoch_3.fits,2.995340622499096e+28,True,False,False,,True,14.0,14.0,2.995340622499096e+28,True,6,6,2.995340622499096e+28,2.995340622499096e+28,1.1128853064173763e+27,26.915088241588517,True,,,,,C:\Research\bts_vlass_cross_matching\gaussian_adjusted_luminosity_arrays\ZTF19abucwzt_epoch_3_gaussian_adjusted_13x13_lum.npy
ZTF19abxnycf,1,03:15:25.89,-19:21:34.6,SN II,0.06807,291.72857142857146,-58.49804935443619,2.677714210358353e+28,1.6745247611493514e+28,0.2629595983307808,0.1644457632479451,final_luminosity_arrays\ZTF19abxnycf_epoch_1_lum.npy,dillon_extracting_files\dillon_fits\ztf_cutouts\ztf_cutouts_no_interp\ZTF19abxnycf_epoch_1.fits,1.71515587175139e+28,False,False,False,Original Detection is False; no Gaussian subtraction attempted,,,,,False,1,1,4.0763821505573824e+28,2.677714210358353e+28,1.6745490937673981e+28,1.5990658143882994,False,,,,,C:\Research\bts_vlass_cross_matching\gaussian_adjusted_luminosity_arrays\ZTF19abxnycf_epoch_1_gaussian_adjusted_13x13_lum.npy
ZTF19abxnycf,2,03:15:25.89,-19:21:34.6,SN II,0.06807,291.72857142857146,826.2754205492217,4.334856546152539e+28,1.551047534439078e+28,0.4256959655322134,0.1523197515811045,final_luminosity_arrays\ZTF19abxnycf_epoch_2_lum.npy,dillon_extracting_files\dillon_fits\ztf_cutouts\ztf_cutouts_no_interp\ZTF19abxnycf_epoch_2.fits,2.3154782087002668e+28,False,False,False,Original Detection is False; no Gaussian subtraction attempted,,,,,False,8,10,4.7742768292235134e+28,4.334856546152539e+28,1.551070072802262e+28,2.79475223083952,False,,,,,C:\Research\bts_vlass_cross_matching\gaussian_adjusted_luminosity_arrays\ZTF19abxnycf_epoch_2_gaussian_adjusted_13x13_lum.npy
ZTF19abxnycf,3,03:15:25.89,-19:21:34.6,SN II,0.06807,291.72857142857146,1736.328132450127,6.289771431224167e+28,1.4308325446799331e+28,0.6176744936965406,0.1405141060609883,final_luminosity_arrays\ZTF19abxnycf_epoch_3_lum.npy,dillon_extracting_files\dillon_fits\ztf_cutouts\ztf_cutouts_no_interp\ZTF19abxnycf_epoch_3.fits,3.69833113224011e+28,True,False,False,,True,13.0,15.0,6.289771431224167e+28,True,5,7,6.289771431224167e+28,6.289771431224167e+28,1.4308533361920125e+28,4.395818405793698,True,,,,,C:\Research\bts_vlass_cross_matching\gaussian_adjusted_luminosity_arrays\ZTF19abxnycf_epoch_3_gaussian_adjusted_13x13_lum.npy
ZTF19abxqppy,1,15:41:30.33,+15:47:03.2,SN IIb,0.01413,60.55714285714286,-147.1334237044187,1.2608512290947982e+27,6.789503557872869e+26,0.2873530611395836,0.1547377625389055,final_luminosity_arrays\ZTF19abxqppy_epoch_1_lum.npy,dillon_extracting_files\dillon_fits\ztf_cutouts\ztf_cutouts_no_interp\ZTF19abxqppy_epoch_1.fits,6.235118766404481e+25,False,False,False,Original Detection is False; no Gaussian subtraction attempted,,,,,False,3,2,1.6093891864230058e+27,1.2608512290947982e+27,6.789602216549428e+26,1.857032546062147,False,,,,,C:\Research\bts_vlass_cross_matching\gaussian_adjusted_luminosity_arrays\ZTF19abxqppy_epoch_1_gaussian_adjusted_13x13_lum.npy
ZTF19abxqppy,2,15:41:30.33,+15:47:03.2,SN IIb,0.01413,60.55714285714286,788.6440407232188,1.5747590482154973e+27,6.374032928148164e+26,0.3588939143810421,0.145268882362875,final_luminosity_arrays\ZTF19abxqppy_epoch_2_lum.npy,dillon_extracting_files\dillon_fits\ztf_cutouts\ztf_cutouts_no_interp\ZTF19abxqppy_epoch_2.fits,1.1848739478985232e+27,False,False,False,Original Detection is False; no Gaussian subtraction attempted,,,,,True,5,6,1.5747590482154973e+27,1.5747590482154973e+27,6.374125549596503e+26,2.4705491537034177,False,,,,,C:\Research\bts_vlass_cross_matching\gaussian_adjusted_luminosity_arrays\ZTF19abxqppy_epoch_2_gaussian_adjusted_13x13_lum.npy
ZTF19abxqppy,3,15:41:30.33,+15:47:03.2,SN IIb,0.01413,60.55714285714286,1723.4354382758008,4.114873728431493e+27,6.722635464149968e+26,0.9377962560392916,0.1532137896711211,final_luminosity_arrays\ZTF19abxqppy_epoch_3_lum.npy,dillon_extracting_files\dillon_fits\ztf_cutouts\ztf_cutouts_no_interp\ZTF19abxqppy_epoch_3.fits,4.114873728431493e+27,True,False,False,,True,14.0,14.0,4.1148737284314924e+27,True,6,6,4.1148737284314924e+27,4.1148737284314924e+27,6.722733151162316e+26,6.1208345414097804,True,,,,,C:\Research\bts_vlass_cross_matching\gaussian_adjusted_luminosity_arrays\ZTF19abxqppy_epoch_3_gaussian_adjusted_13x13_lum.npy
ZTF19abyikbv,1,22:58:55.32,+40:55:57.7,SN Ia,0.01699,72.81428571428573,-112.53642056636852,9.365446377088088e+27,9.150871747038292e+26,1.4763115905225277,0.1442508321277887,final_luminosity_arrays\ZTF19abyikbv_epoch_1_lum.npy,dillon_extracting_files\dillon_fits\ztf_cutouts\ztf_cutouts_no_interp\ZTF19abyikbv_epoch_1.fits,3.360991628865529e+27,True,False,False,,True,13.0,15.0,9.365446377088089e+27,True,5,7,9.365446377088089e+27,9.365446377088089e+27,9.151004718895253e+26,10.234336736544405,True,,,,,C:\Research\bts_vlass_cross_matching\gaussian_adjusted_luminosity_arrays\ZTF19abyikbv_epoch_1_gaussian_adjusted_13x13_lum.npy
ZTF19abyikbv,2,22:58:55.32,+40:55:57.7,SN Ia,0.01699,72.81428571428573,761.611801146726,1.0745457280515296e+28,7.963618413497308e+26,1.693848054856062,0.1255354259846299,final_luminosity_arrays\ZTF19abyikbv_epoch_2_lum.npy,dillon_extracting_files\dillon_fits\ztf_cutouts\ztf_cutouts_no_interp\ZTF19abyikbv_epoch_2.fits,4.93757770858566e+27,True,True,True,,False,12.0,14.0,1.1073931253648381e+28,True,5,6,4.090021041956392e+27,4.090021041956392e+27,7.72509698818454e+26,5.294459148166087,True,9.550320302751338e+27,1.1006469458084085,1.1766486163603984,1.5236109508970427e+27,C:\Research\bts_vlass_cross_matching\gaussian_adjusted_luminosity_arrays\ZTF19abyikbv_epoch_2_gaussian_adjusted_13x13_lum.npy
ZTF19abyikbv,3,22:58:55.32,+40:55:57.7,SN Ia,0.01699,72.81428571428573,1689.841183933184,9.608653373623956e+27,9.841413581173097e+26,1.5146492514759298,0.1551362687229671,final_luminosity_arrays\ZTF19abyikbv_epoch_3_lum.npy,dillon_extracting_files\dillon_fits\ztf_cutouts\ztf_cutouts_no_interp\ZTF19abyikbv_epoch_3.fits,3.345675890589276e+27,True,True,True,,False,12.0,14.0,9.649319082930012e+27,True,5,7,6.045590078673338e+27,6.045590078673338e+27,9.554712705497474e+26,6.327338419285908,True,7.560526021122545e+27,1.2999210260385006,1.0263521433005534,2.0887930618074672e+27,C:\Research\bts_vlass_cross_matching\gaussian_adjusted_luminosity_arrays\ZTF19abyikbv_epoch_3_gaussian_adjusted_13x13_lum.npy
ZTF19abzhfjj,1,00:36:01.66,-05:23:01.9,SN Ia,0.068,291.42857142857144,-616.4594278853972,5.491957369858711e+28,1.2760783452499502e+28,0.5404377006925642,0.1255746943352564,final_luminosity_arrays\ZTF19abzhfjj_epoch_1_lum.npy,dillon_extracting_files\dillon_fits\ztf_cutouts\ztf_cutouts_no_interp\ZTF19abzhfjj_epoch_1.fits,4.026846054149759e+27,True,True,True,,False,13.0,16.0,6.223931943644073e+28,True,7,7,4.228240028894976e+28,4.228240028894976e+28,1.2504945248023118e+28,3.3812543318119763,False,5.680994964162739e+28,1.0421405779971378,1.161873042428534,5.429369794813342e+27,C:\Research\bts_vlass_cross_matching\gaussian_adjusted_luminosity_arrays\ZTF19abzhfjj_epoch_1_gaussian_adjusted_13x13_lum.npy
ZTF19abzhfjj,2,00:36:01.66,-05:23:01.9,SN Ia,0.068,291.42857142857144,277.73532866890986,4.115488029583e+28,1.761981695166462e+28,0.404985825298354,0.1733908530134224,final_luminosity_arrays\ZTF19abzhfjj_epoch_2_lum.npy,dillon_extracting_files\dillon_fits\ztf_cutouts\ztf_cutouts_no_interp\ZTF19abzhfjj_epoch_2.fits,1.7190572537936002e+28,False,False,False,Original Detection is False; no Gaussian subtraction attempted,,,,,False,6,8,5.810701686425367e+28,4.115488029583e+28,1.7620072986263739e+28,2.3356816017682522,False,,,,,C:\Research\bts_vlass_cross_matching\gaussian_adjusted_luminosity_arrays\ZTF19abzhfjj_epoch_2_gaussian_adjusted_13x13_lum.npy
ZTF19abzhfjj,3,00:36:01.66,-05:23:01.9,SN Ia,0.068,291.42857142857144,1197.210984099621,4.419325717188473e+28,1.885978844721229e+28,0.4348850634414702,0.1855930067540167,final_luminosity_arrays\ZTF19abzhfjj_epoch_3_lum.npy,dillon_extracting_files\dillon_fits\ztf_cutouts\ztf_cutouts_no_interp\ZTF19abzhfjj_epoch_3.fits,1.4466857971921944e+28,False,False,False,Original Detection is False; no Gaussian subtraction attempted,,,,,False,5,8,6.8802116481173655e+28,4.419325717188473e+28,1.8860062499910336e+28,2.3432190201965044,False,,,,,C:\Research\bts_vlass_cross_matching\gaussian_adjusted_luminosity_arrays\ZTF19abzhfjj_epoch_3_gaussian_adjusted_13x13_lum.npy
ZTF19abzrhgq,1,04:46:37.88,-10:13:34.8,TDE,0.0151,64.71428571428571,-608.3142579458937,8.916369565251127e+26,5.8229290776269466e+26,0.1779387239366769,0.1162064468112641,final_luminosity_arrays\ZTF19abzrhgq_epoch_1_lum.npy,dillon_extracting_files\dillon_fits\ztf_cutouts\ztf_cutouts_no_interp\ZTF19abzrhgq_epoch_1.fits,8.916369565251127e+26,False,False,False,Original Detection is False; no Gaussian subtraction attempted,,,,,False,2,2,1.9497099590297356e+27,8.916369565251127e+26,5.8230136909527375e+26,1.5312293665227958,False,,,,,C:\Research\bts_vlass_cross_matching\gaussian_adjusted_luminosity_arrays\ZTF19abzrhgq_epoch_1_gaussian_adjusted_13x13_lum.npy
ZTF19abzrhgq,2,04:46:37.88,-10:13:34.8,TDE,0.0151,64.71428571428571,390.6021049740158,5.169220107233916e+27,1.1466694257749218e+27,1.031590742059052,0.228837373528033,final_luminosity_arrays\ZTF19abzrhgq_epoch_2_lum.npy,dillon_extracting_files\dillon_fits\ztf_cutouts\ztf_cutouts_no_interp\ZTF19abzrhgq_epoch_2.fits,5.169220107233916e+27,True,False,False,,True,14.0,14.0,5.169220107233916e+27,True,6,6,5.169220107233916e+27,5.169220107233916e+27,1.146686088095964e+27,4.507964438477877,True,,,,,C:\Research\bts_vlass_cross_matching\gaussian_adjusted_luminosity_arrays\ZTF19abzrhgq_epoch_2_gaussian_adjusted_13x13_lum.npy
ZTF19abzrhgq,3,04:46:37.88,-10:13:34.8,TDE,0.0151,64.71428571428571,1262.4373921378422,3.80894963949972e+27,7.798535089889633e+26,0.7601295947097244,0.1556330226674102,final_luminosity_arrays\ZTF19abzrhgq_epoch_3_lum.npy,dillon_extracting_files\dillon_fits\ztf_cutouts\ztf_cutouts_no_interp\ZTF19abzrhgq_epoch_3.fits,3.80894963949972e+27,True,False,False,,True,14.0,14.0,3.8089496394997196e+27,True,6,6,3.8089496394997196e+27,3.8089496394997196e+27,7.798648410862883e+26,4.8841150912691,True,,,,,C:\Research\bts_vlass_cross_matching\gaussian_adjusted_luminosity_arrays\ZTF19abzrhgq_epoch_3_gaussian_adjusted_13x13_lum.npy
ZTF19abzzhsa,1,07:22:11.78,+52:11:53.9,SN Ia,0.041,175.71428571428572,-130.1293160956922,3.94282185411245e+28,4.6825492583819e+27,1.0672735515981913,0.1267527111874797,final_luminosity_arrays\ZTF19abzzhsa_epoch_1_lum.npy,dillon_extracting_files\dillon_fits\ztf_cutouts\ztf_cutouts_no_interp\ZTF19abzzhsa_epoch_1.fits,2.660610515360551e+28,True,False,False,,True,13.0,14.0,3.94282185411245e+28,True,5,6,3.94282185411245e+28,3.94282185411245e+28,4.682617300781292e+27,8.42012404783665,True,,,,,C:\Research\bts_vlass_cross_matching\gaussian_adjusted_luminosity_arrays\ZTF19abzzhsa_epoch_1_gaussian_adjusted_13x13_lum.npy
ZTF19abzzhsa,2,07:22:11.78,+52:11:53.9,SN Ia,0.041,175.71428571428572,758.4393678620409,4.52823551584564e+28,4.718390889543312e+27,1.2257378548383713,0.1277229143124032,final_luminosity_arrays\ZTF19abzzhsa_epoch_2_lum.npy,dillon_extracting_files\dillon_fits\ztf_cutouts\ztf_cutouts_no_interp\ZTF19abzzhsa_epoch_2.fits,3.758725501761177e+28,True,False,False,,True,13.0,14.0,4.52823551584564e+28,True,5,6,4.52823551584564e+28,4.52823551584564e+28,4.718459452759561e+27,9.59685160205696,True,,,,,C:\Research\bts_vlass_cross_matching\gaussian_adjusted_luminosity_arrays\ZTF19abzzhsa_epoch_2_gaussian_adjusted_13x13_lum.npy
ZTF19abzzhsa,3,07:22:11.78,+52:11:53.9,SN Ia,0.041,175.71428571428572,1621.0714523961426,2.793867581754056e+28,4.680788707389017e+27,0.7562657119706273,0.1267050545373906,final_luminosity_arrays\ZTF19abzzhsa_epoch_3_lum.npy,dillon_extracting_files\dillon_fits\ztf_cutouts\ztf_cutouts_no_interp\ZTF19abzzhsa_epoch_3.fits,2.276267517657108e+28,True,False,False,,True,13.0,13.0,2.793867581754056e+28,True,5,5,2.793867581754056e+28,2.793867581754056e+28,4.6808567242057386e+27,5.96870988873971,True,,,,,C:\Research\bts_vlass_cross_matching\gaussian_adjusted_luminosity_arrays\ZTF19abzzhsa_epoch_3_gaussian_adjusted_13x13_lum.npy
ZTF19acbunmk,1,03:04:19.88,-02:18:22.3,SN Ia,0.028,120.0,-637.5679920557959,2.797215467521759e+28,2.329153676129409e+27,1.6234770882874727,0.1351838147220585,final_luminosity_arrays\ZTF19acbunmk_epoch_1_lum.npy,dillon_extracting_files\dillon_fits\ztf_cutouts\ztf_cutouts_no_interp\ZTF19acbunmk_epoch_1.fits,1.182193216934882e+28,True,True,True,,False,14.0,16.0,3.0392335536254056e+28,True,7,7,1.5005358912286384e+28,1.5005358912286384e+28,2.2955577249419083e+27,6.536694219992273,True,2.689843416064263e+28,1.2258486194696845,1.1223311798148479,3.4939013756114264e+27,C:\Research\bts_vlass_cross_matching\gaussian_adjusted_luminosity_arrays\ZTF19acbunmk_epoch_1_gaussian_adjusted_13x13_lum.npy
ZTF19acbunmk,2,03:04:19.88,-02:18:22.3,SN Ia,0.028,120.0,310.87558771074106,2.146593925230896e+28,3.158335681532576e+27,1.2458625715225933,0.1833094441032685,final_luminosity_arrays\ZTF19acbunmk_epoch_2_lum.npy,dillon_extracting_files\dillon_fits\ztf_cutouts\ztf_cutouts_no_interp\ZTF19acbunmk_epoch_2.fits,5.440512759714284e+26,True,True,True,,False,15.0,16.0,2.88907175990833e+28,False,6,8,1.1750059538188365e+28,4.4229774662766747e+27,3.149116449518111e+27,1.4045137857488548,False,2.4792742447310093e+28,1.1549875544805994,1.1363188455187636,4.0979751517732056e+27,C:\Research\bts_vlass_cross_matching\gaussian_adjusted_luminosity_arrays\ZTF19acbunmk_epoch_2_gaussian_adjusted_13x13_lum.npy
ZTF19acbunmk,3,03:04:19.88,-02:18:22.3,SN Ia,0.028,120.0,1208.7355098897294,1.883302212973972e+28,2.792549694774867e+27,1.0930505814030769,0.162079266992777,final_luminosity_arrays\ZTF19acbunmk_epoch_3_lum.npy,dillon_extracting_files\dillon_fits\ztf_cutouts\ztf_cutouts_no_interp\ZTF19acbunmk_epoch_3.fits,7.966191731213161e+27,True,True,True,,False,14.0,16.0,2.4519878004446297e+28,False,8,8,8.409985187101805e+27,4.716612154876939e+27,2.709653456901753e+27,1.7406698789704143,False,2.2534975572552783e+28,1.1980432373675836,1.1634874208217547,1.984902431893515e+27,C:\Research\bts_vlass_cross_matching\gaussian_adjusted_luminosity_arrays\ZTF19acbunmk_epoch_3_gaussian_adjusted_13x13_lum.npy
ZTF19acclzaw,1,18:52:12.11,+32:16:50.0,SN Ia,0.07,300.00000000000006,-112.34206256508897,3.215063002265577e+29,1.4835336432334589e+28,2.985586877912283,0.1377665985485929,final_luminosity_arrays\ZTF19acclzaw_epoch_1_lum.npy,dillon_extracting_files\dillon_fits\ztf_cutouts\ztf_cutouts_no_interp\ZTF19acclzaw_epoch_1.fits,6.585162055660474e+27,True,True,True,,False,16.0,15.0,8.213233369711767e+29,False,9,6,1.7593982746402967e+29,5.850266563128064e+27,1.493059160007096e+28,0.39183086108257487,False,8.798898759415314e+29,0.9887263626465514,1.3516456042355582,0.0,C:\Research\bts_vlass_cross_matching\gaussian_adjusted_luminosity_arrays\ZTF19acclzaw_epoch_1_gaussian_adjusted_13x13_lum.npy
ZTF19acclzaw,2,18:52:12.11,+32:16:50.0,SN Ia,0.07,300.00000000000006,687.657937434911,3.94693737046592e+29,1.6434451816235842e+28,3.665223484858872,0.1526165945787897,final_luminosity_arrays\ZTF19acclzaw_epoch_2_lum.npy,dillon_extracting_files\dillon_fits\ztf_cutouts\ztf_cutouts_no_interp\ZTF19acclzaw_epoch_2.fits,5.283711031211571e+28,True,True,True,,False,16.0,16.0,9.680056512154924e+29,False,9,7,2.7305105890480738e+29,4.441377276151895e+28,1.5904031591941826e+28,2.792610949290512,False,8.469395365868123e+29,1.2141634777340566,1.087479710036303,1.2106611462868007e+29,C:\Research\bts_vlass_cross_matching\gaussian_adjusted_luminosity_arrays\ZTF19acclzaw_epoch_2_gaussian_adjusted_13x13_lum.npy
ZTF19acclzaw,3,18:52:12.11,+32:16:50.0,SN Ia,0.07,300.00000000000006,1614.7607411732288,3.40779130407e+29,1.2376255233527832e+28,3.1645591370761395,0.1149306316084693,final_luminosity_arrays\ZTF19acclzaw_epoch_3_lum.npy,dillon_extracting_files\dillon_fits\ztf_cutouts\ztf_cutouts_no_interp\ZTF19acclzaw_epoch_3.fits,4.242528335781693e+28,True,True,True,,False,16.0,16.0,9.785933219349037e+29,False,9,7,3.53090552054662e+29,2.6457979262237114e+28,1.2296300054575753e+28,2.1517024751190466,False,8.949678917357942e+29,1.174275267181318,1.151914150190262,8.362543019910938e+28,C:\Research\bts_vlass_cross_matching\gaussian_adjusted_luminosity_arrays\ZTF19acclzaw_epoch_3_gaussian_adjusted_13x13_lum.npy
ZTF19aceidtc,1,19:30:30.01,-00:28:15.2,SN Ia,0.024,102.85714285714286,-649.5185456451509,1.2885919383581278e+28,1.6245952392363597e+27,1.0179565288126469,0.128340967549152,final_luminosity_arrays\ZTF19aceidtc_epoch_1_lum.npy,dillon_extracting_files\dillon_fits\ztf_cutouts\ztf_cutouts_no_interp\ZTF19aceidtc_epoch_1.fits,1.2885919383581278e+28,True,False,False,,True,14.0,14.0,1.2885919383581278e+28,True,6,6,1.2885919383581278e+28,1.2885919383581278e+28,1.6246188463255793e+27,7.931656962324131,True,,,,,C:\Research\bts_vlass_cross_matching\gaussian_adjusted_luminosity_arrays\ZTF19aceidtc_epoch_1_gaussian_adjusted_13x13_lum.npy
ZTF19aceidtc,2,19:30:30.01,-00:28:15.2,SN Ia,0.024,102.85714285714286,301.6533293548491,1.5508092525484365e+28,2.258326453941301e+27,1.2251018779352307,0.1784049313581082,final_luminosity_arrays\ZTF19aceidtc_epoch_2_lum.npy,dillon_extracting_files\dillon_fits\ztf_cutouts\ztf_cutouts_no_interp\ZTF19aceidtc_epoch_2.fits,1.5508092525484365e+28,True,False,False,,True,14.0,14.0,1.5508092525484363e+28,True,6,6,1.5508092525484363e+28,1.5508092525484363e+28,2.2583592698161716e+27,6.866973175063818,True,,,,,C:\Research\bts_vlass_cross_matching\gaussian_adjusted_luminosity_arrays\ZTF19aceidtc_epoch_2_gaussian_adjusted_13x13_lum.npy
ZTF19aceidtc,3,19:30:30.01,-00:28:15.2,SN Ia,0.024,102.85714285714286,1170.7939543548491,3.98847600812662e+28,1.8535597587937723e+27,3.1507997773587704,0.1464288747796556,final_luminosity_arrays\ZTF19aceidtc_epoch_3_lum.npy,dillon_extracting_files\dillon_fits\ztf_cutouts\ztf_cutouts_no_interp\ZTF19aceidtc_epoch_3.fits,3.98847600812662e+28,True,False,False,,True,14.0,14.0,3.98847600812662e+28,True,6,6,3.98847600812662e+28,3.98847600812662e+28,1.8535866929799278e+27,21.517612438803855,True,,,,,C:\Research\bts_vlass_cross_matching\gaussian_adjusted_luminosity_arrays\ZTF19aceidtc_epoch_3_gaussian_adjusted_13x13_lum.npy
ZTF19aceqjqw,1,07:59:28.41,+26:53:23.2,SN Ic,0.0265,113.57142857142856,-181.66152513923947,7.57666875392788e+27,2.341012803208318e+27,0.4909337149001658,0.1516891987389887,final_luminosity_arrays\ZTF19aceqjqw_epoch_1_lum.npy,dillon_extracting_files\dillon_fits\ztf_cutouts\ztf_cutouts_no_interp\ZTF19aceqjqw_epoch_1.fits,6.686149477917757e+27,False,False,False,Original Detection is False; no Gaussian subtraction attempted,,,,,False,7,10,7.595699861237101e+27,7.57666875392788e+27,2.3410468206034056e+27,3.2364447764333866,False,,,,,C:\Research\bts_vlass_cross_matching\gaussian_adjusted_luminosity_arrays\ZTF19aceqjqw_epoch_1_gaussian_adjusted_13x13_lum.npy
ZTF19aceqjqw,2,07:59:28.41,+26:53:23.2,SN Ic,0.0265,113.57142857142856,758.4261514316324,7.903601348097055e+27,1.8980012197949736e+27,0.5121174617670476,0.1229836435929577,final_luminosity_arrays\ZTF19aceqjqw_epoch_2_lum.npy,dillon_extracting_files\dillon_fits\ztf_cutouts\ztf_cutouts_no_interp\ZTF19aceqjqw_epoch_2.fits,4.5084271000748974e+27,True,True,True,,False,12.0,12.0,9.864164732687356e+27,False,7,4,8.279574609213717e+27,7.639651586417945e+27,1.851984352349164e+27,4.125116703457764,False,6.823093948396548e+27,0.9725451523196652,1.285369893858974,3.041070784290807e+27,C:\Research\bts_vlass_cross_matching\gaussian_adjusted_luminosity_arrays\ZTF19aceqjqw_epoch_2_gaussian_adjusted_13x13_lum.npy
ZTF19aceqjqw,3,07:59:28.41,+26:53:23.2,SN Ic,0.0265,113.57142857142856,1651.7529902041606,8.277150048968617e+27,2.0817243995179453e+27,0.5363217205740511,0.1348882439794926,final_luminosity_arrays\ZTF19aceqjqw_epoch_3_lum.npy,dillon_extracting_files\dillon_fits\ztf_cutouts\ztf_cutouts_no_interp\ZTF19aceqjqw_epoch_3.fits,5.821230791763578e+27,False,False,False,Original Detection is False; no Gaussian subtraction attempted,,,,,True,6,5,8.277150048968617e+27,8.277150048968617e+27,2.0817546491779492e+27,3.976044944699477,False,,,,,C:\Research\bts_vlass_cross_matching\gaussian_adjusted_luminosity_arrays\ZTF19aceqjqw_epoch_3_gaussian_adjusted_13x13_lum.npy
ZTF19aceqvhl,1,09:04:41.05,+42:03:14.2,SN Ic,0.028,120.0,-131.82745397395314,1.0318519031781386e+28,3.2361244145019285e+27,0.5988769698888063,0.1878242933263853,final_luminosity_arrays\ZTF19aceqvhl_epoch_1_lum.npy,dillon_extracting_files\dillon_fits\ztf_cutouts\ztf_cutouts_no_interp\ZTF19aceqvhl_epoch_1.fits,7.207902593824078e+27,False,False,False,Original Detection is False; no Gaussian subtraction attempted,,,,,False,1,5,2.8977422769527177e+28,1.0318519031781386e+28,3.236171438816622e+27,3.188495797229637,False,,,,,C:\Research\bts_vlass_cross_matching\gaussian_adjusted_luminosity_arrays\ZTF19aceqvhl_epoch_1_gaussian_adjusted_13x13_lum.npy
ZTF19aceqvhl,2,09:04:41.05,+42:03:14.2,SN Ic,0.028,120.0,714.4760479715721,8.572192213722466e+27,2.369453908465226e+27,0.4975218325853348,0.1375228356278814,final_luminosity_arrays\ZTF19aceqvhl_epoch_2_lum.npy,dillon_extracting_files\dillon_fits\ztf_cutouts\ztf_cutouts_no_interp\ZTF19aceqvhl_epoch_2.fits,4.5306465287199726e+27,False,False,False,Original Detection is False; no Gaussian subtraction attempted,,,,,False,1,5,3.2292451856898694e+28,8.572192213722466e+27,2.369488339139691e+27,3.6177397761893357,False,,,,,C:\Research\bts_vlass_cross_matching\gaussian_adjusted_luminosity_arrays\ZTF19aceqvhl_epoch_2_gaussian_adjusted_13x13_lum.npy
ZTF19aceqvhl,3,09:04:41.05,+42:03:14.2,SN Ic,0.028,120.0,1654.1647639248797,1.1494030292200673e+28,2.7038833007328173e+27,0.667102518491447,0.1569330795569303,final_luminosity_arrays\ZTF19aceqvhl_epoch_3_lum.npy,dillon_extracting_files\dillon_fits\ztf_cutouts\ztf_cutouts_no_interp\ZTF19aceqvhl_epoch_3.fits,6.655172928002054e+27,True,True,True,,False,9.0,13.0,2.58947026425385e+28,False,0,4,1.2762417454013702e+28,1.1455090605489594e+28,2.874487535782382e+27,3.9850896769923656,False,1.7264915586145353e+28,1.0759295480953928,1.1886142546516445,8.629787056393145e+27,C:\Research\bts_vlass_cross_matching\gaussian_adjusted_luminosity_arrays\ZTF19aceqvhl_epoch_3_gaussian_adjusted_13x13_lum.npy
ZTF19acfecsg,1,20:43:08.65,+05:38:57.8,SN Ia,0.07,300.00000000000006,-676.808129975607,2.3502730998908524e+29,1.5099875356001578e+28,2.1825216244906187,0.1402232080001907,final_luminosity_arrays\ZTF19acfecsg_epoch_1_lum.npy,dillon_extracting_files\dillon_fits\ztf_cutouts\ztf_cutouts_no_interp\ZTF19acfecsg_epoch_1.fits,1.5070319957972488e+29,True,False,False,,True,15.0,14.0,2.3502730998908524e+29,True,7,6,2.3502730998908524e+29,2.3502730998908524e+29,1.5100094773180782e+28,15.564624826495546,True,,,,,C:\Research\bts_vlass_cross_matching\gaussian_adjusted_luminosity_arrays\ZTF19acfecsg_epoch_1_gaussian_adjusted_13x13_lum.npy
ZTF19acfecsg,2,20:43:08.65,+05:38:57.8,SN Ia,0.07,300.00000000000006,278.3320569402808,2.3970137497720544e+29,2.193863921358472e+28,2.2259261459112167,0.203730580363031,final_luminosity_arrays\ZTF19acfecsg_epoch_2_lum.npy,dillon_extracting_files\dillon_fits\ztf_cutouts\ztf_cutouts_no_interp\ZTF19acfecsg_epoch_2.fits,1.0017987943251113e+29,True,False,False,,True,15.0,14.0,2.3970137497720544e+29,True,7,6,2.3970137497720544e+29,2.3970137497720544e+29,2.19389580052448e+28,10.925832253286671,True,,,,,C:\Research\bts_vlass_cross_matching\gaussian_adjusted_luminosity_arrays\ZTF19acfecsg_epoch_2_gaussian_adjusted_13x13_lum.npy
ZTF19acfecsg,3,20:43:08.65,+05:38:57.8,SN Ia,0.07,300.00000000000006,1155.9021503982246,2.25811413069997e+29,1.5470444067761909e+28,2.096940530464053,0.1436644505483869,final_luminosity_arrays\ZTF19acfecsg_epoch_3_lum.npy,dillon_extracting_files\dillon_fits\ztf_cutouts\ztf_cutouts_no_interp\ZTF19acfecsg_epoch_3.fits,1.12041615908309e+29,True,False,False,,True,15.0,14.0,2.25811413069997e+29,True,7,6,2.25811413069997e+29,2.25811413069997e+29,1.5470668869696908e+28,14.596098912846871,True,,,,,C:\Research\bts_vlass_cross_matching\gaussian_adjusted_luminosity_arrays\ZTF19acfecsg_epoch_3_gaussian_adjusted_13x13_lum.npy
ZTF19acgmkrt,1,01:44:58.56,+15:32:40.2,SN Ia,0.0704,301.7142857142857,-696.1286214395371,2.213758857879396e+28,1.3914633695763886e+28,0.2032456686720252,0.1277524024301095,final_luminosity_arrays\ZTF19acgmkrt_epoch_1_lum.npy,dillon_extracting_files\dillon_fits\ztf_cutouts\ztf_cutouts_no_interp\ZTF19acgmkrt_epoch_1.fits,1.6397217560441905e+28,False,False,False,Original Detection is False; no Gaussian subtraction attempted,,,,,False,0,5,2.4475548642726693e+28,2.213758857879396e+28,1.391483589012663e+28,1.590934219677132,False,,,,,C:\Research\bts_vlass_cross_matching\gaussian_adjusted_luminosity_arrays\ZTF19acgmkrt_epoch_1_gaussian_adjusted_13x13_lum.npy
ZTF19acgmkrt,2,01:44:58.56,+15:32:40.2,SN Ia,0.0704,301.7142857142857,266.12847870993966,6.1612581636477216e+28,1.7188884944053495e+28,0.5656664143316448,0.1578138091674012,final_luminosity_arrays\ZTF19acgmkrt_epoch_2_lum.npy,dillon_extracting_files\dillon_fits\ztf_cutouts\ztf_cutouts_no_interp\ZTF19acgmkrt_epoch_2.fits,4.07065029105797e+28,False,False,False,Original Detection is False; no Gaussian subtraction attempted,,,,,True,7,6,6.1612581636477216e+28,6.1612581636477216e+28,1.7189134716754202e+28,3.584391108205325,False,,,,,C:\Research\bts_vlass_cross_matching\gaussian_adjusted_luminosity_arrays\ZTF19acgmkrt_epoch_2_gaussian_adjusted_13x13_lum.npy
ZTF19acgmkrt,3,01:44:58.56,+15:32:40.2,SN Ia,0.0704,301.7142857142857,1122.81756690127,6.419354433573162e+28,1.5124943102003004e+28,0.58936228742823,0.138864440138862,final_luminosity_arrays\ZTF19acgmkrt_epoch_3_lum.npy,dillon_extracting_files\dillon_fits\ztf_cutouts\ztf_cutouts_no_interp\ZTF19acgmkrt_epoch_3.fits,4.191493199866958e+28,True,False,False,,True,15.0,15.0,6.419354433573162e+28,True,7,7,6.419354433573162e+28,6.419354433573162e+28,1.5125162883443098e+28,4.244155572433649,True,,,,,C:\Research\bts_vlass_cross_matching\gaussian_adjusted_luminosity_arrays\ZTF19acgmkrt_epoch_3_gaussian_adjusted_13x13_lum.npy
ZTF19acjifxp,1,11:48:27.32,+12:43:38.0,SN Ia,0.0136,58.285714285714285,-725.7498026836146,1.396106802448617e+27,5.565146459802839e+26,0.3434607642702758,0.1369119631686468,final_luminosity_arrays\ZTF19acjifxp_epoch_1_lum.npy,dillon_extracting_files\dillon_fits\ztf_cutouts\ztf_cutouts_no_interp\ZTF19acjifxp_epoch_1.fits,9.477915187287744e+26,False,False,False,Original Detection is False; no Gaussian subtraction attempted,,,,,False,6,2,1.3684304551270357e+28,1.396106802448617e+27,5.565227327274208e+26,2.5086249318272067,False,,,,,C:\Research\bts_vlass_cross_matching\gaussian_adjusted_luminosity_arrays\ZTF19acjifxp_epoch_1_gaussian_adjusted_13x13_lum.npy
ZTF19acjifxp,2,11:48:27.32,+12:43:38.0,SN Ia,0.0136,58.285714285714285,338.77269139689054,2.2383357750760687e+27,6.230858589683818e+26,0.5506602465175091,0.1532896012533802,final_luminosity_arrays\ZTF19acjifxp_epoch_2_lum.npy,dillon_extracting_files\dillon_fits\ztf_cutouts\ztf_cutouts_no_interp\ZTF19acjifxp_epoch_2.fits,8.499702930459505e+26,False,False,False,Original Detection is False; no Gaussian subtraction attempted,,,,,False,6,2,1.6133163025353003e+28,2.2383357750760692e+27,6.230949130657402e+26,3.592287030659664,False,,,,,C:\Research\bts_vlass_cross_matching\gaussian_adjusted_luminosity_arrays\ZTF19acjifxp_epoch_2_gaussian_adjusted_13x13_lum.npy
ZTF19acjifxp,3,11:48:27.32,+12:43:38.0,SN Ia,0.0136,58.285714285714285,1155.662983425304,2.786025469920832e+27,6.481682930646178e+26,0.6853991653770208,0.1594603019132251,final_luminosity_arrays\ZTF19acjifxp_epoch_3_lum.npy,dillon_extracting_files\dillon_fits\ztf_cutouts\ztf_cutouts_no_interp\ZTF19acjifxp_epoch_3.fits,5.416273739225671e+26,True,True,True,,False,14.0,11.0,1.7076729392275513e+28,False,6,10,2.1231433873854456e+27,5.12658701817238e+26,6.322307094630864e+26,0.8108728256060302,False,1.5571277847516703e+28,1.1858922995570753,1.1681124651041044,5.381663254235483e+26,C:\Research\bts_vlass_cross_matching\gaussian_adjusted_luminosity_arrays\ZTF19acjifxp_epoch_3_gaussian_adjusted_13x13_lum.npy
ZTF19acjnaxa,1,09:59:00.50,+12:44:57.6,SN Ia,0.0894,383.1428571428571,-665.1872590414863,9.35467237664841e+28,2.0857434957224693e+28,0.5325861275196075,0.1187485941049347,final_luminosity_arrays\ZTF19acjnaxa_epoch_1_lum.npy,dillon_extracting_files\dillon_fits\ztf_cutouts\ztf_cutouts_no_interp\ZTF19acjnaxa_epoch_1.fits,2.277034266511346e+28,True,False,False,,True,14.0,15.0,9.35467237664841e+28,True,6,7,9.35467237664841e+28,9.35467237664841e+28,2.085773803784197e+28,4.484988908996905,True,,,,,C:\Research\bts_vlass_cross_matching\gaussian_adjusted_luminosity_arrays\ZTF19acjnaxa_epoch_1_gaussian_adjusted_13x13_lum.npy
ZTF19acjnaxa,2,09:59:00.50,+12:44:57.6,SN Ia,0.0894,383.1428571428571,317.9227097486735,3.315488924666819e+28,2.2847100430422944e+28,0.1887595135485753,0.1300764480891841,final_luminosity_arrays\ZTF19acjnaxa_epoch_2_lum.npy,dillon_extracting_files\dillon_fits\ztf_cutouts\ztf_cutouts_no_interp\ZTF19acjnaxa_epoch_2.fits,3.391776553638422e+27,False,False,False,Original Detection is False; no Gaussian subtraction attempted,,,,,False,8,9,6.018319173808355e+28,3.315488924666819e+28,2.284743242298653e+28,1.4511428957466335,False,,,,,C:\Research\bts_vlass_cross_matching\gaussian_adjusted_luminosity_arrays\ZTF19acjnaxa_epoch_2_gaussian_adjusted_13x13_lum.npy
ZTF19acjnaxa,3,09:59:00.50,+12:44:57.6,SN Ia,0.0894,383.1428571428571,1085.3176060218514,3.5128357710136284e+28,2.4779327356170136e+28,0.1999949890887364,0.1410772845484488,final_luminosity_arrays\ZTF19acjnaxa_epoch_3_lum.npy,dillon_extracting_files\dillon_fits\ztf_cutouts\ztf_cutouts_no_interp\ZTF19acjnaxa_epoch_3.fits,-2.7503079903236754e+28,False,False,False,Original Detection is False; no Gaussian subtraction attempted,,,,,False,12,0,5.196973753549243e+28,3.5128357710136284e+28,2.477968742603712e+28,1.4176271518754249,False,,,,,C:\Research\bts_vlass_cross_matching\gaussian_adjusted_luminosity_arrays\ZTF19acjnaxa_epoch_3_gaussian_adjusted_13x13_lum.npy
ZTF19acmxidf,1,08:38:45.66,-14:40:48.6,SN Ia,0.01422,60.94285714285714,-202.6424749323208,2.2592677784166687e+27,1.2326158074425684e+27,0.5083991563878953,0.2773774532999079,final_luminosity_arrays\ZTF19acmxidf_epoch_1_lum.npy,dillon_extracting_files\dillon_fits\ztf_cutouts\ztf_cutouts_no_interp\ZTF19acmxidf_epoch_1.fits,-7.918951580546294e+26,False,False,False,Original Detection is False; no Gaussian subtraction attempted,,,,,False,3,0,1.5888897785306257e+28,2.2592677784166687e+27,1.2326337186555506e+27,1.8328784489855439,False,,,,,C:\Research\bts_vlass_cross_matching\gaussian_adjusted_luminosity_arrays\ZTF19acmxidf_epoch_1_gaussian_adjusted_13x13_lum.npy
ZTF19acmxidf,2,08:38:45.66,-14:40:48.6,SN Ia,0.01422,60.94285714285714,808.972362085289,6.247539482302302e+27,1.0079719621717532e+27,1.4058731030672789,0.2268254992161773,final_luminosity_arrays\ZTF19acmxidf_epoch_2_lum.npy,dillon_extracting_files\dillon_fits\ztf_cutouts\ztf_cutouts_no_interp\ZTF19acmxidf_epoch_2.fits,3.628225750822418e+27,True,True,True,,False,11.0,8.0,1.8120975656273918e+28,False,4,2,1.4736858701991142e+28,6.246310245006001e+27,9.970967663439711e+26,6.264497545117095,False,7.713170037029635e+27,1.382614758549652,0.9523061582876271,1.1307923347252481e+28,C:\Research\bts_vlass_cross_matching\gaussian_adjusted_luminosity_arrays\ZTF19acmxidf_epoch_2_gaussian_adjusted_13x13_lum.npy
ZTF19acmxidf,3,08:38:45.66,-14:40:48.6,SN Ia,0.01422,60.94285714285714,1697.3397774389598,3.0964968012111455e+27,1.0721382467190166e+27,0.6967993685975671,0.2412649380810455,final_luminosity_arrays\ZTF19acmxidf_epoch_3_lum.npy,dillon_extracting_files\dillon_fits\ztf_cutouts\ztf_cutouts_no_interp\ZTF19acmxidf_epoch_3.fits,9.548999012854872e+26,False,False,False,Original Detection is False; no Gaussian subtraction attempted,,,,,False,3,0,1.758801570471668e+28,3.0964968012111455e+27,1.072153826023101e+27,2.888108707961116,False,,,,,C:\Research\bts_vlass_cross_matching\gaussian_adjusted_luminosity_arrays\ZTF19acmxidf_epoch_3_gaussian_adjusted_13x13_lum.npy
ZTF19acrwyyb,1,13:04:17.74,+57:17:27.4,SN Ibn,0.052,222.8571428571429,-746.664543286012,3.093019233213365e+28,7.684942482812014e+27,0.5204898188821969,0.1293232321780548,final_luminosity_arrays\ZTF19acrwyyb_epoch_1_lum.npy,dillon_extracting_files\dillon_fits\ztf_cutouts\ztf_cutouts_no_interp\ZTF19acrwyyb_epoch_1.fits,8.79415142218889e+27,True,False,False,,True,14.0,13.0,3.093019233213365e+28,True,6,5,3.093019233213365e+28,3.093019233213365e+28,7.685054153164393e+27,4.024720153650167,True,,,,,C:\Research\bts_vlass_cross_matching\gaussian_adjusted_luminosity_arrays\ZTF19acrwyyb_epoch_1_gaussian_adjusted_13x13_lum.npy
ZTF19acrwyyb,2,13:04:17.74,+57:17:27.4,SN Ibn,0.052,222.8571428571429,215.31264302577512,7.983926565258524e+27,7.271607562944331e+27,0.1343526237178593,0.1223675772816259,final_luminosity_arrays\ZTF19acrwyyb_epoch_2_lum.npy,dillon_extracting_files\dillon_fits\ztf_cutouts\ztf_cutouts_no_interp\ZTF19acrwyyb_epoch_2.fits,1.0015304583269278e+27,False,False,False,Original Detection is False; no Gaussian subtraction attempted,,,,,False,2,3,1.998025477784949e+28,7.983926565258524e+27,7.271713227102615e+27,1.0979429903122966,False,,,,,C:\Research\bts_vlass_cross_matching\gaussian_adjusted_luminosity_arrays\ZTF19acrwyyb_epoch_2_gaussian_adjusted_13x13_lum.npy
ZTF19acrwyyb,3,13:04:17.74,+57:17:27.4,SN Ibn,0.052,222.8571428571429,1100.293631618931,1.054684734354093e+28,6.614579848361103e+27,0.1774811680661513,0.1113110276886389,final_luminosity_arrays\ZTF19acrwyyb_epoch_3_lum.npy,dillon_extracting_files\dillon_fits\ztf_cutouts\ztf_cutouts_no_interp\ZTF19acrwyyb_epoch_3.fits,5.899837714987045e+27,False,False,False,Original Detection is False; no Gaussian subtraction attempted,,,,,False,10,12,1.4920822557258674e+28,1.054684734354093e+28,6.614675965210922e+27,1.5944616786991201,False,,,,,C:\Research\bts_vlass_cross_matching\gaussian_adjusted_luminosity_arrays\ZTF19acrwyyb_epoch_3_gaussian_adjusted_13x13_lum.npy
ZTF19acxxwvi,1,10:35:04.83,+46:33:38.2,SN IIb,0.01123,48.12857142857143,-198.20278229174824,7.560498763716294e+26,3.975138631970077e+26,0.2727892424445599,0.1434284756912096,final_luminosity_arrays\ZTF19acxxwvi_epoch_1_lum.npy,dillon_extracting_files\dillon_fits\ztf_cutouts\ztf_cutouts_no_interp\ZTF19acxxwvi_epoch_1.fits,4.796609284492985e+26,False,False,False,Original Detection is False; no Gaussian subtraction attempted,,,,,False,9,6,1.207965539978318e+27,7.560498763716294e+26,3.9751963949439406e+26,1.9019182985103593,False,,,,,C:\Research\bts_vlass_cross_matching\gaussian_adjusted_luminosity_arrays\ZTF19acxxwvi_epoch_1_gaussian_adjusted_13x13_lum.npy
ZTF19acxxwvi,2,10:35:04.83,+46:33:38.2,SN IIb,0.01123,48.12857142857143,708.6136689606868,1.247929446279179e+27,3.3973346501260296e+26,0.4502635856624691,0.1225805123780079,final_luminosity_arrays\ZTF19acxxwvi_epoch_2_lum.npy,dillon_extracting_files\dillon_fits\ztf_cutouts\ztf_cutouts_no_interp\ZTF19acxxwvi_epoch_2.fits,1.011019943807961e+27,False,False,False,Original Detection is False; no Gaussian subtraction attempted,,,,,True,7,6,1.247929446279179e+27,1.247929446279179e+27,3.397384016996162e+26,3.673206914602933,False,,,,,C:\Research\bts_vlass_cross_matching\gaussian_adjusted_luminosity_arrays\ZTF19acxxwvi_epoch_2_gaussian_adjusted_13x13_lum.npy
ZTF19acxxwvi,3,10:35:04.83,+46:33:38.2,SN IIb,0.01123,48.12857142857143,1614.441225500742,8.730365886250252e+27,3.5387152180444564e+26,3.1499904580414286,0.1276817179525284,final_luminosity_arrays\ZTF19acxxwvi_epoch_3_lum.npy,dillon_extracting_files\dillon_fits\ztf_cutouts\ztf_cutouts_no_interp\ZTF19acxxwvi_epoch_3.fits,8.730365886250252e+27,True,False,False,,True,14.0,14.0,8.730365886250252e+27,True,6,6,8.730365886250252e+27,8.730365886250252e+27,3.538766639323958e+26,24.670645951150064,True,,,,,C:\Research\bts_vlass_cross_matching\gaussian_adjusted_luminosity_arrays\ZTF19acxxwvi_epoch_3_gaussian_adjusted_13x13_lum.npy
ZTF19adaxzax,1,00:10:10.69,-06:00:03.5,SN II,0.03,128.57142857142858,-731.1564522655228,2.4889177929848193e+27,3.000110828695878e+27,0.1258358388440683,0.1516831731465139,final_luminosity_arrays\ZTF19adaxzax_epoch_1_lum.npy,dillon_extracting_files\dillon_fits\ztf_cutouts\ztf_cutouts_no_interp\ZTF19adaxzax_epoch_1.fits,-3.356603112236936e+27,False,False,False,Original Detection is False; no Gaussian subtraction attempted,,,,,False,12,11,9.761696504519123e+27,2.4889177929848193e+27,3.0001544234832397e+27,0.829596561264715,False,,,,,C:\Research\bts_vlass_cross_matching\gaussian_adjusted_luminosity_arrays\ZTF19adaxzax_epoch_1_gaussian_adjusted_13x13_lum.npy
ZTF19adaxzax,2,00:10:10.69,-06:00:03.5,SN II,0.03,128.57142857142858,196.0280137538946,2.695670157664629e+28,3.977425186004654e+27,1.362889190204441,0.2010953953418788,final_luminosity_arrays\ZTF19adaxzax_epoch_2_lum.npy,dillon_extracting_files\dillon_fits\ztf_cutouts\ztf_cutouts_no_interp\ZTF19adaxzax_epoch_2.fits,2.341789923500334e+28,True,False,False,,True,14.0,13.0,2.6956701576646292e+28,True,6,5,2.6956701576646292e+28,2.6956701576646292e+28,3.977482982204572e+27,6.777326690585911,True,,,,,C:\Research\bts_vlass_cross_matching\gaussian_adjusted_luminosity_arrays\ZTF19adaxzax_epoch_2_gaussian_adjusted_13x13_lum.npy
ZTF19adaxzax,3,00:10:10.69,-06:00:03.5,SN II,0.03,128.57142857142858,1149.426072006322,3.3797179355522733e+27,3.3556016756113274e+27,0.1708733179839328,0.1696565023878594,final_luminosity_arrays\ZTF19adaxzax_epoch_3_lum.npy,dillon_extracting_files\dillon_fits\ztf_cutouts\ztf_cutouts_no_interp\ZTF19adaxzax_epoch_3.fits,1.752385760751069e+27,False,False,False,Original Detection is False; no Gaussian subtraction attempted,,,,,False,6,9,6.518709445092493e+27,3.3797179355522733e+27,3.3556504360571475e+27,1.0071722308249142,False,,,,,C:\Research\bts_vlass_cross_matching\gaussian_adjusted_luminosity_arrays\ZTF19adaxzax_epoch_3_gaussian_adjusted_13x13_lum.npy
ZTF19adbsblp,1,03:32:02.09,+01:10:35.1,SN II,0.0406,174.0,-740.2738737800345,1.2537755354945404e+28,5.991116528746887e+27,0.3461019368842244,0.1653858371522149,final_luminosity_arrays\ZTF19adbsblp_epoch_1_lum.npy,dillon_extracting_files\dillon_fits\ztf_cutouts\ztf_cutouts_no_interp\ZTF19adbsblp_epoch_1.fits,2.437561459423928e+27,False,False,False,Original Detection is False; no Gaussian subtraction attempted,,,,,False,6,8,2.0434259334844806e+28,1.2537755354945404e+28,5.99120358601445e+27,2.092693926177518,False,,,,,C:\Research\bts_vlass_cross_matching\gaussian_adjusted_luminosity_arrays\ZTF19adbsblp_epoch_1_gaussian_adjusted_13x13_lum.npy
ZTF19adbsblp,2,03:32:02.09,+01:10:35.1,SN II,0.0406,174.0,240.8908388857353,1.977248527556894e+28,6.225072310487255e+27,0.5458150408230722,0.1718442281105735,final_luminosity_arrays\ZTF19adbsblp_epoch_2_lum.npy,dillon_extracting_files\dillon_fits\ztf_cutouts\ztf_cutouts_no_interp\ZTF19adbsblp_epoch_2.fits,1.1536906540052553e+28,False,False,False,Original Detection is False; no Gaussian subtraction attempted,,,,,False,6,8,2.5975732520103744e+28,1.977248527556894e+28,6.225162767380077e+27,3.176219805717689,False,,,,,C:\Research\bts_vlass_cross_matching\gaussian_adjusted_luminosity_arrays\ZTF19adbsblp_epoch_2_gaussian_adjusted_13x13_lum.npy
ZTF19adbsblp,3,03:32:02.09,+01:10:35.1,SN II,0.0406,174.0,1079.8299124971134,2.3987523657531016e+28,5.345283462751313e+27,0.6621702341362834,0.1475575005195104,final_luminosity_arrays\ZTF19adbsblp_epoch_3_lum.npy,dillon_extracting_files\dillon_fits\ztf_cutouts\ztf_cutouts_no_interp\ZTF19adbsblp_epoch_3.fits,1.078787299833323e+28,True,False,False,,True,14.0,15.0,2.3987523657531016e+28,True,6,7,2.3987523657531016e+28,2.3987523657531016e+28,5.34536113538051e+27,4.4875403270247824,True,,,,,C:\Research\bts_vlass_cross_matching\gaussian_adjusted_luminosity_arrays\ZTF19adbsblp_epoch_3_gaussian_adjusted_13x13_lum.npy
ZTF19adcetym,1,09:59:41.23,+49:15:29.3,SN Ia,0.0652,279.42857142857144,-240.79253722120035,2.925136469023635e+29,2.078275462561024e+28,3.1310301274061203,0.2224592838972524,final_luminosity_arrays\ZTF19adcetym_epoch_1_lum.npy,dillon_extracting_files\dillon_fits\ztf_cutouts\ztf_cutouts_no_interp\ZTF19adcetym_epoch_1.fits,1.4558817810877936e+29,True,False,False,,True,14.0,13.0,2.925136469023635e+29,True,6,5,2.925136469023635e+29,2.925136469023635e+29,2.078305662104322e+28,14.074621083704702,True,,,,,C:\Research\bts_vlass_cross_matching\gaussian_adjusted_luminosity_arrays\ZTF19adcetym_epoch_1_gaussian_adjusted_13x13_lum.npy
ZTF19adcetym,2,09:59:41.23,+49:15:29.3,SN Ia,0.0652,279.42857142857144,651.0587583101553,2.873464830759399e+29,1.3740201888626474e+28,3.0757214408367872,0.1470755695195901,final_luminosity_arrays\ZTF19adcetym_epoch_2_lum.npy,dillon_extracting_files\dillon_fits\ztf_cutouts\ztf_cutouts_no_interp\ZTF19adcetym_epoch_2.fits,2.418081885961239e+29,True,False,False,,True,14.0,13.0,2.873464830759399e+29,True,6,5,2.873464830759399e+29,2.873464830759399e+29,1.3740401548310346e+28,20.912524431374777,True,,,,,C:\Research\bts_vlass_cross_matching\gaussian_adjusted_luminosity_arrays\ZTF19adcetym_epoch_2_gaussian_adjusted_13x13_lum.npy
ZTF19adcetym,3,09:59:41.23,+49:15:29.3,SN Ia,0.0652,279.42857142857144,1543.8488446789124,2.885468884782991e+29,1.4411004629343438e+28,3.08857043273747,0.1542558639523753,final_luminosity_arrays\ZTF19adcetym_epoch_3_lum.npy,dillon_extracting_files\dillon_fits\ztf_cutouts\ztf_cutouts_no_interp\ZTF19adcetym_epoch_3.fits,2.3122562721639443e+29,True,False,False,,True,14.0,13.0,2.885468884782991e+29,True,6,5,2.885468884782991e+29,2.885468884782991e+29,1.4411214036501492e+28,20.022385882789067,True,,,,,C:\Research\bts_vlass_cross_matching\gaussian_adjusted_luminosity_arrays\ZTF19adcetym_epoch_3_gaussian_adjusted_13x13_lum.npy
ZTF19adcfsad,1,12:24:27.05,+13:13:57.8,SN Ib,0.0255,109.28571428571428,-249.20428381812303,3.596664218229952e+27,1.9745485218459848e+27,0.2516841341275722,0.1381751885223697,final_luminosity_arrays\ZTF19adcfsad_epoch_1_lum.npy,dillon_extracting_files\dillon_fits\ztf_cutouts\ztf_cutouts_no_interp\ZTF19adcfsad_epoch_1.fits,2.3806792587989185e+27,False,False,False,Original Detection is False; no Gaussian subtraction attempted,,,,,False,0,8,5.196897626631931e+27,3.596664218229952e+27,1.97457721412699e+27,1.8214857299566922,False,,,,,C:\Research\bts_vlass_cross_matching\gaussian_adjusted_luminosity_arrays\ZTF19adcfsad_epoch_1_gaussian_adjusted_13x13_lum.npy
ZTF19adcfsad,2,12:24:27.05,+13:13:57.8,SN Ib,0.0255,109.28571428571428,626.4661208625205,3.5794565621605023e+27,2.1223665911952003e+27,0.2504799922462553,0.1485192187517437,final_luminosity_arrays\ZTF19adcfsad_epoch_2_lum.npy,dillon_extracting_files\dillon_fits\ztf_cutouts\ztf_cutouts_no_interp\ZTF19adcfsad_epoch_2.fits,-9.489718295700766e+26,False,False,False,Original Detection is False; no Gaussian subtraction attempted,,,,,False,7,12,6.934642141861828e+27,3.5794565621605023e+27,2.122397431429288e+27,1.686515687003063,False,,,,,C:\Research\bts_vlass_cross_matching\gaussian_adjusted_luminosity_arrays\ZTF19adcfsad_epoch_2_gaussian_adjusted_13x13_lum.npy
ZTF19adcfsad,3,12:24:27.05,+13:13:57.8,SN Ib,0.0255,109.28571428571428,1585.0229224227348,1.2774918282764815e+28,1.91132090740906e+27,0.8939517429098486,0.133750639088419,final_luminosity_arrays\ZTF19adcfsad_epoch_3_lum.npy,dillon_extracting_files\dillon_fits\ztf_cutouts\ztf_cutouts_no_interp\ZTF19adcfsad_epoch_3.fits,1.2774918282764815e+28,True,False,False,,True,14.0,14.0,1.2774918282764817e+28,True,6,6,1.2774918282764817e+28,1.2774918282764817e+28,1.911348680925871e+27,6.683719412502253,True,,,,,C:\Research\bts_vlass_cross_matching\gaussian_adjusted_luminosity_arrays\ZTF19adcfsad_epoch_3_gaussian_adjusted_13x13_lum.npy
ZTF20aabcemq,1,02:55:19.71,-11:24:48.6,SN IIn,0.096,411.4285714285714,-178.07300114897112,5.171877152798486e+28,3.083003793846068e+28,0.2553536323830486,0.1522208733534675,final_luminosity_arrays\ZTF20aabcemq_epoch_1_lum.npy,dillon_extracting_files\dillon_fits\ztf_cutouts\ztf_cutouts_no_interp\ZTF20aabcemq_epoch_1.fits,5.171877152798486e+28,False,False,False,Original Detection is False; no Gaussian subtraction attempted,,,,,False,12,1,6.624086835952354e+28,5.171877152798486e+28,3.0830485931559936e+28,1.6775204790088118,False,,,,,C:\Research\bts_vlass_cross_matching\gaussian_adjusted_luminosity_arrays\ZTF20aabcemq_epoch_1_gaussian_adjusted_13x13_lum.npy
ZTF20aabcemq,2,02:55:19.71,-11:24:48.6,SN IIn,0.096,411.4285714285714,705.1386776831456,1.2790505417860411e+29,3.035306858330377e+28,0.631511909887195,0.1498658748954783,final_luminosity_arrays\ZTF20aabcemq_epoch_2_lum.npy,dillon_extracting_files\dillon_fits\ztf_cutouts\ztf_cutouts_no_interp\ZTF20aabcemq_epoch_2.fits,1.2695254143838472e+29,True,False,False,,True,15.0,14.0,1.2790505417860411e+29,True,7,6,1.2790505417860411e+29,1.2790505417860411e+29,3.0353509645533215e+28,4.213847283963964,True,,,,,C:\Research\bts_vlass_cross_matching\gaussian_adjusted_luminosity_arrays\ZTF20aabcemq_epoch_2_gaussian_adjusted_13x13_lum.npy
ZTF20aabcemq,3,02:55:19.71,-11:24:48.6,SN IIn,0.096,411.4285714285714,1484.3357579751164,1.3123732206103782e+29,3.305293010806298e+28,0.6479644798673693,0.1631962275876356,final_luminosity_arrays\ZTF20aabcemq_epoch_3_lum.npy,dillon_extracting_files\dillon_fits\ztf_cutouts\ztf_cutouts_no_interp\ZTF20aabcemq_epoch_3.fits,1.3123732206103782e+29,False,False,False,Original Detection is False; no Gaussian subtraction attempted,,,,,True,6,6,1.3123732206103782e+29,1.3123732206103782e+29,3.305341040213943e+28,3.9704623657395213,False,,,,,C:\Research\bts_vlass_cross_matching\gaussian_adjusted_luminosity_arrays\ZTF20aabcemq_epoch_3_gaussian_adjusted_13x13_lum.npy
ZTF20aadfyjl,1,05:31:10.51,+01:43:08.9,SN Ia,0.049,210.0,-701.7257948485058,5.370469067298411e+28,8.520435726674594e+27,1.0177857475355268,0.1614775906862957,final_luminosity_arrays\ZTF20aadfyjl_epoch_1_lum.npy,dillon_extracting_files\dillon_fits\ztf_cutouts\ztf_cutouts_no_interp\ZTF20aadfyjl_epoch_1.fits,5.370469067298411e+28,True,False,False,,True,14.0,14.0,5.370469067298411e+28,True,6,6,5.370469067298411e+28,5.370469067298411e+28,8.520559537628566e+27,6.302953513300741,True,,,,,C:\Research\bts_vlass_cross_matching\gaussian_adjusted_luminosity_arrays\ZTF20aadfyjl_epoch_1_gaussian_adjusted_13x13_lum.npy
ZTF20aadfyjl,2,05:31:10.51,+01:43:08.9,SN Ia,0.049,210.0,232.49727474158016,7.3275542296932785e+28,8.963477720683664e+27,1.3886832166463137,0.1698740337862026,final_luminosity_arrays\ZTF20aadfyjl_epoch_2_lum.npy,dillon_extracting_files\dillon_fits\ztf_cutouts\ztf_cutouts_no_interp\ZTF20aadfyjl_epoch_2.fits,6.215056032627953e+28,True,False,False,,True,15.0,14.0,7.3275542296932785e+28,True,7,6,7.3275542296932785e+28,7.3275542296932785e+28,8.963607969506976e+27,8.17478213529715,True,,,,,C:\Research\bts_vlass_cross_matching\gaussian_adjusted_luminosity_arrays\ZTF20aadfyjl_epoch_2_gaussian_adjusted_13x13_lum.npy
ZTF20aadfyjl,3,05:31:10.51,+01:43:08.9,SN Ia,0.049,210.0,1064.718437753973,5.011482612052555e+28,8.322834924701395e+27,0.9497523424215616,0.1577326998797823,final_luminosity_arrays\ZTF20aadfyjl_epoch_3_lum.npy,dillon_extracting_files\dillon_fits\ztf_cutouts\ztf_cutouts_no_interp\ZTF20aadfyjl_epoch_3.fits,4.861280532885237e+28,True,False,False,,True,14.0,15.0,5.011482612052555e+28,True,6,7,5.011482612052555e+28,5.011482612052555e+28,8.322955864306461e+27,6.021277408840559,True,,,,,C:\Research\bts_vlass_cross_matching\gaussian_adjusted_luminosity_arrays\ZTF20aadfyjl_epoch_3_gaussian_adjusted_13x13_lum.npy
ZTF20aagloch,1,09:28:39.48,+55:10:35.6,SN Ia,0.0483,207.0,-809.276008157682,2.5090109202418267e+28,6.575136492577828e+27,0.4893781733699142,0.128248746047105,final_luminosity_arrays\ZTF20aagloch_epoch_1_lum.npy,dillon_extracting_files\dillon_fits\ztf_cutouts\ztf_cutouts_no_interp\ZTF20aagloch_epoch_1.fits,1.217786256795738e+28,False,False,False,Original Detection is False; no Gaussian subtraction attempted,,,,,True,5,7,2.5090109202418267e+28,2.5090109202418267e+28,6.575232036273923e+27,3.815851526456004,False,,,,,C:\Research\bts_vlass_cross_matching\gaussian_adjusted_luminosity_arrays\ZTF20aagloch_epoch_1_gaussian_adjusted_13x13_lum.npy
ZTF20aagloch,2,09:28:39.48,+55:10:35.6,SN Ia,0.0483,207.0,251.48904001555087,3.4194872058377565e+28,8.234457707847756e+27,0.6669649737887084,0.1606139852155918,final_luminosity_arrays\ZTF20aagloch_epoch_2_lum.npy,dillon_extracting_files\dillon_fits\ztf_cutouts\ztf_cutouts_no_interp\ZTF20aagloch_epoch_2.fits,1.7259244637100086e+28,True,True,True,,False,14.0,16.0,3.6003563458122007e+28,False,2,6,2.8175897975203887e+28,1.8531194872213572e+28,8.033097649330507e+27,2.3068554225477387,False,2.47957378319407e+28,1.0433352317458928,1.0676085801079211,1.1207825626181309e+28,C:\Research\bts_vlass_cross_matching\gaussian_adjusted_luminosity_arrays\ZTF20aagloch_epoch_2_gaussian_adjusted_13x13_lum.npy
ZTF20aagloch,3,09:28:39.48,+55:10:35.6,SN Ia,0.0483,207.0,1062.3256325940113,2.4437749287162835e+28,6.513312386689689e+27,0.4766540077980607,0.1270428601974975,final_luminosity_arrays\ZTF20aagloch_epoch_3_lum.npy,dillon_extracting_files\dillon_fits\ztf_cutouts\ztf_cutouts_no_interp\ZTF20aagloch_epoch_3.fits,2.276347238947818e+28,False,False,False,Original Detection is False; no Gaussian subtraction attempted,,,,,True,6,7,2.4437749287162835e+28,2.4437749287162835e+28,6.513407032016055e+27,3.7519149604870874,False,,,,,C:\Research\bts_vlass_cross_matching\gaussian_adjusted_luminosity_arrays\ZTF20aagloch_epoch_3_gaussian_adjusted_13x13_lum.npy
ZTF20aaieyup,1,11:43:29.76,-16:47:53.1,SN II,0.01225,52.5,-705.9273780446621,1.0593276254588569e+27,5.128011713690315e+26,0.3212139708921313,0.1554960808298463,final_luminosity_arrays\ZTF20aaieyup_epoch_1_lum.npy,dillon_extracting_files\dillon_fits\ztf_cutouts\ztf_cutouts_no_interp\ZTF20aaieyup_epoch_1.fits,-2.97590758383359e+26,False,False,False,Original Detection is False; no Gaussian subtraction attempted,,,,,False,8,4,1.355632428173984e+27,1.0593276254588569e+27,5.128086229130913e+26,2.0657367644115987,False,,,,,C:\Research\bts_vlass_cross_matching\gaussian_adjusted_luminosity_arrays\ZTF20aaieyup_epoch_1_gaussian_adjusted_13x13_lum.npy
ZTF20aaieyup,2,11:43:29.76,-16:47:53.1,SN II,0.01225,52.5,279.00717369650846,6.416303737161248e+27,6.767008238436906e+26,1.945579773746431,0.2051951748103528,final_luminosity_arrays\ZTF20aaieyup_epoch_2_lum.npy,dillon_extracting_files\dillon_fits\ztf_cutouts\ztf_cutouts_no_interp\ZTF20aaieyup_epoch_2.fits,6.416303737161248e+27,True,False,False,,True,14.0,14.0,6.416303737161248e+27,True,6,6,6.416303737161248e+27,6.416303737161248e+27,6.76710657023265e+26,9.48160586887382,True,,,,,C:\Research\bts_vlass_cross_matching\gaussian_adjusted_luminosity_arrays\ZTF20aaieyup_epoch_2_gaussian_adjusted_13x13_lum.npy
ZTF20aaieyup,3,11:43:29.76,-16:47:53.1,SN II,0.01225,52.5,1211.5831183742066,1.9464293332944744e+27,6.324133400870004e+26,0.5902048433199525,0.191765934515141,final_luminosity_arrays\ZTF20aaieyup_epoch_3_lum.npy,dillon_extracting_files\dillon_fits\ztf_cutouts\ztf_cutouts_no_interp\ZTF20aaieyup_epoch_3.fits,1.9464293332944744e+27,False,False,False,Original Detection is False; no Gaussian subtraction attempted,,,,,False,11,4,2.1365630330311623e+27,1.9464293332944744e+27,6.324225297225369e+26,3.077735598933252,False,,,,,C:\Research\bts_vlass_cross_matching\gaussian_adjusted_luminosity_arrays\ZTF20aaieyup_epoch_3_gaussian_adjusted_13x13_lum.npy
ZTF20aamqslk,1,11:21:14.54,+38:46:19.5,SN Ia,0.0864,370.2857142857143,-261.6334679095549,1.8345439727797312e+29,2.550677811601047e+28,1.1182449525222182,0.155478640868874,final_luminosity_arrays\ZTF20aamqslk_epoch_1_lum.npy,dillon_extracting_files\dillon_fits\ztf_cutouts\ztf_cutouts_no_interp\ZTF20aamqslk_epoch_1.fits,1.1948166222916851e+29,True,False,False,,True,13.0,15.0,1.8345439727797312e+29,True,5,7,1.8345439727797312e+29,1.8345439727797312e+29,2.5507148756507353e+28,7.192273782900586,True,,,,,C:\Research\bts_vlass_cross_matching\gaussian_adjusted_luminosity_arrays\ZTF20aamqslk_epoch_1_gaussian_adjusted_13x13_lum.npy
ZTF20aamqslk,2,11:21:14.54,+38:46:19.5,SN Ia,0.0864,370.2857142857143,610.0528354777794,1.8535625404284392e+29,1.965377363945652e+28,1.1298377066850664,0.1198011759662083,final_luminosity_arrays\ZTF20aamqslk_epoch_2_lum.npy,dillon_extracting_files\dillon_fits\ztf_cutouts\ztf_cutouts_no_interp\ZTF20aamqslk_epoch_2.fits,1.7081676428976428e+29,True,False,False,,True,13.0,15.0,1.8535625404284392e+29,True,5,7,1.8535625404284392e+29,1.8535625404284392e+29,1.9654059229600211e+28,9.43094003521095,True,,,,,C:\Research\bts_vlass_cross_matching\gaussian_adjusted_luminosity_arrays\ZTF20aamqslk_epoch_2_gaussian_adjusted_13x13_lum.npy
ZTF20aamqslk,3,11:21:14.54,+38:46:19.5,SN Ia,0.0864,370.2857142857143,1503.8304496162182,1.7141476026454733e+29,2.187175224081597e+28,1.0448574321344497,0.13332104495347,final_luminosity_arrays\ZTF20aamqslk_epoch_3_lum.npy,dillon_extracting_files\dillon_fits\ztf_cutouts\ztf_cutouts_no_interp\ZTF20aamqslk_epoch_3.fits,1.3535619122172537e+29,True,False,False,,True,13.0,15.0,1.7141476026454733e+29,True,5,7,1.7141476026454733e+29,1.7141476026454733e+29,2.1872070060537507e+28,7.8371530353599645,True,,,,,C:\Research\bts_vlass_cross_matching\gaussian_adjusted_luminosity_arrays\ZTF20aamqslk_epoch_3_gaussian_adjusted_13x13_lum.npy
ZTF20aaoffej,1,04:34:00.52,-08:34:43.5,SN II,0.0158,67.71428571428572,-792.6060147813611,5.30244159037008e+27,1.825102534825536e+27,0.9664914687164128,0.332671587490742,final_luminosity_arrays\ZTF20aaoffej_epoch_1_lum.npy,dillon_extracting_files\dillon_fits\ztf_cutouts\ztf_cutouts_no_interp\ZTF20aaoffej_epoch_1.fits,4.59225368710538e+27,False,False,False,Original Detection is False; no Gaussian subtraction attempted,,,,,False,5,12,1.0053785159786986e+29,5.30244159037008e+27,1.8251290554980913e+27,2.9052420015980753,False,,,,,C:\Research\bts_vlass_cross_matching\gaussian_adjusted_luminosity_arrays\ZTF20aaoffej_epoch_1_gaussian_adjusted_13x13_lum.npy
ZTF20aaoffej,2,04:34:00.52,-08:34:43.5,SN II,0.0158,67.71428571428572,241.06203010936545,1.4647981413111872e+28,2.003663828221283e+27,2.669930225238204,0.3652189473266329,final_luminosity_arrays\ZTF20aaoffej_epoch_2_lum.npy,dillon_extracting_files\dillon_fits\ztf_cutouts\ztf_cutouts_no_interp\ZTF20aaoffej_epoch_2.fits,1.3260496704781423e+28,True,True,True,,False,12.0,20.0,1.4445898066360916e+29,False,6,12,4.448822751795471e+28,1.4647980127659546e+28,1.7673686248367563e+27,8.288016388778267,False,1.7774525744299665e+29,1.193121526269231,1.1417864631989354,4.113354175059655e+28,C:\Research\bts_vlass_cross_matching\gaussian_adjusted_luminosity_arrays\ZTF20aaoffej_epoch_2_gaussian_adjusted_13x13_lum.npy
ZTF20aaoffej,3,04:34:00.52,-08:34:43.5,SN II,0.0158,67.71428571428572,1110.3276335746143,6.83156565806862e+27,2.0194322653810765e+27,1.2452093651518226,0.3680931480480176,final_luminosity_arrays\ZTF20aaoffej_epoch_3_lum.npy,dillon_extracting_files\dillon_fits\ztf_cutouts\ztf_cutouts_no_interp\ZTF20aaoffej_epoch_3.fits,4.467889850468935e+27,False,False,False,Original Detection is False; no Gaussian subtraction attempted,,,,,False,4,12,1.2755328575179007e+29,6.83156565806862e+27,2.019461609870406e+27,3.3828648312393614,False,,,,,C:\Research\bts_vlass_cross_matching\gaussian_adjusted_luminosity_arrays\ZTF20aaoffej_epoch_3_gaussian_adjusted_13x13_lum.npy
ZTF20aaoldej,1,12:50:56.25,+40:11:12.2,SN II,0.02578,110.48571428571428,-304.7105572057396,8.352950896855936e+27,1.914428736260972e+27,0.5718872416764498,0.131073831515626,final_luminosity_arrays\ZTF20aaoldej_epoch_1_lum.npy,dillon_extracting_files\dillon_fits\ztf_cutouts\ztf_cutouts_no_interp\ZTF20aaoldej_epoch_1.fits,5.019237818176242e+27,True,True,True,,False,14.0,17.0,1.0477043161793506e+28,False,7,10,5.590007157126209e+27,4.803752450634338e+27,1.889562400442155e+27,2.5422565825348062,False,7.702396045564556e+27,1.606635957551825,0.9953078097656641,2.774647116228949e+27,C:\Research\bts_vlass_cross_matching\gaussian_adjusted_luminosity_arrays\ZTF20aaoldej_epoch_1_gaussian_adjusted_13x13_lum.npy
ZTF20aaoldej,2,12:50:56.25,+40:11:12.2,SN II,0.02578,110.48571428571428,615.5647454907452,1.619339262039634e+27,2.224206128448192e+27,0.1108685391955077,0.1522831400377076,final_luminosity_arrays\ZTF20aaoldej_epoch_2_lum.npy,dillon_extracting_files\dillon_fits\ztf_cutouts\ztf_cutouts_no_interp\ZTF20aaoldej_epoch_2.fits,-1.2182629755108598e+27,False,False,False,Original Detection is False; no Gaussian subtraction attempted,,,,,False,5,10,1.1529614064699196e+28,1.6193392620396341e+27,2.2242384485185998e+27,0.7280421139730571,False,,,,,C:\Research\bts_vlass_cross_matching\gaussian_adjusted_luminosity_arrays\ZTF20aaoldej_epoch_2_gaussian_adjusted_13x13_lum.npy
ZTF20aaoldej,3,12:50:56.25,+40:11:12.2,SN II,0.02578,110.48571428571428,1532.9154444710334,6.435343820763346e+27,2.0025440750728e+27,0.4405977088026703,0.1371067617859485,final_luminosity_arrays\ZTF20aaoldej_epoch_3_lum.npy,dillon_extracting_files\dillon_fits\ztf_cutouts\ztf_cutouts_no_interp\ZTF20aaoldej_epoch_3.fits,6.435343820763346e+27,False,False,False,Original Detection is False; no Gaussian subtraction attempted,,,,,False,6,11,1.206401361134721e+28,6.435343820763346e+27,2.0025731741588398e+27,3.213537414664733,False,,,,,C:\Research\bts_vlass_cross_matching\gaussian_adjusted_luminosity_arrays\ZTF20aaoldej_epoch_3_gaussian_adjusted_13x13_lum.npy
ZTF20aaqtebg,1,14:18:54.24,+26:35:40.0,SN Ia,0.0355,152.1428571428571,-805.8892225977959,2.775793703436533e+28,3.721067933709259e+27,1.0022285860031843,0.1343548996658375,final_luminosity_arrays\ZTF20aaqtebg_epoch_1_lum.npy,dillon_extracting_files\dillon_fits\ztf_cutouts\ztf_cutouts_no_interp\ZTF20aaqtebg_epoch_1.fits,1.3498130588866144e+28,True,False,False,,True,15.0,15.0,2.775793703436533e+28,True,7,7,2.775793703436533e+28,2.775793703436533e+28,3.721122004766825e+27,7.4595611212980675,True,,,,,C:\Research\bts_vlass_cross_matching\gaussian_adjusted_luminosity_arrays\ZTF20aaqtebg_epoch_1_gaussian_adjusted_13x13_lum.npy
ZTF20aaqtebg,2,14:18:54.24,+26:35:40.0,SN Ia,0.0355,152.1428571428571,188.7993336552219,3.405016810382361e+28,3.6810283975088e+27,1.229415996931493,0.1329092104269643,final_luminosity_arrays\ZTF20aaqtebg_epoch_2_lum.npy,dillon_extracting_files\dillon_fits\ztf_cutouts\ztf_cutouts_no_interp\ZTF20aaqtebg_epoch_2.fits,1.2703170658839202e+28,True,False,False,,True,15.0,15.0,3.4050168103823615e+28,True,7,7,3.4050168103823615e+28,3.4050168103823615e+28,3.6810818867495044e+27,9.25004364243873,True,,,,,C:\Research\bts_vlass_cross_matching\gaussian_adjusted_luminosity_arrays\ZTF20aaqtebg_epoch_2_gaussian_adjusted_13x13_lum.npy
ZTF20aaqtebg,3,14:18:54.24,+26:35:40.0,SN Ia,0.0355,152.1428571428571,1046.35606953161,2.106315342714661e+28,3.701942999020642e+27,0.7605066057294607,0.1336643643875301,final_luminosity_arrays\ZTF20aaqtebg_epoch_3_lum.npy,dillon_extracting_files\dillon_fits\ztf_cutouts\ztf_cutouts_no_interp\ZTF20aaqtebg_epoch_3.fits,1.2911429070597897e+28,True,True,True,,False,15.0,16.0,2.5093352374874434e+28,True,5,5,1.3928111803392672e+28,1.3928111803392672e+28,3.5835020133765063e+27,3.8867319597984813,False,2.298340141295193e+28,1.1778195240094393,1.0488813202924288,2.1099509619225053e+27,C:\Research\bts_vlass_cross_matching\gaussian_adjusted_luminosity_arrays\ZTF20aaqtebg_epoch_3_gaussian_adjusted_13x13_lum.npy
ZTF20aarasxl,1,13:37:29.37,+04:06:16.9,SN Ia,0.0231,99.0,-302.45382592643494,4.389843586349664e+27,1.9674875931537264e+27,0.3743358247447759,0.1677763178827824,final_luminosity_arrays\ZTF20aarasxl_epoch_1_lum.npy,dillon_extracting_files\dillon_fits\ztf_cutouts\ztf_cutouts_no_interp\ZTF20aarasxl_epoch_1.fits,4.205295546715378e+27,False,False,False,Original Detection is False; no Gaussian subtraction attempted,,,,,False,12,11,5.463662122689861e+27,4.389843586349664e+27,1.9675161828319602e+27,2.231160091415923,False,,,,,C:\Research\bts_vlass_cross_matching\gaussian_adjusted_luminosity_arrays\ZTF20aarasxl_epoch_1_gaussian_adjusted_13x13_lum.npy
ZTF20aarasxl,2,13:37:29.37,+04:06:16.9,SN Ia,0.0231,99.0,605.5708050969255,5.608831854610002e+27,1.7232348731347104e+27,0.4782828036695719,0.1469478144959035,final_luminosity_arrays\ZTF20aarasxl_epoch_2_lum.npy,dillon_extracting_files\dillon_fits\ztf_cutouts\ztf_cutouts_no_interp\ZTF20aarasxl_epoch_2.fits,4.0516168347591697e+27,False,False,False,Original Detection is False; no Gaussian subtraction attempted,,,,,True,5,6,5.608831854610002e+27,5.608831854610002e+27,1.7232599135622666e+27,3.2547799728107227,False,,,,,C:\Research\bts_vlass_cross_matching\gaussian_adjusted_luminosity_arrays\ZTF20aarasxl_epoch_2_gaussian_adjusted_13x13_lum.npy
ZTF20aarasxl,3,13:37:29.37,+04:06:16.9,SN Ia,0.0231,99.0,1570.285886711626,1.0276329080767193e+28,1.838641042329537e+27,0.8762950310483574,0.1567890059706762,final_luminosity_arrays\ZTF20aarasxl_epoch_3_lum.npy,dillon_extracting_files\dillon_fits\ztf_cutouts\ztf_cutouts_no_interp\ZTF20aarasxl_epoch_3.fits,3.9034463827525055e+27,True,False,False,,True,13.0,13.0,1.0276329080767193e+28,True,5,5,1.0276329080767193e+28,1.0276329080767193e+28,1.8386677597309435e+27,5.589008142651586,True,,,,,C:\Research\bts_vlass_cross_matching\gaussian_adjusted_luminosity_arrays\ZTF20aarasxl_epoch_3_gaussian_adjusted_13x13_lum.npy
ZTF20aarbget,1,13:39:57.06,+00:49:41.4,SN Ia,0.0225,96.42857142857144,-331.05059765224644,2.080901657683737e+28,2.953716715078454e+27,1.8703497480601068,0.2654889321694392,final_luminosity_arrays\ZTF20aarbget_epoch_1_lum.npy,dillon_extracting_files\dillon_fits\ztf_cutouts\ztf_cutouts_no_interp\ZTF20aarbget_epoch_1.fits,1.385129645595577e+28,True,True,True,,False,16.0,13.0,2.3576641418865846e+28,False,12,3,2.0849021271168416e+28,1.1809534875034362e+28,3.0709217124338654e+27,3.8455994586962916,False,1.4108428537799058e+28,1.012176384859501,1.5541884096896266,9.468212881066788e+27,C:\Research\bts_vlass_cross_matching\gaussian_adjusted_luminosity_arrays\ZTF20aarbget_epoch_1_gaussian_adjusted_13x13_lum.npy
ZTF20aarbget,2,13:39:57.06,+00:49:41.4,SN Ia,0.0225,96.42857142857144,623.4726297316166,1.739925317024632e+28,2.9359749406808694e+27,1.5638744225725525,0.2638942481851693,final_luminosity_arrays\ZTF20aarbget_epoch_2_lum.npy,dillon_extracting_files\dillon_fits\ztf_cutouts\ztf_cutouts_no_interp\ZTF20aarbget_epoch_2.fits,1.5036704029115909e+28,True,True,True,,False,19.0,11.0,2.3299234181077363e+28,False,8,5,2.1784975776093395e+28,1.7378235084301628e+28,3.0366658869767755e+27,5.722801167830466,False,1.3923370140975827e+28,1.123705281488891,1.2761848785699967,9.375864040101535e+27,C:\Research\bts_vlass_cross_matching\gaussian_adjusted_luminosity_arrays\ZTF20aarbget_epoch_2_gaussian_adjusted_13x13_lum.npy
ZTF20aarbget,3,13:39:57.06,+00:49:41.4,SN Ia,0.0225,96.42857142857144,1562.3479353550886,1.9274483614937096e+28,2.6688443732174893e+27,1.7324233194813123,0.2398837502441758,final_luminosity_arrays\ZTF20aarbget_epoch_3_lum.npy,dillon_extracting_files\dillon_fits\ztf_cutouts\ztf_cutouts_no_interp\ZTF20aarbget_epoch_3.fits,1.2304889044732288e+28,True,True,True,,False,19.0,11.0,2.9985986828790357e+28,False,8,5,2.4175247216934983e+28,1.923398444373276e+28,2.854371779676904e+27,6.738430004345798,False,1.9306052967882548e+28,1.1046655216339258,1.329214383236321,1.067993386090781e+28,C:\Research\bts_vlass_cross_matching\gaussian_adjusted_luminosity_arrays\ZTF20aarbget_epoch_3_gaussian_adjusted_13x13_lum.npy
ZTF20aattotq,1,14:28:32.00,+27:24:29.8,SN Ia,0.01439,61.67142857142857,-855.1316554775955,2.0405534221895235e+28,7.188059260162068e+26,4.483969882130623,0.157954745189239,final_luminosity_arrays\ZTF20aattotq_epoch_1_lum.npy,dillon_extracting_files\dillon_fits\ztf_cutouts\ztf_cutouts_no_interp\ZTF20aattotq_epoch_1.fits,3.4879406510774115e+27,True,True,True,,False,16.0,17.0,2.4097167273620835e+29,False,8,9,7.311730991614005e+27,2.5706472370382185e+27,7.221374292884602e+26,3.559775650420365,False,2.3365994174459434e+29,1.1736059479243683,1.1220013034822585,7.311730991614002e+27,C:\Research\bts_vlass_cross_matching\gaussian_adjusted_luminosity_arrays\ZTF20aattotq_epoch_1_gaussian_adjusted_13x13_lum.npy
ZTF20aattotq,2,14:28:32.00,+27:24:29.8,SN Ia,0.01439,61.67142857142857,160.25690316355838,2.031073753697285e+28,7.175106345090623e+26,4.463138990104199,0.157670110028966,final_luminosity_arrays\ZTF20aattotq_epoch_2_lum.npy,dillon_extracting_files\dillon_fits\ztf_cutouts\ztf_cutouts_no_interp\ZTF20aattotq_epoch_2.fits,-5.8911855614611e+26,True,True,True,,False,16.0,17.0,1.522403651181498e+29,False,9,8,5.20802620963513e+28,4.343926419128638e+26,7.210709593214303e+26,0.6024270375853891,False,1.281819628947656e+29,1.2389071094329798,1.0886430455678366,2.4058402223384206e+28,C:\Research\bts_vlass_cross_matching\gaussian_adjusted_luminosity_arrays\ZTF20aattotq_epoch_2_gaussian_adjusted_13x13_lum.npy
ZTF20aattotq,3,14:28:32.00,+27:24:29.8,SN Ia,0.01439,61.67142857142857,1035.6598546910775,1.2285553098363223e+28,7.06608962593666e+26,2.699662232771515,0.1552745109566592,final_luminosity_arrays\ZTF20aattotq_epoch_3_lum.npy,dillon_extracting_files\dillon_fits\ztf_cutouts\ztf_cutouts_no_interp\ZTF20aattotq_epoch_3.fits,1.970486303791804e+27,True,True,True,,False,16.0,17.0,1.1737409608777485e+29,False,9,10,4.364813184382929e+28,2.632729475126024e+27,6.907510329424487e+26,3.8114014305721278,False,9.598847697034325e+28,2.311200351376854,0.8549312703174585,0.0,C:\Research\bts_vlass_cross_matching\gaussian_adjusted_luminosity_arrays\ZTF20aattotq_epoch_3_gaussian_adjusted_13x13_lum.npy
ZTF20aauqtcp,1,19:53:56.47,+02:04:05.5,SN Ia,0.02523,108.12857142857143,-901.7337595499682,9.771477591188876e+27,2.7507702946161326e+27,0.6984929786995054,0.1966357328008212,final_luminosity_arrays\ZTF20aauqtcp_epoch_1_lum.npy,dillon_extracting_files\dillon_fits\ztf_cutouts\ztf_cutouts_no_interp\ZTF20aauqtcp_epoch_1.fits,6.748344117106506e+27,False,False,False,Original Detection is False; no Gaussian subtraction attempted,,,,,False,6,4,1.035108901517889e+28,9.771477591188875e+27,2.7508102662214896e+27,3.552217945082402,False,,,,,C:\Research\bts_vlass_cross_matching\gaussian_adjusted_luminosity_arrays\ZTF20aauqtcp_epoch_1_gaussian_adjusted_13x13_lum.npy
ZTF20aauqtcp,2,19:53:56.47,+02:04:05.5,SN Ia,0.02523,108.12857142857143,101.94346409740834,1.2807715411354309e+28,3.1315297442163297e+27,0.9155318839475514,0.2238538954876551,final_luminosity_arrays\ZTF20aauqtcp_epoch_2_lum.npy,dillon_extracting_files\dillon_fits\ztf_cutouts\ztf_cutouts_no_interp\ZTF20aauqtcp_epoch_2.fits,1.1092914866758993e+28,True,False,False,,True,14.0,13.0,1.2807715411354309e+28,True,6,5,1.2807715411354309e+28,1.2807715411354309e+28,3.131575248659701e+27,4.089863533324307,True,,,,,C:\Research\bts_vlass_cross_matching\gaussian_adjusted_luminosity_arrays\ZTF20aauqtcp_epoch_2_gaussian_adjusted_13x13_lum.npy
ZTF20aauqtcp,3,19:53:56.47,+02:04:05.5,SN Ia,0.02523,108.12857142857143,1059.7773160135637,1.2779014181851431e+28,3.414781406592979e+27,0.9134802385233344,0.2441018232435624,final_luminosity_arrays\ZTF20aauqtcp_epoch_3_lum.npy,dillon_extracting_files\dillon_fits\ztf_cutouts\ztf_cutouts_no_interp\ZTF20aauqtcp_epoch_3.fits,1.031338419687092e+28,False,False,False,Original Detection is False; no Gaussian subtraction attempted,,,,,False,6,4,1.385561686785881e+28,1.2779014181851431e+28,3.414831026982959e+27,3.7422098138606383,False,,,,,C:\Research\bts_vlass_cross_matching\gaussian_adjusted_luminosity_arrays\ZTF20aauqtcp_epoch_3_gaussian_adjusted_13x13_lum.npy
ZTF20aauyhea,1,11:07:39.25,-05:32:18.8,SN Ia,0.051,218.57142857142856,-356.2245480494696,3.9580084426669023e+28,1.116230695231071e+28,0.6924248882569373,0.1952793069422979,final_luminosity_arrays\ZTF20aauyhea_epoch_1_lum.npy,dillon_extracting_files\dillon_fits\ztf_cutouts\ztf_cutouts_no_interp\ZTF20aauyhea_epoch_1.fits,3.9580084426669023e+28,False,False,False,Original Detection is False; no Gaussian subtraction attempted,,,,,True,6,6,3.9580084426669023e+28,3.9580084426669023e+28,1.116246915245125e+28,3.545818034173679,False,,,,,C:\Research\bts_vlass_cross_matching\gaussian_adjusted_luminosity_arrays\ZTF20aauyhea_epoch_1_gaussian_adjusted_13x13_lum.npy
ZTF20aauyhea,2,11:07:39.25,-05:32:18.8,SN Ia,0.051,218.57142857142856,556.2397716460586,3.190009466266232e+28,1.2262415806077532e+28,0.5580690340138972,0.2145251936073478,final_luminosity_arrays\ZTF20aauyhea_epoch_2_lum.npy,dillon_extracting_files\dillon_fits\ztf_cutouts\ztf_cutouts_no_interp\ZTF20aauyhea_epoch_2.fits,2.121502778493793e+28,False,False,False,Original Detection is False; no Gaussian subtraction attempted,,,,,True,5,7,3.190009466266232e+28,3.190009466266232e+28,1.2262593991964697e+28,2.6014148950512004,False,,,,,C:\Research\bts_vlass_cross_matching\gaussian_adjusted_luminosity_arrays\ZTF20aauyhea_epoch_2_gaussian_adjusted_13x13_lum.npy
ZTF20aauyhea,3,11:07:39.25,-05:32:18.8,SN Ia,0.051,218.57142857142856,1452.5290199809776,5.141190137982558e+28,1.1273113148494694e+28,0.8994139498099685,0.1972178091970886,final_luminosity_arrays\ZTF20aauyhea_epoch_3_lum.npy,dillon_extracting_files\dillon_fits\ztf_cutouts\ztf_cutouts_no_interp\ZTF20aauyhea_epoch_3.fits,5.141190137982558e+28,True,False,False,,True,14.0,14.0,5.141190137982558e+28,True,6,6,5.141190137982558e+28,5.141190137982558e+28,1.1273276958766604e+28,4.5605108051430765,True,,,,,C:\Research\bts_vlass_cross_matching\gaussian_adjusted_luminosity_arrays\ZTF20aauyhea_epoch_3_gaussian_adjusted_13x13_lum.npy
ZTF20aavnnqo,1,17:12:24.98,+42:15:55.9,SN Ia,0.03683,157.84285714285716,-339.92267343494666,2.169932312643362e+28,5.072049730150336e+27,0.7279122946783901,0.1701463674724342,final_luminosity_arrays\ZTF20aavnnqo_epoch_1_lum.npy,dillon_extracting_files\dillon_fits\ztf_cutouts\ztf_cutouts_no_interp\ZTF20aavnnqo_epoch_1.fits,1.4480481868600915e+28,True,False,False,,True,13.0,14.0,2.169932312643362e+28,True,5,6,2.169932312643362e+28,2.169932312643362e+28,5.072123432404053e+27,4.278153600877318,True,,,,,C:\Research\bts_vlass_cross_matching\gaussian_adjusted_luminosity_arrays\ZTF20aavnnqo_epoch_1_gaussian_adjusted_13x13_lum.npy
ZTF20aavnnqo,2,17:12:24.98,+42:15:55.9,SN Ia,0.03683,157.84285714285716,514.60506978236,3.1699895015056595e+28,5.192017719927114e+27,1.0633853962644937,0.1741707991636597,final_luminosity_arrays\ZTF20aavnnqo_epoch_2_lum.npy,dillon_extracting_files\dillon_fits\ztf_cutouts\ztf_cutouts_no_interp\ZTF20aavnnqo_epoch_2.fits,3.1699895015056595e+28,True,False,False,,True,14.0,14.0,3.1699895015056595e+28,True,6,6,3.1699895015056595e+28,3.1699895015056595e+28,5.192093165442762e+27,6.105417219021213,True,,,,,C:\Research\bts_vlass_cross_matching\gaussian_adjusted_luminosity_arrays\ZTF20aavnnqo_epoch_2_gaussian_adjusted_13x13_lum.npy
ZTF20aavnnqo,3,17:12:24.98,+42:15:55.9,SN Ia,0.03683,157.84285714285716,1507.0532049636338,2.7957428184515787e+28,4.8143400235662144e+27,0.9378428803756832,0.1615012687903328,final_luminosity_arrays\ZTF20aavnnqo_epoch_3_lum.npy,dillon_extracting_files\dillon_fits\ztf_cutouts\ztf_cutouts_no_interp\ZTF20aavnnqo_epoch_3.fits,2.015636528570292e+28,True,False,False,,True,13.0,13.0,2.7957428184515787e+28,True,5,5,2.7957428184515787e+28,2.7957428184515787e+28,4.814409981024987e+27,5.807031036971151,True,,,,,C:\Research\bts_vlass_cross_matching\gaussian_adjusted_luminosity_arrays\ZTF20aavnnqo_epoch_3_gaussian_adjusted_13x13_lum.npy
ZTF20aawqywr,1,09:41:03.93,+34:44:01.0,SN Ia,0.0499,213.8571428571429,-311.61853509859924,5.449938382884592e+28,1.14611446259503e+28,0.9959253948181864,0.2094447688892851,final_luminosity_arrays\ZTF20aawqywr_epoch_1_lum.npy,dillon_extracting_files\dillon_fits\ztf_cutouts\ztf_cutouts_no_interp\ZTF20aawqywr_epoch_1.fits,-2.691873699539116e+28,True,True,True,,False,11.0,12.0,2.9709262029729583e+29,False,4,3,1.3452804445235799e+29,3.2147776750843728e+28,1.155404813078036e+28,2.7823821042601518,False,2.2415432501141034e+29,1.1472584615763979,1.04623873283267,7.2938295285885515e+28,C:\Research\bts_vlass_cross_matching\gaussian_adjusted_luminosity_arrays\ZTF20aawqywr_epoch_1_gaussian_adjusted_13x13_lum.npy
ZTF20aawqywr,2,09:41:03.93,+34:44:01.0,SN Ia,0.0499,213.8571428571429,566.5603390798939,1.5688081136960514e+29,7.251257776204378e+27,2.8668504673987614,0.1325118963820624,final_luminosity_arrays\ZTF20aawqywr_epoch_2_lum.npy,dillon_extracting_files\dillon_fits\ztf_cutouts\ztf_cutouts_no_interp\ZTF20aawqywr_epoch_2.fits,1.8767826216828649e+28,True,True,True,,False,12.0,12.0,3.493728842168932e+29,False,3,5,1.5420547312780025e+29,2.749524899195563e+28,7.23879439610764e+27,3.7983188204295533,False,3.1578002346862803e+29,1.2173369891544237,1.215238262786388,3.3592860748265133e+28,C:\Research\bts_vlass_cross_matching\gaussian_adjusted_luminosity_arrays\ZTF20aawqywr_epoch_2_gaussian_adjusted_13x13_lum.npy
ZTF20aawqywr,3,09:41:03.93,+34:44:01.0,SN Ia,0.0499,213.8571428571429,1457.121344889971,1.1689635308940772e+29,7.57638261748799e+27,2.1361717954277983,0.138453335868711,final_luminosity_arrays\ZTF20aawqywr_epoch_3_lum.npy,dillon_extracting_files\dillon_fits\ztf_cutouts\ztf_cutouts_no_interp\ZTF20aawqywr_epoch_3.fits,6.574875420656911e+27,True,True,True,,False,11.0,12.0,3.6095563747833634e+29,False,4,5,1.3067976290295866e+29,6.358124440863909e+28,7.682445384580174e+27,8.276172654120813,False,3.2594567989037715e+29,1.271125287169856,1.154293148612329,3.5009957587959215e+28,C:\Research\bts_vlass_cross_matching\gaussian_adjusted_luminosity_arrays\ZTF20aawqywr_epoch_3_gaussian_adjusted_13x13_lum.npy
ZTF20aayubpi,1,20:19:56.79,+49:54:20.3,SN Ia,0.02,85.71428571428571,-358.2864129450172,1.0859994289333868e+28,1.0426847091317652e+27,1.2353952042758465,0.1186139120126149,final_luminosity_arrays\ZTF20aayubpi_epoch_1_lum.npy,dillon_extracting_files\dillon_fits\ztf_cutouts\ztf_cutouts_no_interp\ZTF20aayubpi_epoch_1.fits,4.8895361108660967e+27,True,False,False,,True,15.0,13.0,1.0859994289333868e+28,True,7,5,1.0859994289333868e+28,1.0859994289333868e+28,1.0426998604447583e+27,10.415263971265512,True,,,,,C:\Research\bts_vlass_cross_matching\gaussian_adjusted_luminosity_arrays\ZTF20aayubpi_epoch_1_gaussian_adjusted_13x13_lum.npy
ZTF20aayubpi,2,20:19:56.79,+49:54:20.3,SN Ia,0.02,85.71428571428571,517.2037831334142,8.953757954312171e+27,1.1571745354531396e+27,1.018548384308815,0.1316380659746799,final_luminosity_arrays\ZTF20aayubpi_epoch_2_lum.npy,dillon_extracting_files\dillon_fits\ztf_cutouts\ztf_cutouts_no_interp\ZTF20aayubpi_epoch_2.fits,6.693261713853137e+27,True,False,False,,True,15.0,14.0,8.953757954312171e+27,True,7,6,8.953757954312171e+27,8.953757954312171e+27,1.1571913504245499e+27,7.737491255035064,True,,,,,C:\Research\bts_vlass_cross_matching\gaussian_adjusted_luminosity_arrays\ZTF20aayubpi_epoch_2_gaussian_adjusted_13x13_lum.npy
ZTF20aayubpi,3,20:19:56.79,+49:54:20.3,SN Ia,0.02,85.71428571428571,1456.419469407924,1.0114740515262975e+28,1.0616405191971615e+27,1.1506177252158525,0.1207702904149577,final_luminosity_arrays\ZTF20aayubpi_epoch_3_lum.npy,dillon_extracting_files\dillon_fits\ztf_cutouts\ztf_cutouts_no_interp\ZTF20aayubpi_epoch_3.fits,4.073635081417092e+27,True,False,False,,True,15.0,13.0,1.0114740515262975e+28,True,7,5,1.0114740515262975e+28,1.0114740515262975e+28,1.0616559459581485e+27,9.52732432175509,True,,,,,C:\Research\bts_vlass_cross_matching\gaussian_adjusted_luminosity_arrays\ZTF20aayubpi_epoch_3_gaussian_adjusted_13x13_lum.npy
ZTF20aayuyak,1,11:59:12.28,+11:30:19.8,SN Ia,0.0304,130.28571428571428,-831.8801339286754,1.694048596673347e+28,3.122166312960105e+27,0.8340940112248063,0.1537274710004323,final_luminosity_arrays\ZTF20aayuyak_epoch_1_lum.npy,dillon_extracting_files\dillon_fits\ztf_cutouts\ztf_cutouts_no_interp\ZTF20aayuyak_epoch_1.fits,9.231592291274632e+27,True,True,True,,False,14.0,16.0,1.9503978223555289e+28,False,1,12,9.716789822765398e+27,8.892331561038555e+27,2.9771043025741384e+27,2.9869062878817663,False,1.584123385842284e+28,1.2002960546945376,1.1965410095571292,3.662744365132449e+27,C:\Research\bts_vlass_cross_matching\gaussian_adjusted_luminosity_arrays\ZTF20aayuyak_epoch_1_gaussian_adjusted_13x13_lum.npy
ZTF20aayuyak,2,11:59:12.28,+11:30:19.8,SN Ia,0.0304,130.28571428571428,70.68197787256683,7.31384612766509e+27,2.9312510142023e+27,0.3601098142098636,0.144327290769321,final_luminosity_arrays\ZTF20aayuyak_epoch_2_lum.npy,dillon_extracting_files\dillon_fits\ztf_cutouts\ztf_cutouts_no_interp\ZTF20aayuyak_epoch_2.fits,-1.0608352584392288e+27,False,False,False,Original Detection is False; no Gaussian subtraction attempted,,,,,False,7,8,1.2333535929247728e+28,7.31384612766509e+27,2.9312936083836374e+27,2.495091623284391,False,,,,,C:\Research\bts_vlass_cross_matching\gaussian_adjusted_luminosity_arrays\ZTF20aayuyak_epoch_2_gaussian_adjusted_13x13_lum.npy
ZTF20aayuyak,3,11:59:12.28,+11:30:19.8,SN Ia,0.0304,130.28571428571428,961.59812694089,1.3242015365377174e+28,3.7777382667501846e+27,0.6519934395328164,0.1860061545851684,final_luminosity_arrays\ZTF20aayuyak_epoch_3_lum.npy,dillon_extracting_files\dillon_fits\ztf_cutouts\ztf_cutouts_no_interp\ZTF20aayuyak_epoch_3.fits,9.155087982047846e+27,False,False,False,Original Detection is False; no Gaussian subtraction attempted,,,,,True,6,7,1.3242015365377174e+28,1.3242015365377174e+28,3.777793161287704e+27,3.50522508777677,False,,,,,C:\Research\bts_vlass_cross_matching\gaussian_adjusted_luminosity_arrays\ZTF20aayuyak_epoch_3_gaussian_adjusted_13x13_lum.npy
ZTF20aazpwen,1,16:15:16.24,+21:05:36.0,SN Ia,0.079,338.57142857142856,-892.8661075070245,1.2250744524750592e+29,1.834812089619718e+28,0.8931915508583188,0.1337765608131919,final_luminosity_arrays\ZTF20aazpwen_epoch_1_lum.npy,dillon_extracting_files\dillon_fits\ztf_cutouts\ztf_cutouts_no_interp\ZTF20aazpwen_epoch_1.fits,8.248108065798256e+28,True,False,False,,True,14.0,15.0,1.2250744524750592e+29,True,6,7,1.2250744524750592e+29,1.2250744524750592e+29,1.8348387513823865e+28,6.676741765738681,True,,,,,C:\Research\bts_vlass_cross_matching\gaussian_adjusted_luminosity_arrays\ZTF20aazpwen_epoch_1_gaussian_adjusted_13x13_lum.npy
ZTF20aazpwen,2,16:15:16.24,+21:05:36.0,SN Ia,0.079,338.57142857142856,56.16076923069563,1.1490134685465288e+29,2.5042095092574537e+28,0.8377361227758229,0.1825824767557456,final_luminosity_arrays\ZTF20aazpwen_epoch_2_lum.npy,dillon_extracting_files\dillon_fits\ztf_cutouts\ztf_cutouts_no_interp\ZTF20aazpwen_epoch_2.fits,6.8502084497907e+28,True,False,False,,True,14.0,15.0,1.1490134685465288e+29,True,6,7,1.1490134685465288e+29,1.1490134685465288e+29,2.5042458980735e+28,4.588261358161581,True,,,,,C:\Research\bts_vlass_cross_matching\gaussian_adjusted_luminosity_arrays\ZTF20aazpwen_epoch_2_gaussian_adjusted_13x13_lum.npy
ZTF20aazpwen,3,16:15:16.24,+21:05:36.0,SN Ia,0.079,338.57142857142856,904.1681835031702,2.0169692520666632e+29,2.96548536336419e+28,1.470555434934795,0.2162142026952429,final_luminosity_arrays\ZTF20aazpwen_epoch_3_lum.npy,dillon_extracting_files\dillon_fits\ztf_cutouts\ztf_cutouts_no_interp\ZTF20aazpwen_epoch_3.fits,1.3239427860853256e+29,True,False,False,,True,14.0,15.0,2.0169692520666632e+29,True,6,7,2.0169692520666632e+29,2.0169692520666632e+29,2.965528455006872e+28,6.801382224680051,True,,,,,C:\Research\bts_vlass_cross_matching\gaussian_adjusted_luminosity_arrays\ZTF20aazpwen_epoch_3_gaussian_adjusted_13x13_lum.npy
ZTF20aazycgy,1,12:35:01.39,+25:46:46.3,SN II,0.0295,126.42857142857144,-879.2535211269451,7.730119418131236e+27,2.062337837720224e+27,0.4041834035888312,0.1078346651662002,final_luminosity_arrays\ZTF20aazycgy_epoch_1_lum.npy,dillon_extracting_files\dillon_fits\ztf_cutouts\ztf_cutouts_no_interp\ZTF20aazycgy_epoch_1.fits,2.087075345320719e+27,False,False,False,Original Detection is False; no Gaussian subtraction attempted,,,,,True,7,7,7.730119418131236e+27,7.730119418131236e+27,2.062367805672954e+27,3.7481769240520535,False,,,,,C:\Research\bts_vlass_cross_matching\gaussian_adjusted_luminosity_arrays\ZTF20aazycgy_epoch_1_gaussian_adjusted_13x13_lum.npy
ZTF20aazycgy,2,12:35:01.39,+25:46:46.3,SN II,0.0295,126.42857142857144,108.6046624573191,6.959916508802515e+27,3.157004216207825e+27,0.3639119386207312,0.1650721265723276,final_luminosity_arrays\ZTF20aazycgy_epoch_2_lum.npy,dillon_extracting_files\dillon_fits\ztf_cutouts\ztf_cutouts_no_interp\ZTF20aazycgy_epoch_2.fits,6.959916508802515e+27,False,False,False,Original Detection is False; no Gaussian subtraction attempted,,,,,False,10,8,8.680011124804587e+27,6.959916508802515e+27,3.1570500908222514e+27,2.204563218377637,False,,,,,C:\Research\bts_vlass_cross_matching\gaussian_adjusted_luminosity_arrays\ZTF20aazycgy_epoch_2_gaussian_adjusted_13x13_lum.npy
ZTF20aazycgy,3,12:35:01.39,+25:46:46.3,SN II,0.0295,126.42857142857144,972.1306459444488,1.149277462508648e+28,2.2579575604943707e+27,0.600920699071139,0.1180631480652841,final_luminosity_arrays\ZTF20aazycgy_epoch_3_lum.npy,dillon_extracting_files\dillon_fits\ztf_cutouts\ztf_cutouts_no_interp\ZTF20aazycgy_epoch_3.fits,5.027202970062545e+27,True,False,False,,True,15.0,15.0,1.1492774625086479e+28,True,7,7,1.1492774625086479e+28,1.1492774625086479e+28,2.257990371008828e+27,5.089824461896054,True,,,,,C:\Research\bts_vlass_cross_matching\gaussian_adjusted_luminosity_arrays\ZTF20aazycgy_epoch_3_gaussian_adjusted_13x13_lum.npy
ZTF20abbpkng,1,17:14:55.02,+35:31:13.6,SN Ib,0.0374,160.28571428571428,-864.9647869675142,2.0385673650767926e+28,3.477189109661297e+27,0.6631597643718123,0.1131169593792118,final_luminosity_arrays\ZTF20abbpkng_epoch_1_lum.npy,dillon_extracting_files\dillon_fits\ztf_cutouts\ztf_cutouts_no_interp\ZTF20abbpkng_epoch_1.fits,2.0385673650767926e+28,True,False,False,,True,14.0,14.0,2.0385673650767926e+28,True,6,6,2.0385673650767926e+28,2.0385673650767926e+28,3.47723963690129e+27,5.8626024604201366,True,,,,,C:\Research\bts_vlass_cross_matching\gaussian_adjusted_luminosity_arrays\ZTF20abbpkng_epoch_1_gaussian_adjusted_13x13_lum.npy
ZTF20abbpkng,2,17:14:55.02,+35:31:13.6,SN Ib,0.0374,160.28571428571428,102.83933873134818,1.984215996808414e+28,4.950300780841806e+27,0.645478896331042,0.1610389756442979,final_luminosity_arrays\ZTF20abbpkng_epoch_2_lum.npy,dillon_extracting_files\dillon_fits\ztf_cutouts\ztf_cutouts_no_interp\ZTF20abbpkng_epoch_2.fits,1.9410249503179e+28,True,False,False,,True,13.0,15.0,1.984215996808414e+28,True,5,7,1.984215996808414e+28,1.984215996808414e+28,4.9503727139543583e+27,4.008215363694145,True,,,,,C:\Research\bts_vlass_cross_matching\gaussian_adjusted_luminosity_arrays\ZTF20abbpkng_epoch_2_gaussian_adjusted_13x13_lum.npy
ZTF20abbpkng,3,17:14:55.02,+35:31:13.6,SN Ib,0.0374,160.28571428571428,938.5825428956048,2.614624232576669e+28,5.89724488597893e+27,0.8505549631081522,0.191844156063609,final_luminosity_arrays\ZTF20abbpkng_epoch_3_lum.npy,dillon_extracting_files\dillon_fits\ztf_cutouts\ztf_cutouts_no_interp\ZTF20abbpkng_epoch_3.fits,2.614624232576669e+28,True,False,False,,True,14.0,14.0,2.614624232576669e+28,True,6,6,2.614624232576669e+28,2.614624232576669e+28,5.897330579192112e+27,4.433572440049396,True,,,,,C:\Research\bts_vlass_cross_matching\gaussian_adjusted_luminosity_arrays\ZTF20abbpkng_epoch_3_gaussian_adjusted_13x13_lum.npy
ZTF20abciflj,1,10:16:33.65,+65:46:28.1,SN Ia,0.04106,175.97142857142856,-913.6875876511674,1.875508953812992e+28,4.264833580681697e+27,0.5061946576461196,0.1151083464610829,final_luminosity_arrays\ZTF20abciflj_epoch_1_lum.npy,dillon_extracting_files\dillon_fits\ztf_cutouts\ztf_cutouts_no_interp\ZTF20abciflj_epoch_1.fits,1.206138550907348e+28,True,False,False,,True,13.0,13.0,1.875508953812992e+28,True,5,5,1.875508953812992e+28,1.875508953812992e+28,4.2648955532299465e+27,4.397549554039154,True,,,,,C:\Research\bts_vlass_cross_matching\gaussian_adjusted_luminosity_arrays\ZTF20abciflj_epoch_1_gaussian_adjusted_13x13_lum.npy
ZTF20abciflj,2,10:16:33.65,+65:46:28.1,SN Ia,0.04106,175.97142857142856,91.0575759321034,1.6815792613043531e+28,5.336510474130574e+27,0.4538535722531378,0.1440330284707693,final_luminosity_arrays\ZTF20abciflj_epoch_2_lum.npy,dillon_extracting_files\dillon_fits\ztf_cutouts\ztf_cutouts_no_interp\ZTF20abciflj_epoch_2.fits,2.962042093174889e+27,False,False,False,Original Detection is False; no Gaussian subtraction attempted,,,,,True,7,5,1.6815792613043531e+28,1.6815792613043531e+28,5.336588019278955e+27,3.151038182504403,False,,,,,C:\Research\bts_vlass_cross_matching\gaussian_adjusted_luminosity_arrays\ZTF20abciflj_epoch_2_gaussian_adjusted_13x13_lum.npy
ZTF20abciflj,3,10:16:33.65,+65:46:28.1,SN Ia,0.04106,175.97142857142856,952.6793844733978,1.4778686832717597e+28,4.508841972135623e+27,0.3988726530224085,0.1216941608736585,final_luminosity_arrays\ZTF20abciflj_epoch_3_lum.npy,dillon_extracting_files\dillon_fits\ztf_cutouts\ztf_cutouts_no_interp\ZTF20abciflj_epoch_3.fits,1.0215187293260788e+28,False,False,False,Original Detection is False; no Gaussian subtraction attempted,,,,,True,5,6,1.4778686832717595e+28,1.4778686832717595e+28,4.508907490384196e+27,3.2776646813524066,False,,,,,C:\Research\bts_vlass_cross_matching\gaussian_adjusted_luminosity_arrays\ZTF20abciflj_epoch_3_gaussian_adjusted_13x13_lum.npy
ZTF20abdzief,1,11:40:50.82,-04:13:22.3,SN Ia,0.0554,237.42857142857144,-365.8980860336747,6.719782170077175e+28,1.0221902080008945e+28,0.9962583426386116,0.1515496030434794,final_luminosity_arrays\ZTF20abdzief_epoch_1_lum.npy,dillon_extracting_files\dillon_fits\ztf_cutouts\ztf_cutouts_no_interp\ZTF20abdzief_epoch_1.fits,3.234747441275107e+28,True,True,True,,False,12.0,16.0,9.75930279450298e+28,False,2,9,4.909132743379871e+28,3.8549649003688442e+28,1.0378718317156605e+28,3.7142976450149634,False,7.986707242198574e+28,1.1011043924765715,1.2381884401491365,1.772595552304406e+28,C:\Research\bts_vlass_cross_matching\gaussian_adjusted_luminosity_arrays\ZTF20abdzief_epoch_1_gaussian_adjusted_13x13_lum.npy
ZTF20abdzief,2,11:40:50.82,-04:13:22.3,SN Ia,0.0554,237.42857142857144,458.4339207883834,5.356644135896197e+28,1.077391981305445e+28,0.7941628573462367,0.1597338008240098,final_luminosity_arrays\ZTF20abdzief_epoch_2_lum.npy,dillon_extracting_files\dillon_fits\ztf_cutouts\ztf_cutouts_no_interp\ZTF20abdzief_epoch_2.fits,2.991485157059115e+28,True,True,True,,False,12.0,17.0,1.0041257758890136e+29,False,5,8,4.353197248645279e+28,4.267040579799043e+28,1.0526083766532927e+28,4.053777904908805,False,8.145612852427769e+28,1.1348897878446071,1.0949647857198295,1.8956449064623682e+28,C:\Research\bts_vlass_cross_matching\gaussian_adjusted_luminosity_arrays\ZTF20abdzief_epoch_2_gaussian_adjusted_13x13_lum.npy
ZTF20abdzief,3,11:40:50.82,-04:13:22.3,SN Ia,0.0554,237.42857142857144,1387.9393215842902,6.921901876359723e+28,1.2339969427688885e+28,1.026224112138152,0.1829520038146644,final_luminosity_arrays\ZTF20abdzief_epoch_3_lum.npy,dillon_extracting_files\dillon_fits\ztf_cutouts\ztf_cutouts_no_interp\ZTF20abdzief_epoch_3.fits,3.2030858498981343e+28,True,True,True,,False,12.0,16.0,1.0358021687316335e+29,False,3,10,5.391151054502097e+28,3.763315644196655e+28,1.2344956617448297e+28,3.0484640495841067,False,7.650933049405462e+28,1.209520012543918,1.0147291508954464,2.707088637910873e+28,C:\Research\bts_vlass_cross_matching\gaussian_adjusted_luminosity_arrays\ZTF20abdzief_epoch_3_gaussian_adjusted_13x13_lum.npy
ZTF20abegirf,1,01:41:57.46,+18:23:23.1,SN II,0.045,192.8571428571429,-450.32248803811,1.3688084947653394e+28,7.639281820550466e+27,0.3075770800933241,0.1716604001600643,final_luminosity_arrays\ZTF20abegirf_epoch_1_lum.npy,dillon_extracting_files\dillon_fits\ztf_cutouts\ztf_cutouts_no_interp\ZTF20abegirf_epoch_1.fits,9.30220955606326e+27,False,False,False,Original Detection is False; no Gaussian subtraction attempted,,,,,False,10,7,1.5447123750291847e+28,1.3688084947653394e+28,7.639392827405068e+27,1.791776553046158,False,,,,,C:\Research\bts_vlass_cross_matching\gaussian_adjusted_luminosity_arrays\ZTF20abegirf_epoch_1_gaussian_adjusted_13x13_lum.npy
ZTF20abegirf,2,01:41:57.46,+18:23:23.1,SN II,0.045,192.8571428571429,486.519617225048,2.255821569890117e+28,5.079416895119485e+27,0.5068926839157937,0.1141383126422181,final_luminosity_arrays\ZTF20abegirf_epoch_2_lum.npy,dillon_extracting_files\dillon_fits\ztf_cutouts\ztf_cutouts_no_interp\ZTF20abegirf_epoch_2.fits,1.950070301331649e+28,True,False,False,,True,14.0,15.0,2.255821569890117e+28,True,6,7,2.255821569890117e+28,2.255821569890117e+28,5.079490704425906e+27,4.4410388780208905,True,,,,,C:\Research\bts_vlass_cross_matching\gaussian_adjusted_luminosity_arrays\ZTF20abegirf_epoch_2_gaussian_adjusted_13x13_lum.npy
ZTF20abegirf,3,01:41:57.46,+18:23:23.1,SN II,0.045,192.8571428571429,1401.3521531102156,9.355910742866732e+27,5.590479597123803e+27,0.2102312864735721,0.1256222754012492,final_luminosity_arrays\ZTF20abegirf_epoch_3_lum.npy,dillon_extracting_files\dillon_fits\ztf_cutouts\ztf_cutouts_no_interp\ZTF20abegirf_epoch_3.fits,-4.022203867189376e+27,False,False,False,Original Detection is False; no Gaussian subtraction attempted,,,,,False,12,12,1.4863296658567428e+28,9.355910742866731e+27,5.590560832712484e+27,1.6735191732682277,False,,,,,C:\Research\bts_vlass_cross_matching\gaussian_adjusted_luminosity_arrays\ZTF20abegirf_epoch_3_gaussian_adjusted_13x13_lum.npy
ZTF20abepklv,1,14:31:25.58,+33:13:47.6,SN II,0.0226,96.85714285714286,-890.3246626246786,4.103453783579903e+27,1.740233446260029e+27,0.3655686741694808,0.1550362478881564,final_luminosity_arrays\ZTF20abepklv_epoch_1_lum.npy,dillon_extracting_files\dillon_fits\ztf_cutouts\ztf_cutouts_no_interp\ZTF20abepklv_epoch_1.fits,3.139889713426117e+27,False,False,False,Original Detection is False; no Gaussian subtraction attempted,,,,,False,8,8,6.2693561785085e+27,4.103453783579903e+27,1.740258733694854e+27,2.3579561499269706,False,,,,,C:\Research\bts_vlass_cross_matching\gaussian_adjusted_luminosity_arrays\ZTF20abepklv_epoch_1_gaussian_adjusted_13x13_lum.npy
ZTF20abepklv,2,14:31:25.58,+33:13:47.6,SN II,0.0226,96.85714285714286,107.13279874829232,7.934825045923396e+27,1.9905250433451456e+27,0.7068980485200882,0.1773345608951876,final_luminosity_arrays\ZTF20abepklv_epoch_2_lum.npy,dillon_extracting_files\dillon_fits\ztf_cutouts\ztf_cutouts_no_interp\ZTF20abepklv_epoch_2.fits,6.566645149807776e+27,False,False,False,Original Detection is False; no Gaussian subtraction attempted,,,,,True,5,7,7.934825045923396e+27,7.934825045923396e+27,1.9905539677819273e+27,3.9862395967918243,False,,,,,C:\Research\bts_vlass_cross_matching\gaussian_adjusted_luminosity_arrays\ZTF20abepklv_epoch_2_gaussian_adjusted_13x13_lum.npy
ZTF20abepklv,3,14:31:25.58,+33:13:47.6,SN II,0.0226,96.85714285714286,963.772736162726,6.471884604641552e+27,1.5681073770999385e+27,0.576567545067519,0.1397016501169961,final_luminosity_arrays\ZTF20abepklv_epoch_3_lum.npy,dillon_extracting_files\dillon_fits\ztf_cutouts\ztf_cutouts_no_interp\ZTF20abepklv_epoch_3.fits,2.752380154405389e+27,True,True,True,,False,16.0,16.0,7.083205212494801e+27,False,6,0,6.095352171594397e+27,1.4904156652048088e+27,1.4398730866608262e+27,1.0351021065760695,False,6.3278869592434e+27,1.9828404955701835,2.1122380182802267,0.0,C:\Research\bts_vlass_cross_matching\gaussian_adjusted_luminosity_arrays\ZTF20abepklv_epoch_3_gaussian_adjusted_13x13_lum.npy
ZTF20abevbxv,1,09:21:11.57,+64:15:14.3,SN II,0.00531,22.757142857142853,-989.964308019918,2.036066977955757e+26,8.2546491839145e+25,0.3285786369815469,0.1332147134445426,final_luminosity_arrays\ZTF20abevbxv_epoch_1_lum.npy,dillon_extracting_files\dillon_fits\ztf_cutouts\ztf_cutouts_no_interp\ZTF20abevbxv_epoch_1.fits,1.3260499825095957e+26,False,False,False,Original Detection is False; no Gaussian subtraction attempted,,,,,False,4,10,3.578898617085487e+26,2.036066977955757e+26,8.254769132708546e+25,2.4665341273907737,False,,,,,C:\Research\bts_vlass_cross_matching\gaussian_adjusted_luminosity_arrays\ZTF20abevbxv_epoch_1_gaussian_adjusted_13x13_lum.npy
ZTF20abevbxv,2,09:21:11.57,+64:15:14.3,SN II,0.00531,22.757142857142853,114.17272433826004,4.8053897822044826e+26,1.0195219016487524e+26,0.77548943227157,0.1645319079619174,final_luminosity_arrays\ZTF20abevbxv_epoch_2_lum.npy,dillon_extracting_files\dillon_fits\ztf_cutouts\ztf_cutouts_no_interp\ZTF20abevbxv_epoch_2.fits,3.787457646832402e+26,True,False,False,,True,14.0,15.0,4.8053897822044826e+26,True,6,7,4.8053897822044826e+26,4.8053897822044826e+26,1.0195367163816238e+26,4.713307235524583,True,,,,,C:\Research\bts_vlass_cross_matching\gaussian_adjusted_luminosity_arrays\ZTF20abevbxv_epoch_2_gaussian_adjusted_13x13_lum.npy
ZTF20abevbxv,3,09:21:11.57,+64:15:14.3,SN II,0.00531,22.757142857142853,972.6143990455644,2.9780780488054405e+26,1.0289019232765022e+26,0.4805995267815888,0.166045669316766,final_luminosity_arrays\ZTF20abevbxv_epoch_3_lum.npy,dillon_extracting_files\dillon_fits\ztf_cutouts\ztf_cutouts_no_interp\ZTF20abevbxv_epoch_3.fits,2.9780780488054405e+26,False,False,False,Original Detection is False; no Gaussian subtraction attempted,,,,,True,6,6,2.9780780488054405e+26,2.9780780488054405e+26,1.028916874311021e+26,2.894381580435843,False,,,,,C:\Research\bts_vlass_cross_matching\gaussian_adjusted_luminosity_arrays\ZTF20abevbxv_epoch_3_gaussian_adjusted_13x13_lum.npy
ZTF20abfcrzj,1,20:26:52.28,-18:37:02.2,SN IIb,0.023,98.57142857142856,-829.3121062553255,3.3541133481467047e+27,1.7601124927312335e+27,0.2885083376895637,0.1514005209992244,final_luminosity_arrays\ZTF20abfcrzj_epoch_1_lum.npy,dillon_extracting_files\dillon_fits\ztf_cutouts\ztf_cutouts_no_interp\ZTF20abfcrzj_epoch_1.fits,1.6310387537808632e+26,False,False,False,Original Detection is False; no Gaussian subtraction attempted,,,,,False,5,9,4.8840947448182227e+27,3.3541133481467047e+27,1.7601380690296554e+27,1.9055967296905236,False,,,,,C:\Research\bts_vlass_cross_matching\gaussian_adjusted_luminosity_arrays\ZTF20abfcrzj_epoch_1_gaussian_adjusted_13x13_lum.npy
ZTF20abfcrzj,2,20:26:52.28,-18:37:02.2,SN IIb,0.023,98.57142857142856,128.65465816305195,7.977087518986179e+27,1.908931298368285e+27,0.6861593574285508,0.1642015463887832,final_luminosity_arrays\ZTF20abfcrzj_epoch_2_lum.npy,dillon_extracting_files\dillon_fits\ztf_cutouts\ztf_cutouts_no_interp\ZTF20abfcrzj_epoch_2.fits,7.977087518986179e+27,True,False,False,,True,14.0,14.0,7.977087518986179e+27,True,6,6,7.977087518986179e+27,7.977087518986179e+27,1.9089590371615476e+27,4.178763065994019,True,,,,,C:\Research\bts_vlass_cross_matching\gaussian_adjusted_luminosity_arrays\ZTF20abfcrzj_epoch_2_gaussian_adjusted_13x13_lum.npy
ZTF20abfcrzj,3,20:26:52.28,-18:37:02.2,SN IIb,0.023,98.57142857142856,1064.138529130794,3.32894735845406e+27,1.658777535770012e+27,0.2863436529878527,0.1426839387678491,final_luminosity_arrays\ZTF20abfcrzj_epoch_3_lum.npy,dillon_extracting_files\dillon_fits\ztf_cutouts\ztf_cutouts_no_interp\ZTF20abfcrzj_epoch_3.fits,2.780124045996064e+27,False,False,False,Original Detection is False; no Gaussian subtraction attempted,,,,,False,6,9,5.485188966236567e+27,3.32894735845406e+27,1.6588016395641992e+27,2.0068387196245125,False,,,,,C:\Research\bts_vlass_cross_matching\gaussian_adjusted_luminosity_arrays\ZTF20abfcrzj_epoch_3_gaussian_adjusted_13x13_lum.npy
ZTF20abfklsy,1,20:29:55.93,+08:38:44.0,SN Ia,0.05,214.28571428571428,-939.418466666802,7.987897901190215e+28,8.508019483473705e+27,1.4538808027282355,0.1548570862238409,final_luminosity_arrays\ZTF20abfklsy_epoch_1_lum.npy,dillon_extracting_files\dillon_fits\ztf_cutouts\ztf_cutouts_no_interp\ZTF20abfklsy_epoch_1.fits,1.8720870275100407e+28,True,True,True,,False,16.0,15.0,9.90983597152505e+28,False,7,8,2.9743031891748386e+28,2.276549319277093e+28,8.223131557803896e+27,2.76847002054419,False,8.115181080467086e+28,1.0557956749416268,1.1930467489741154,1.7946548910579636e+28,C:\Research\bts_vlass_cross_matching\gaussian_adjusted_luminosity_arrays\ZTF20abfklsy_epoch_1_gaussian_adjusted_13x13_lum.npy
ZTF20abfklsy,2,20:29:55.93,+08:38:44.0,SN Ia,0.05,214.28571428571428,73.91486666653128,8.215469126940486e+28,9.8525749827329e+27,1.4953011414036157,0.1793297554844089,final_luminosity_arrays\ZTF20abfklsy_epoch_2_lum.npy,dillon_extracting_files\dillon_fits\ztf_cutouts\ztf_cutouts_no_interp\ZTF20abfklsy_epoch_2.fits,1.817138949013309e+28,True,True,True,,False,16.0,15.0,1.0087799845075577e+29,False,7,8,3.977772063287813e+28,2.429933355342511e+28,9.626955872217822e+27,2.524093168802188,False,8.22881446665256e+28,1.1191022976500506,1.1913528330516947,1.8589853784230157e+28,C:\Research\bts_vlass_cross_matching\gaussian_adjusted_luminosity_arrays\ZTF20abfklsy_epoch_2_gaussian_adjusted_13x13_lum.npy
ZTF20abfklsy,3,20:29:55.93,+08:38:44.0,SN Ia,0.05,214.28571428571428,927.2481999998646,6.592130744066129e+28,8.415015161970149e+27,1.1998366098850963,0.1531642858885523,final_luminosity_arrays\ZTF20abfklsy_epoch_3_lum.npy,dillon_extracting_files\dillon_fits\ztf_cutouts\ztf_cutouts_no_interp\ZTF20abfklsy_epoch_3.fits,1.2506532275555985e+28,True,True,True,,False,16.0,15.0,1.0546548406140479e+29,False,2,6,2.554565839407142e+28,1.0758528281009523e+28,8.305361284152351e+27,1.2953714971482475,False,9.86364396582163e+28,1.134971841468398,1.13391139960145,6.829044403188486e+27,C:\Research\bts_vlass_cross_matching\gaussian_adjusted_luminosity_arrays\ZTF20abfklsy_epoch_3_gaussian_adjusted_13x13_lum.npy
ZTF20abgtvhl,1,00:08:18.97,+08:07:16.3,SN II,0.0178,76.28571428571429,-976.09464717836,8.687114053261168e+27,1.0180883583601652e+27,1.2475898256525395,0.1462137053156554,final_luminosity_arrays\ZTF20abgtvhl_epoch_1_lum.npy,dillon_extracting_files\dillon_fits\ztf_cutouts\ztf_cutouts_no_interp\ZTF20abgtvhl_epoch_1.fits,8.687114053261168e+27,True,False,False,,True,14.0,14.0,8.687114053261168e+27,True,6,6,8.687114053261168e+27,8.687114053261168e+27,1.0181031522621346e+27,8.532646258838483,True,,,,,C:\Research\bts_vlass_cross_matching\gaussian_adjusted_luminosity_arrays\ZTF20abgtvhl_epoch_1_gaussian_adjusted_13x13_lum.npy
ZTF20abgtvhl,2,00:08:18.97,+08:07:16.3,SN II,0.0178,76.28571428571429,57.507239243333714,9.860014261018036e+27,1.1466941311313298e+27,1.416034530848265,0.1646835428375604,final_luminosity_arrays\ZTF20abgtvhl_epoch_2_lum.npy,dillon_extracting_files\dillon_fits\ztf_cutouts\ztf_cutouts_no_interp\ZTF20abgtvhl_epoch_2.fits,9.860014261018036e+27,True,False,False,,True,14.0,14.0,9.860014261018035e+27,True,6,6,9.860014261018035e+27,9.860014261018035e+27,1.1467107938113667e+27,8.598518749654328,True,,,,,C:\Research\bts_vlass_cross_matching\gaussian_adjusted_luminosity_arrays\ZTF20abgtvhl_epoch_2_gaussian_adjusted_13x13_lum.npy
ZTF20abgtvhl,3,00:08:18.97,+08:07:16.3,SN II,0.0178,76.28571428571429,949.6274986263164,9.583285396834336e+27,1.1463457037975478e+27,1.376292435452342,0.1646335031223557,final_luminosity_arrays\ZTF20abgtvhl_epoch_3_lum.npy,dillon_extracting_files\dillon_fits\ztf_cutouts\ztf_cutouts_no_interp\ZTF20abgtvhl_epoch_3.fits,9.583285396834336e+27,True,False,False,,True,14.0,14.0,9.583285396834336e+27,True,6,6,9.583285396834336e+27,9.583285396834336e+27,1.1463623614145667e+27,8.35973486167928,True,,,,,C:\Research\bts_vlass_cross_matching\gaussian_adjusted_luminosity_arrays\ZTF20abgtvhl_epoch_3_gaussian_adjusted_13x13_lum.npy
ZTF20abidglx,1,02:52:51.09,+42:12:20.9,SN Ia,0.012,51.42857142857143,-1763.0832015809128,4.0574944983043287e+27,4.238580949470176e+26,1.282129087485373,0.1339370119897938,final_luminosity_arrays\ZTF20abidglx_epoch_1_lum.npy,dillon_extracting_files\dillon_fits\ztf_cutouts\ztf_cutouts_no_interp\ZTF20abidglx_epoch_1.fits,2.562789382344125e+27,True,False,False,,True,13.0,15.0,4.0574944983043287e+27,True,5,7,4.0574944983043287e+27,4.0574944983043287e+27,4.238642540539892e+26,9.572627225572813,True,,,,,C:\Research\bts_vlass_cross_matching\gaussian_adjusted_luminosity_arrays\ZTF20abidglx_epoch_1_gaussian_adjusted_13x13_lum.npy
ZTF20abidglx,2,02:52:51.09,+42:12:20.9,SN Ia,0.012,51.42857142857143,-850.0397233200432,3.277377486339417e+27,4.1872982288523776e+26,1.0356196435168386,0.132316503982954,final_luminosity_arrays\ZTF20abidglx_epoch_2_lum.npy,dillon_extracting_files\dillon_fits\ztf_cutouts\ztf_cutouts_no_interp\ZTF20abidglx_epoch_2.fits,2.6188760192591257e+27,True,True,True,,False,12.0,14.0,3.389090979281139e+27,True,6,5,1.4621752699253095e+27,1.4621752699253095e+27,4.007638911960504e+26,3.648470588409437,False,3.024438099032497e+27,1.8500714158103562,1.5589769170216594,0.0,C:\Research\bts_vlass_cross_matching\gaussian_adjusted_luminosity_arrays\ZTF20abidglx_epoch_2_gaussian_adjusted_13x13_lum.npy
ZTF20abidglx,3,02:52:51.09,+42:12:20.9,SN Ia,0.012,51.42857142857143,82.76660079062869,3.848118828990586e+27,4.194117261503335e+26,1.2159683974459767,0.1325319819622159,final_luminosity_arrays\ZTF20abidglx_epoch_3_lum.npy,dillon_extracting_files\dillon_fits\ztf_cutouts\ztf_cutouts_no_interp\ZTF20abidglx_epoch_3.fits,2.0496639638413296e+27,True,False,False,,True,13.0,14.0,3.848118828990586e+27,True,5,6,3.848118828990586e+27,3.848118828990586e+27,4.19417820646858e+26,9.17490540353227,True,,,,,C:\Research\bts_vlass_cross_matching\gaussian_adjusted_luminosity_arrays\ZTF20abidglx_epoch_3_gaussian_adjusted_13x13_lum.npy
ZTF20abisysx,1,16:58:12.98,+02:07:03.0,TDE,0.084,360.0,-357.22560692334554,7.396941207215438e+28,2.092778927226723e+28,0.477012654300779,0.1349607235031709,final_luminosity_arrays\ZTF20abisysx_epoch_1_lum.npy,dillon_extracting_files\dillon_fits\ztf_cutouts\ztf_cutouts_no_interp\ZTF20abisysx_epoch_1.fits,7.396941207215438e+28,False,False,False,Original Detection is False; no Gaussian subtraction attempted,,,,,True,6,6,7.396941207215438e+28,7.396941207215438e+28,2.0928093375207205e+28,3.53445537278534,False,,,,,C:\Research\bts_vlass_cross_matching\gaussian_adjusted_luminosity_arrays\ZTF20abisysx_epoch_1_gaussian_adjusted_13x13_lum.npy
ZTF20abisysx,2,16:58:12.98,+02:07:03.0,TDE,0.084,360.0,448.1249465821895,1.040936008318385e+29,2.4769836748199748e+28,0.6712769973091781,0.1597376122772048,final_luminosity_arrays\ZTF20abisysx_epoch_2_lum.npy,dillon_extracting_files\dillon_fits\ztf_cutouts\ztf_cutouts_no_interp\ZTF20abisysx_epoch_2.fits,1.040936008318385e+29,True,False,False,,True,14.0,14.0,1.040936008318385e+29,True,6,6,1.040936008318385e+29,1.040936008318385e+29,2.4770196680158157e+28,4.202372802119141,True,,,,,C:\Research\bts_vlass_cross_matching\gaussian_adjusted_luminosity_arrays\ZTF20abisysx_epoch_2_gaussian_adjusted_13x13_lum.npy
ZTF20abisysx,3,16:58:12.98,+02:07:03.0,TDE,0.084,360.0,1334.6563118958425,9.582314971182989e+28,2.3507451113663154e+28,0.6179426563903689,0.1515966435221896,final_luminosity_arrays\ZTF20abisysx_epoch_3_lum.npy,dillon_extracting_files\dillon_fits\ztf_cutouts\ztf_cutouts_no_interp\ZTF20abisysx_epoch_3.fits,8.449656247428217e+28,True,False,False,,True,14.0,15.0,9.582314971182987e+28,True,6,7,9.582314971182987e+28,9.582314971182987e+28,2.3507792701821465e+28,4.076229143555667,True,,,,,C:\Research\bts_vlass_cross_matching\gaussian_adjusted_luminosity_arrays\ZTF20abisysx_epoch_3_gaussian_adjusted_13x13_lum.npy
ZTF20abjkxwa,1,01:43:49.84,+30:21:14.0,SN Ia,0.054,231.42857142857144,-429.2972296016004,3.194416486112914e+28,7.547014933103481e+27,0.4984714905731379,0.1177688152083578,final_luminosity_arrays\ZTF20abjkxwa_epoch_1_lum.npy,dillon_extracting_files\dillon_fits\ztf_cutouts\ztf_cutouts_no_interp\ZTF20abjkxwa_epoch_1.fits,4.782535646421048e+27,True,False,False,,True,13.0,13.0,3.194416486112914e+28,True,5,5,3.194416486112914e+28,3.194416486112914e+28,7.5471245992225e+27,4.232627200088893,True,,,,,C:\Research\bts_vlass_cross_matching\gaussian_adjusted_luminosity_arrays\ZTF20abjkxwa_epoch_1_gaussian_adjusted_13x13_lum.npy
ZTF20abjkxwa,2,01:43:49.84,+30:21:14.0,SN Ia,0.054,231.42857142857144,449.2606451612079,9.978644374543805e+27,7.061668358183611e+27,0.1557113719172775,0.1101951332161529,final_luminosity_arrays\ZTF20abjkxwa_epoch_2_lum.npy,dillon_extracting_files\dillon_fits\ztf_cutouts\ztf_cutouts_no_interp\ZTF20abjkxwa_epoch_2.fits,6.940840528998769e+27,False,False,False,Original Detection is False; no Gaussian subtraction attempted,,,,,False,11,2,2.2614290661692055e+28,9.978644374543805e+27,7.061770971702931e+27,1.4130512607289325,False,,,,,C:\Research\bts_vlass_cross_matching\gaussian_adjusted_luminosity_arrays\ZTF20abjkxwa_epoch_2_gaussian_adjusted_13x13_lum.npy
ZTF20abjkxwa,3,01:43:49.84,+30:21:14.0,SN Ia,0.054,231.42857142857144,1330.664819734263,9.95064833974286e+27,8.72984407683412e+27,0.1552745088702067,0.1362264952428918,final_luminosity_arrays\ZTF20abjkxwa_epoch_3_lum.npy,dillon_extracting_files\dillon_fits\ztf_cutouts\ztf_cutouts_no_interp\ZTF20abjkxwa_epoch_3.fits,6.483332295650645e+27,False,False,False,Original Detection is False; no Gaussian subtraction attempted,,,,,False,8,0,2.7408911668794053e+28,9.95064833974286e+27,8.729970930713175e+27,1.1398260565490754,False,,,,,C:\Research\bts_vlass_cross_matching\gaussian_adjusted_luminosity_arrays\ZTF20abjkxwa_epoch_3_gaussian_adjusted_13x13_lum.npy
ZTF20aborzxc,1,01:26:30.60,+10:43:13.4,SN Ic,0.02,85.71428571428571,-1030.8016862743077,3.923291909215519e+27,1.0557528154840556e+27,0.4463000514078885,0.1201005159720542,final_luminosity_arrays\ZTF20aborzxc_epoch_1_lum.npy,dillon_extracting_files\dillon_fits\ztf_cutouts\ztf_cutouts_no_interp\ZTF20aborzxc_epoch_1.fits,2.9637275170446054e+27,False,False,False,Original Detection is False; no Gaussian subtraction attempted,,,,,True,5,6,3.923291909215519e+27,3.923291909215519e+27,1.0557681566904725e+27,3.716054404893119,False,,,,,C:\Research\bts_vlass_cross_matching\gaussian_adjusted_luminosity_arrays\ZTF20aborzxc_epoch_1_gaussian_adjusted_13x13_lum.npy
ZTF20aborzxc,2,01:26:30.60,+10:43:13.4,SN Ic,0.02,85.71428571428571,-22.9585490194058,3.720564590904531e+27,1.2536305954458818e+27,0.4232384962961077,0.1426107315492902,final_luminosity_arrays\ZTF20aborzxc_epoch_2_lum.npy,dillon_extracting_files\dillon_fits\ztf_cutouts\ztf_cutouts_no_interp\ZTF20aborzxc_epoch_2.fits,3.720564590904531e+27,False,False,False,Original Detection is False; no Gaussian subtraction attempted,,,,,True,6,6,3.720564590904531e+27,3.720564590904531e+27,1.253648812025988e+27,2.9677885506801753,False,,,,,C:\Research\bts_vlass_cross_matching\gaussian_adjusted_luminosity_arrays\ZTF20aborzxc_epoch_2_gaussian_adjusted_13x13_lum.npy
ZTF20aborzxc,3,01:26:30.60,+10:43:13.4,SN Ic,0.02,85.71428571428571,872.1394901962805,4.578801269886165e+27,1.1237312744049686e+27,0.5208685179241002,0.1278336215547691,final_luminosity_arrays\ZTF20aborzxc_epoch_3_lum.npy,dillon_extracting_files\dillon_fits\ztf_cutouts\ztf_cutouts_no_interp\ZTF20aborzxc_epoch_3.fits,3.033959538948224e+27,True,False,False,,True,13.0,15.0,4.5788012698861653e+27,True,5,7,4.5788012698861653e+27,4.5788012698861653e+27,1.123747603410381e+27,4.074581566172235,True,,,,,C:\Research\bts_vlass_cross_matching\gaussian_adjusted_luminosity_arrays\ZTF20aborzxc_epoch_3_gaussian_adjusted_13x13_lum.npy
ZTF20abpuxna,1,02:59:05.54,+27:10:55.3,SN II,0.03616,154.97142857142856,-467.5305165226975,2.0426936329097944e+28,6.243018870324719e+27,0.7108577410690486,0.217260322716648,final_luminosity_arrays\ZTF20abpuxna_epoch_1_lum.npy,dillon_extracting_files\dillon_fits\ztf_cutouts\ztf_cutouts_no_interp\ZTF20abpuxna_epoch_1.fits,2.028902271253956e+28,False,False,False,Original Detection is False; no Gaussian subtraction attempted,,,,,True,6,5,2.0426936329097944e+28,2.0426936329097944e+28,6.24310958800006e+27,3.2719169896297755,False,,,,,C:\Research\bts_vlass_cross_matching\gaussian_adjusted_luminosity_arrays\ZTF20abpuxna_epoch_1_gaussian_adjusted_13x13_lum.npy
ZTF20abpuxna,2,02:59:05.54,+27:10:55.3,SN II,0.03616,154.97142857142856,450.2814044161536,1.7121657779066952e+28,3.977789391167765e+27,0.5958339897915721,0.1384291517893517,final_luminosity_arrays\ZTF20abpuxna_epoch_2_lum.npy,dillon_extracting_files\dillon_fits\ztf_cutouts\ztf_cutouts_no_interp\ZTF20abpuxna_epoch_2.fits,1.7121657779066952e+28,True,False,False,,True,14.0,14.0,1.7121657779066952e+28,True,6,6,1.7121657779066952e+28,1.7121657779066952e+28,3.97784719265997e+27,4.304252262545503,True,,,,,C:\Research\bts_vlass_cross_matching\gaussian_adjusted_luminosity_arrays\ZTF20abpuxna_epoch_2_gaussian_adjusted_13x13_lum.npy
ZTF20abpuxna,3,02:59:05.54,+27:10:55.3,SN II,0.03616,154.97142857142856,1401.8718923716815,2.445424877028924e+28,4.3724526610712407e+27,0.8510082843713463,0.1521636400497046,final_luminosity_arrays\ZTF20abpuxna_epoch_3_lum.npy,dillon_extracting_files\dillon_fits\ztf_cutouts\ztf_cutouts_no_interp\ZTF20abpuxna_epoch_3.fits,2.445424877028924e+28,True,False,False,,True,14.0,14.0,2.445424877028924e+28,True,6,6,2.445424877028924e+28,2.445424877028924e+28,4.372516197438692e+27,5.592717708996461,True,,,,,C:\Research\bts_vlass_cross_matching\gaussian_adjusted_luminosity_arrays\ZTF20abpuxna_epoch_3_gaussian_adjusted_13x13_lum.npy
ZTF20abqmtsh,1,19:54:02.60,+49:56:16.2,SN Ia,0.02507,107.44285714285714,-1036.2368658699534,2.484227357378564e+28,1.8539770571978404e+27,1.798535347916186,0.1342265117032769,final_luminosity_arrays\ZTF20abqmtsh_epoch_1_lum.npy,dillon_extracting_files\dillon_fits\ztf_cutouts\ztf_cutouts_no_interp\ZTF20abqmtsh_epoch_1.fits,1.471435041600017e+28,True,False,False,,True,14.0,15.0,2.484227357378564e+28,True,6,7,2.484227357378564e+28,2.484227357378564e+28,1.8540039974477822e+27,13.399255669342386,True,,,,,C:\Research\bts_vlass_cross_matching\gaussian_adjusted_luminosity_arrays\ZTF20abqmtsh_epoch_1_gaussian_adjusted_13x13_lum.npy
ZTF20abqmtsh,2,19:54:02.60,+49:56:16.2,SN Ia,0.02507,107.44285714285714,3.692114589917775,2.8041972932140493e+28,2.3105056868509085e+27,2.030187752097845,0.167278833043017,final_luminosity_arrays\ZTF20abqmtsh_epoch_2_lum.npy,dillon_extracting_files\dillon_fits\ztf_cutouts\ztf_cutouts_no_interp\ZTF20abqmtsh_epoch_2.fits,1.6636034652618695e+28,True,False,False,,True,14.0,15.0,2.8041972932140493e+28,True,6,7,2.8041972932140493e+28,2.8041972932140493e+28,2.3105392609452883e+27,12.13654898929004,True,,,,,C:\Research\bts_vlass_cross_matching\gaussian_adjusted_luminosity_arrays\ZTF20abqmtsh_epoch_2_gaussian_adjusted_13x13_lum.npy
ZTF20abqmtsh,3,19:54:02.60,+49:56:16.2,SN Ia,0.02507,107.44285714285714,908.020599473877,2.704171503502173e+28,2.286021604773965e+27,1.957770902663469,0.1655062043491042,final_luminosity_arrays\ZTF20abqmtsh_epoch_3_lum.npy,dillon_extracting_files\dillon_fits\ztf_cutouts\ztf_cutouts_no_interp\ZTF20abqmtsh_epoch_3.fits,1.7062985725488464e+28,True,False,False,,True,14.0,15.0,2.704171503502173e+28,True,6,7,2.704171503502173e+28,2.704171503502173e+28,2.2860548230887048e+27,11.82898798484871,True,,,,,C:\Research\bts_vlass_cross_matching\gaussian_adjusted_luminosity_arrays\ZTF20abqmtsh_epoch_3_gaussian_adjusted_13x13_lum.npy
ZTF20abvdtgl,1,15:03:10.91,+08:07:19.6,SN Ia,0.092,394.2857142857143,-689.8884882795668,8.54931539133579e+28,2.4140333161693624e+28,0.4596126673277467,0.1297807325124389,final_luminosity_arrays\ZTF20abvdtgl_epoch_1_lum.npy,dillon_extracting_files\dillon_fits\ztf_cutouts\ztf_cutouts_no_interp\ZTF20abvdtgl_epoch_1.fits,5.837076617761503e+28,False,False,False,Original Detection is False; no Gaussian subtraction attempted,,,,,True,5,6,8.54931539133579e+28,8.54931539133579e+28,2.414068394629829e+28,3.5414553333923804,False,,,,,C:\Research\bts_vlass_cross_matching\gaussian_adjusted_luminosity_arrays\ZTF20abvdtgl_epoch_1_gaussian_adjusted_13x13_lum.npy
ZTF20abvdtgl,2,15:03:10.91,+08:07:19.6,SN Ia,0.092,394.2857142857143,219.45217106109249,1.3877792290589853e+29,2.766967927277129e+28,0.7460725028067827,0.148754833678218,final_luminosity_arrays\ZTF20abvdtgl_epoch_2_lum.npy,dillon_extracting_files\dillon_fits\ztf_cutouts\ztf_cutouts_no_interp\ZTF20abvdtgl_epoch_2.fits,9.025921570703037e+28,True,False,False,,True,13.0,14.0,1.3877792290589851e+29,True,5,6,1.3877792290589851e+29,1.3877792290589851e+29,2.767008134251242e+28,5.015450485600112,True,,,,,C:\Research\bts_vlass_cross_matching\gaussian_adjusted_luminosity_arrays\ZTF20abvdtgl_epoch_2_gaussian_adjusted_13x13_lum.npy
ZTF20abvdtgl,3,15:03:10.91,+08:07:19.6,SN Ia,0.092,394.2857142857143,1115.972317581239,1.0294435784992228e+29,2.963536525080257e+28,0.5534306401386857,0.1593225488961314,final_luminosity_arrays\ZTF20abvdtgl_epoch_3_lum.npy,dillon_extracting_files\dillon_fits\ztf_cutouts\ztf_cutouts_no_interp\ZTF20abvdtgl_epoch_3.fits,3.910581906780992e+28,False,False,False,Original Detection is False; no Gaussian subtraction attempted,,,,,False,4,7,1.1262623359126496e+29,1.0294435784992228e+29,2.9635795884042553e+28,3.4736491725316836,False,,,,,C:\Research\bts_vlass_cross_matching\gaussian_adjusted_luminosity_arrays\ZTF20abvdtgl_epoch_3_gaussian_adjusted_13x13_lum.npy
ZTF20abvycvf,1,03:54:15.93,+15:55:42.6,SN Ia,0.02222,95.22857142857144,-1027.2935375947563,3.504095626835773e+28,2.4665051696910129e+27,3.2294171396642906,0.2273194188648313,final_luminosity_arrays\ZTF20abvycvf_epoch_1_lum.npy,dillon_extracting_files\dillon_fits\ztf_cutouts\ztf_cutouts_no_interp\ZTF20abvycvf_epoch_1.fits,3.007905359809233e+28,True,False,False,,True,15.0,14.0,3.5040956268357732e+28,True,7,6,3.5040956268357732e+28,3.5040956268357732e+28,2.466541010623076e+27,14.206516785020328,True,,,,,C:\Research\bts_vlass_cross_matching\gaussian_adjusted_luminosity_arrays\ZTF20abvycvf_epoch_1_gaussian_adjusted_13x13_lum.npy
ZTF20abvycvf,2,03:54:15.93,+15:55:42.6,SN Ia,0.02222,95.22857142857144,-20.6609144803582,4.224932163304379e+28,2.7689109579400964e+27,3.893748857080935,0.2551899090186203,final_luminosity_arrays\ZTF20abvycvf_epoch_2_lum.npy,dillon_extracting_files\dillon_fits\ztf_cutouts\ztf_cutouts_no_interp\ZTF20abvycvf_epoch_2.fits,3.247980750649965e+28,True,False,False,,True,15.0,14.0,4.224932163304379e+28,True,7,6,4.224932163304379e+28,4.224932163304379e+28,2.7689511931485013e+27,15.258239920438324,True,,,,,C:\Research\bts_vlass_cross_matching\gaussian_adjusted_luminosity_arrays\ZTF20abvycvf_epoch_2_gaussian_adjusted_13x13_lum.npy
ZTF20abvycvf,3,03:54:15.93,+15:55:42.6,SN Ia,0.02222,95.22857142857144,877.3845160531865,4.57862190166834e+28,3.1119667172829713e+27,4.2197136208415005,0.2868068043774186,final_luminosity_arrays\ZTF20abvycvf_epoch_3_lum.npy,dillon_extracting_files\dillon_fits\ztf_cutouts\ztf_cutouts_no_interp\ZTF20abvycvf_epoch_3.fits,3.762754780879324e+28,True,False,False,,True,15.0,14.0,4.57862190166834e+28,True,7,6,4.57862190166834e+28,4.57862190166834e+28,3.1120119374548446e+27,14.712738876615497,True,,,,,C:\Research\bts_vlass_cross_matching\gaussian_adjusted_luminosity_arrays\ZTF20abvycvf_epoch_3_gaussian_adjusted_13x13_lum.npy
ZTF20abyxcib,1,05:33:50.17,-13:21:17.5,SN Ia,0.02897,124.15714285714286,-943.1695381782304,4.409601103055698e+29,3.227379320197872e+27,23.90774525702,0.1749829112407559,final_luminosity_arrays\ZTF20abyxcib_epoch_1_lum.npy,dillon_extracting_files\dillon_fits\ztf_cutouts\ztf_cutouts_no_interp\ZTF20abyxcib_epoch_1.fits,3.0439929963471787e+29,True,False,False,,True,13.0,14.0,4.409601103055698e+29,True,5,6,4.409601103055698e+29,4.409601103055698e+29,3.227426217437085e+27,136.62902901487192,True,,,,,C:\Research\bts_vlass_cross_matching\gaussian_adjusted_luminosity_arrays\ZTF20abyxcib_epoch_1_gaussian_adjusted_13x13_lum.npy
ZTF20abyxcib,2,05:33:50.17,-13:21:17.5,SN Ia,0.02897,124.15714285714286,39.36639581401427,4.386028373249859e+29,3.848326275993026e+27,23.77993986010552,0.2086495786111285,final_luminosity_arrays\ZTF20abyxcib_epoch_2_lum.npy,dillon_extracting_files\dillon_fits\ztf_cutouts\ztf_cutouts_no_interp\ZTF20abyxcib_epoch_2.fits,2.416485486002884e+29,True,False,False,,True,13.0,14.0,4.386028373249859e+29,True,5,6,4.386028373249859e+29,4.386028373249859e+29,3.84838219624907e+27,113.9707063795488,True,,,,,C:\Research\bts_vlass_cross_matching\gaussian_adjusted_luminosity_arrays\ZTF20abyxcib_epoch_2_gaussian_adjusted_13x13_lum.npy
ZTF20abyxcib,3,05:33:50.17,-13:21:17.5,SN Ia,0.02897,124.15714285714286,905.2808539614822,4.380697497371447e+29,3.673465456020371e+27,23.751037195324898,0.1991689281188632,final_luminosity_arrays\ZTF20abyxcib_epoch_3_lum.npy,dillon_extracting_files\dillon_fits\ztf_cutouts\ztf_cutouts_no_interp\ZTF20abyxcib_epoch_3.fits,2.666689666102934e+29,True,False,False,,True,13.0,14.0,4.380697497371447e+29,True,5,6,4.380697497371447e+29,4.380697497371447e+29,3.673518835363528e+27,119.2507155591578,True,,,,,C:\Research\bts_vlass_cross_matching\gaussian_adjusted_luminosity_arrays\ZTF20abyxcib_epoch_3_gaussian_adjusted_13x13_lum.npy
ZTF20acaazkt,1,10:08:53.45,+42:43:00.3,TDE,0.044,188.57142857142856,-477.482394636002,9.71687622374998e+27,6.217551200544353e+27,0.228379765758291,0.1461358041038144,final_luminosity_arrays\ZTF20acaazkt_epoch_1_lum.npy,dillon_extracting_files\dillon_fits\ztf_cutouts\ztf_cutouts_no_interp\ZTF20acaazkt_epoch_1.fits,4.169597576442159e+27,False,False,False,Original Detection is False; no Gaussian subtraction attempted,,,,,False,6,2,1.6879999783841737e+28,9.716876223749979e+27,6.217641548147483e+27,1.562791317013937,False,,,,,C:\Research\bts_vlass_cross_matching\gaussian_adjusted_luminosity_arrays\ZTF20acaazkt_epoch_1_gaussian_adjusted_13x13_lum.npy
ZTF20acaazkt,2,10:08:53.45,+42:43:00.3,TDE,0.044,188.57142857142856,353.9352298850707,6.556254438831625e+28,4.92978554693464e+27,1.5409436309710154,0.1158684748583305,final_luminosity_arrays\ZTF20acaazkt_epoch_2_lum.npy,dillon_extracting_files\dillon_fits\ztf_cutouts\ztf_cutouts_no_interp\ZTF20acaazkt_epoch_2.fits,6.556254438831625e+28,True,False,False,,True,14.0,14.0,6.556254438831625e+28,True,6,6,6.556254438831625e+28,6.556254438831625e+28,4.929857181939121e+27,13.299075808627732,True,,,,,C:\Research\bts_vlass_cross_matching\gaussian_adjusted_luminosity_arrays\ZTF20acaazkt_epoch_2_gaussian_adjusted_13x13_lum.npy
ZTF20acaazkt,3,10:08:53.45,+42:43:00.3,TDE,0.044,188.57142857142856,1292.6325478927336,3.430274554712204e+28,6.099296082496892e+27,0.8062316337600356,0.1433563647059138,final_luminosity_arrays\ZTF20acaazkt_epoch_3_lum.npy,dillon_extracting_files\dillon_fits\ztf_cutouts\ztf_cutouts_no_interp\ZTF20acaazkt_epoch_3.fits,3.430274554712204e+28,True,False,False,,True,14.0,14.0,3.4302745547122034e+28,True,6,6,3.4302745547122034e+28,3.4302745547122034e+28,6.099384711727929e+27,5.623968181768324,True,,,,,C:\Research\bts_vlass_cross_matching\gaussian_adjusted_luminosity_arrays\ZTF20acaazkt_epoch_3_gaussian_adjusted_13x13_lum.npy
ZTF20acfvqjl,1,09:24:16.28,+49:14:54.5,SN Ia,0.00898,38.48571428571429,-527.7893635178307,2.344818179472099e+27,3.978421185755242e+26,1.3231004122644665,0.2244919135497584,final_luminosity_arrays\ZTF20acfvqjl_epoch_1_lum.npy,dillon_extracting_files\dillon_fits\ztf_cutouts\ztf_cutouts_no_interp\ZTF20acfvqjl_epoch_1.fits,1.3046532216105618e+27,True,True,True,,False,16.0,17.0,8.273871808254612e+27,False,8,8,1.7514146873218342e+27,1.4419309973925093e+27,3.87343253089681e+26,3.7226180807095695,False,6.937399764010119e+27,1.1602090311904103,1.1392994339959763,1.3364720442444934e+27,C:\Research\bts_vlass_cross_matching\gaussian_adjusted_luminosity_arrays\ZTF20acfvqjl_epoch_1_gaussian_adjusted_13x13_lum.npy
ZTF20acfvqjl,2,09:24:16.28,+49:14:54.5,SN Ia,0.00898,38.48571428571429,413.7555630416651,3.500552024182099e+27,3.794460851785761e+26,1.9752413500100368,0.2141115125158187,final_luminosity_arrays\ZTF20acfvqjl_epoch_2_lum.npy,dillon_extracting_files\dillon_fits\ztf_cutouts\ztf_cutouts_no_interp\ZTF20acfvqjl_epoch_2.fits,1.5909091531877146e+27,True,True,True,,False,16.0,16.0,8.611585493168198e+27,False,8,9,2.6446978258891014e+27,1.2490184946357525e+27,3.7889522796366936e+26,3.2964745989239947,False,7.091027770028135e+27,1.2289642809525125,1.1447591606581373,1.5205577231400623e+27,C:\Research\bts_vlass_cross_matching\gaussian_adjusted_luminosity_arrays\ZTF20acfvqjl_epoch_2_gaussian_adjusted_13x13_lum.npy
ZTF20acfvqjl,3,09:24:16.28,+49:14:54.5,SN Ia,0.00898,38.48571428571429,1356.291589523855,3.6466055077494494e+27,3.347471035214829e+26,2.0576543174684048,0.1888890449654869,final_luminosity_arrays\ZTF20acfvqjl_epoch_3_lum.npy,dillon_extracting_files\dillon_fits\ztf_cutouts\ztf_cutouts_no_interp\ZTF20acfvqjl_epoch_3.fits,9.427257192536137e+26,True,True,True,,False,16.0,16.0,7.644229410604131e+27,False,8,9,1.846763616773762e+27,1.1297261282841152e+27,3.5586173952572764e+26,3.1746209350568293,False,6.128831574604204e+27,1.19284417344967,1.121095623425149,1.5153978359999263e+27,C:\Research\bts_vlass_cross_matching\gaussian_adjusted_luminosity_arrays\ZTF20acfvqjl_epoch_3_gaussian_adjusted_13x13_lum.npy
ZTF20acgremo,1,06:37:26.33,+22:39:17.9,SN Ia,0.05,214.28571428571428,-512.7885714284189,4.311005804373202e+28,6.970757403739472e+27,0.7846480584703386,0.1268769050674091,final_luminosity_arrays\ZTF20acgremo_epoch_1_lum.npy,dillon_extracting_files\dillon_fits\ztf_cutouts\ztf_cutouts_no_interp\ZTF20acgremo_epoch_1.fits,4.244998904598042e+28,True,False,False,,True,14.0,13.0,4.311005804373202e+28,True,6,5,4.311005804373202e+28,4.311005804373202e+28,6.970858696226357e+27,6.184325335280351,True,,,,,C:\Research\bts_vlass_cross_matching\gaussian_adjusted_luminosity_arrays\ZTF20acgremo_epoch_1_gaussian_adjusted_13x13_lum.npy
ZTF20acgremo,2,06:37:26.33,+22:39:17.9,SN Ia,0.05,214.28571428571428,416.7352380953906,4.215723089783376e+28,7.128136119506402e+27,0.7673056097701191,0.1297414036037202,final_luminosity_arrays\ZTF20acgremo_epoch_2_lum.npy,dillon_extracting_files\dillon_fits\ztf_cutouts\ztf_cutouts_no_interp\ZTF20acgremo_epoch_2.fits,3.851561349869841e+28,True,False,False,,True,14.0,13.0,4.215723089783376e+28,True,6,5,4.215723089783376e+28,4.215723089783376e+28,7.128239698872686e+27,5.914115220410002,True,,,,,C:\Research\bts_vlass_cross_matching\gaussian_adjusted_luminosity_arrays\ZTF20acgremo_epoch_2_gaussian_adjusted_13x13_lum.npy
ZTF20acgremo,3,06:37:26.33,+22:39:17.9,SN Ia,0.05,214.28571428571428,1248.163809523962,4.567352031921309e+28,7.374338017867821e+27,0.8313057478517294,0.1342226002767045,final_luminosity_arrays\ZTF20acgremo_epoch_3_lum.npy,dillon_extracting_files\dillon_fits\ztf_cutouts\ztf_cutouts_no_interp\ZTF20acgremo_epoch_3.fits,4.54926967585639e+28,True,False,False,,True,14.0,13.0,4.567352031921309e+28,True,6,5,4.567352031921309e+28,4.567352031921309e+28,7.37444517480841e+27,6.19348564353517,True,,,,,C:\Research\bts_vlass_cross_matching\gaussian_adjusted_luminosity_arrays\ZTF20acgremo_epoch_3_gaussian_adjusted_13x13_lum.npy
ZTF20achpcvt,1,15:30:37.81,+26:58:56.7,TDE,0.0325,139.28571428571428,-1069.9544794190017,3.248678029035102e+27,2.5924299954069063e+27,0.1399510802002624,0.1116819355506006,final_luminosity_arrays\ZTF20achpcvt_epoch_1_lum.npy,dillon_extracting_files\dillon_fits\ztf_cutouts\ztf_cutouts_no_interp\ZTF20achpcvt_epoch_1.fits,3.095988187270699e+27,False,False,False,Original Detection is False; no Gaussian subtraction attempted,,,,,False,8,12,7.494078993182851e+27,3.248678029035102e+27,2.592467666160039e+27,1.2531219083040837,False,,,,,C:\Research\bts_vlass_cross_matching\gaussian_adjusted_luminosity_arrays\ZTF20achpcvt_epoch_1_gaussian_adjusted_13x13_lum.npy
ZTF20achpcvt,2,15:30:37.81,+26:58:56.7,TDE,0.0325,139.28571428571428,-33.634866828202625,5.425284353464808e+27,3.0175313861884257e+27,0.2337179612368345,0.1299953118854862,final_luminosity_arrays\ZTF20achpcvt_epoch_2_lum.npy,dillon_extracting_files\dillon_fits\ztf_cutouts\ztf_cutouts_no_interp\ZTF20achpcvt_epoch_2.fits,5.425284353464808e+27,False,False,False,Original Detection is False; no Gaussian subtraction attempted,,,,,False,12,4,9.643623035969284e+27,5.425284353464808e+27,3.0175752341149345e+27,1.7978953075070763,False,,,,,C:\Research\bts_vlass_cross_matching\gaussian_adjusted_luminosity_arrays\ZTF20achpcvt_epoch_2_gaussian_adjusted_13x13_lum.npy
ZTF20achpcvt,3,15:30:37.81,+26:58:56.7,TDE,0.0325,139.28571428571428,814.7912832928628,1.0833543267007202e+28,2.67215433606245e+27,0.4667024768423289,0.1151164617251479,final_luminosity_arrays\ZTF20achpcvt_epoch_3_lum.npy,dillon_extracting_files\dillon_fits\ztf_cutouts\ztf_cutouts_no_interp\ZTF20achpcvt_epoch_3.fits,1.0833543267007202e+28,True,False,False,,True,14.0,14.0,1.0833543267007202e+28,True,6,6,1.0833543267007202e+28,1.0833543267007202e+28,2.672193165294678e+27,4.054176699390115,True,,,,,C:\Research\bts_vlass_cross_matching\gaussian_adjusted_luminosity_arrays\ZTF20achpcvt_epoch_3_gaussian_adjusted_13x13_lum.npy
ZTF20acmcqwc,1,05:16:38.27,-23:47:13.5,SN Ia-pec,0.03116,133.54285714285714,-944.191008185148,6.9114657880996645e+28,3.9901885172370296e+27,3.2390046399086714,0.1869997959995031,final_luminosity_arrays\ZTF20acmcqwc_epoch_1_lum.npy,dillon_extracting_files\dillon_fits\ztf_cutouts\ztf_cutouts_no_interp\ZTF20acmcqwc_epoch_1.fits,3.734046272421625e+28,True,False,False,,True,13.0,14.0,6.9114657880996645e+28,True,5,6,6.9114657880996645e+28,6.9114657880996645e+28,3.990246498901664e+27,17.32089932289166,True,,,,,C:\Research\bts_vlass_cross_matching\gaussian_adjusted_luminosity_arrays\ZTF20acmcqwc_epoch_1_gaussian_adjusted_13x13_lum.npy
ZTF20acmcqwc,2,05:16:38.27,-23:47:13.5,SN Ia-pec,0.03116,133.54285714285714,16.86256255072206,6.78744023701279e+28,3.679538622135292e+27,3.180881030857563,0.1724412189397112,final_luminosity_arrays\ZTF20acmcqwc_epoch_2_lum.npy,dillon_extracting_files\dillon_fits\ztf_cutouts\ztf_cutouts_no_interp\ZTF20acmcqwc_epoch_2.fits,4.108863382661307e+28,True,False,False,,True,13.0,14.0,6.78744023701279e+28,True,5,6,6.78744023701279e+28,6.78744023701279e+28,3.679592089727984e+27,18.446175748558463,True,,,,,C:\Research\bts_vlass_cross_matching\gaussian_adjusted_luminosity_arrays\ZTF20acmcqwc_epoch_2_gaussian_adjusted_13x13_lum.npy
ZTF20acmcqwc,3,05:16:38.27,-23:47:13.5,SN Ia-pec,0.03116,133.54285714285714,,6.559029904554981e+28,3.59571423226074e+27,3.0738383065909147,0.168512797077283,final_luminosity_arrays\ZTF20acmcqwc_epoch_3_lum.npy,dillon_extracting_files\dillon_fits\ztf_cutouts\ztf_cutouts_no_interp\ZTF20acmcqwc_epoch_3.fits,4.001080851964813e+28,True,False,False,,True,13.0,14.0,6.559029904554981e+28,True,5,6,6.559029904554981e+28,6.559029904554981e+28,3.59576648179628e+27,18.240978488898953,True,,,,,C:\Research\bts_vlass_cross_matching\gaussian_adjusted_luminosity_arrays\ZTF20acmcqwc_epoch_3_gaussian_adjusted_13x13_lum.npy
ZTF20acnvniw,1,11:53:26.23,+10:53:47.3,SN IIn,0.0217,93.0,-1014.6031124597356,1.7314317482715158e+27,1.52260475218148e+27,0.1673101214691996,0.1471330810687533,final_luminosity_arrays\ZTF20acnvniw_epoch_1_lum.npy,dillon_extracting_files\dillon_fits\ztf_cutouts\ztf_cutouts_no_interp\ZTF20acnvniw_epoch_1.fits,-2.114335520581213e+26,False,False,False,Original Detection is False; no Gaussian subtraction attempted,,,,,False,0,12,3.8366509264985164e+27,1.7314317482715158e+27,1.5226268772409183e+27,1.137134628418594,False,,,,,C:\Research\bts_vlass_cross_matching\gaussian_adjusted_luminosity_arrays\ZTF20acnvniw_epoch_1_gaussian_adjusted_13x13_lum.npy
ZTF20acnvniw,2,11:53:26.23,+10:53:47.3,SN IIn,0.0217,93.0,-104.35548595489064,1.4189258243868146e+27,1.429305753701745e+27,0.1371123362332582,0.1381173669858406,final_luminosity_arrays\ZTF20acnvniw_epoch_2_lum.npy,dillon_extracting_files\dillon_fits\ztf_cutouts\ztf_cutouts_no_interp\ZTF20acnvniw_epoch_2.fits,1.243265029229582e+27,False,False,False,Original Detection is False; no Gaussian subtraction attempted,,,,,False,9,5,3.7118001132279575e+27,1.4189258243868146e+27,1.4293265230279348e+27,0.9927233571380968,False,,,,,C:\Research\bts_vlass_cross_matching\gaussian_adjusted_luminosity_arrays\ZTF20acnvniw_epoch_2_gaussian_adjusted_13x13_lum.npy
ZTF20acnvniw,3,11:53:26.23,+10:53:47.3,SN IIn,0.0217,93.0,794.1470098853755,3.025309422987072e+28,1.8693731802998404e+27,2.92338919825852,0.1806421760412492,final_luminosity_arrays\ZTF20acnvniw_epoch_3_lum.npy,dillon_extracting_files\dillon_fits\ztf_cutouts\ztf_cutouts_no_interp\ZTF20acnvniw_epoch_3.fits,3.025309422987072e+28,True,False,False,,True,14.0,14.0,3.0253094229870713e+28,True,6,6,3.0253094229870713e+28,3.0253094229870713e+28,1.8694003442717556e+27,16.18331478464348,True,,,,,C:\Research\bts_vlass_cross_matching\gaussian_adjusted_luminosity_arrays\ZTF20acnvniw_epoch_3_gaussian_adjusted_13x13_lum.npy
ZTF20acordqz,1,00:34:29.11,+01:18:21.6,SN Ia,0.042,180.0,-1084.6917430866658,3.686529010801427e+28,7.161669219383305e+27,0.9509449591860176,0.1847388745679297,final_luminosity_arrays\ZTF20acordqz_epoch_1_lum.npy,dillon_extracting_files\dillon_fits\ztf_cutouts\ztf_cutouts_no_interp\ZTF20acordqz_epoch_1.fits,2.049262848304971e+28,True,True,True,,False,12.0,13.0,3.705151306491754e+28,False,0,3,2.020866707553486e+28,1.9639247025246285e+28,6.823576330513483e+27,2.878145722122875,False,3.5544820889635108e+28,0.9628903203996878,1.5061354991289138,3.380781478155267e+27,C:\Research\bts_vlass_cross_matching\gaussian_adjusted_luminosity_arrays\ZTF20acordqz_epoch_1_gaussian_adjusted_13x13_lum.npy
ZTF20acordqz,2,00:34:29.11,+01:18:21.6,SN Ia,0.042,180.0,-83.73205018839343,3.0022877026459595e+28,8.661716850316609e+27,0.7744440226815641,0.22343336081799,final_luminosity_arrays\ZTF20acordqz_epoch_2_lum.npy,dillon_extracting_files\dillon_fits\ztf_cutouts\ztf_cutouts_no_interp\ZTF20acordqz_epoch_2.fits,2.905097759561276e+28,False,False,False,Original Detection is False; no Gaussian subtraction attempted,,,,,True,6,5,3.0022877026459595e+28,3.0022877026459595e+28,8.661842714234921e+27,3.466107388110365,False,,,,,C:\Research\bts_vlass_cross_matching\gaussian_adjusted_luminosity_arrays\ZTF20acordqz_epoch_2_gaussian_adjusted_13x13_lum.npy
ZTF20acordqz,3,00:34:29.11,+01:18:21.6,SN Ia,0.042,180.0,818.3792741878061,3.524928932277541e+28,6.973431054904307e+27,0.9092600084841252,0.1798831760441186,final_luminosity_arrays\ZTF20acordqz_epoch_3_lum.npy,dillon_extracting_files\dillon_fits\ztf_cutouts\ztf_cutouts_no_interp\ZTF20acordqz_epoch_3.fits,2.747368995591146e+28,True,False,False,,True,13.0,13.0,3.524928932277541e+28,True,5,5,3.524928932277541e+28,3.524928932277541e+28,6.973532386242173e+27,5.054725119269173,True,,,,,C:\Research\bts_vlass_cross_matching\gaussian_adjusted_luminosity_arrays\ZTF20acordqz_epoch_3_gaussian_adjusted_13x13_lum.npy
ZTF20acotwur,1,10:22:45.54,-08:41:30.0,SN Ia,0.05,214.28571428571428,-959.5083884810584,3.133158189188429e+28,7.285509171385649e+27,0.5702674970962107,0.132605799049865,final_luminosity_arrays\ZTF20acotwur_epoch_1_lum.npy,dillon_extracting_files\dillon_fits\ztf_cutouts\ztf_cutouts_no_interp\ZTF20acotwur_epoch_1.fits,3.119670776562737e+28,True,False,False,,True,13.0,15.0,3.133158189188429e+28,True,5,7,3.133158189188429e+28,3.133158189188429e+28,7.285615037549027e+27,4.30047178315156,True,,,,,C:\Research\bts_vlass_cross_matching\gaussian_adjusted_luminosity_arrays\ZTF20acotwur_epoch_1_gaussian_adjusted_13x13_lum.npy
ZTF20acotwur,2,10:22:45.54,-08:41:30.0,SN Ia,0.05,214.28571428571428,-43.31791229058234,2.0868964758422767e+28,8.656447294015072e+27,0.3798369434662163,0.1575586665739644,final_luminosity_arrays\ZTF20acotwur_epoch_2_lum.npy,dillon_extracting_files\dillon_fits\ztf_cutouts\ztf_cutouts_no_interp\ZTF20acotwur_epoch_2.fits,1.9003552999176013e+28,False,False,False,Original Detection is False; no Gaussian subtraction attempted,,,,,False,2,8,2.73361845491096e+28,2.0868964758422767e+28,8.656573081361153e+27,2.410765156405443,False,,,,,C:\Research\bts_vlass_cross_matching\gaussian_adjusted_luminosity_arrays\ZTF20acotwur_epoch_2_gaussian_adjusted_13x13_lum.npy
ZTF20acotwur,3,10:22:45.54,-08:41:30.0,SN Ia,0.05,214.28571428571428,821.4439924713224,8.693134572529709e+27,6.512547612263664e+27,0.1582241238793358,0.1185368873552956,final_luminosity_arrays\ZTF20acotwur_epoch_3_lum.npy,dillon_extracting_files\dillon_fits\ztf_cutouts\ztf_cutouts_no_interp\ZTF20acotwur_epoch_3.fits,-1.5840397317539396e+27,False,False,False,Original Detection is False; no Gaussian subtraction attempted,,,,,False,4,10,1.9904218518567104e+28,8.693134572529709e+27,6.51264224647705e+27,1.3348091670830184,False,,,,,C:\Research\bts_vlass_cross_matching\gaussian_adjusted_luminosity_arrays\ZTF20acotwur_epoch_3_gaussian_adjusted_13x13_lum.npy
ZTF20acpqagp,1,01:56:37.70,-05:48:42.1,SN Ia,0.08797,377.0142857142858,-988.2560440035425,1.1300913654472438e+29,2.7114588919440234e+28,0.6644781096838414,0.1594323534163188,final_luminosity_arrays\ZTF20acpqagp_epoch_1_lum.npy,dillon_extracting_files\dillon_fits\ztf_cutouts\ztf_cutouts_no_interp\ZTF20acpqagp_epoch_1.fits,4.195118752594084e+28,True,True,True,,False,14.0,16.0,1.5757973035834511e+29,False,3,7,6.3614233058544655e+28,3.5256809265899858e+28,2.5823856952281955e+28,1.3652805361742972,False,1.2606853010441726e+29,1.2302208919794395,1.0990771402593205,3.1511200253927856e+28,C:\Research\bts_vlass_cross_matching\gaussian_adjusted_luminosity_arrays\ZTF20acpqagp_epoch_1_gaussian_adjusted_13x13_lum.npy
ZTF20acpqagp,2,01:56:37.70,-05:48:42.1,SN Ia,0.08797,377.0142857142858,-89.33419873207352,1.062098468267359e+29,2.8766056189892874e+28,0.6244992255233228,0.1691428939043405,final_luminosity_arrays\ZTF20acpqagp_epoch_2_lum.npy,dillon_extracting_files\dillon_fits\ztf_cutouts\ztf_cutouts_no_interp\ZTF20acpqagp_epoch_2.fits,4.546607240230047e+28,False,False,False,Original Detection is False; no Gaussian subtraction attempted,,,,,False,6,10,1.1480482568053251e+29,1.062098468267359e+29,2.8766474191151642e+28,3.6921398889894292,False,,,,,C:\Research\bts_vlass_cross_matching\gaussian_adjusted_luminosity_arrays\ZTF20acpqagp_epoch_2_gaussian_adjusted_13x13_lum.npy
ZTF20acpqagp,3,01:56:37.70,-05:48:42.1,SN Ia,0.08797,377.0142857142858,834.4045072984236,1.3267418570680856e+29,2.8360271166392365e+28,0.7801058818586171,0.1667568993583787,final_luminosity_arrays\ZTF20acpqagp_epoch_3_lum.npy,dillon_extracting_files\dillon_fits\ztf_cutouts\ztf_cutouts_no_interp\ZTF20acpqagp_epoch_3.fits,6.9947359360836455e+28,True,True,True,,False,14.0,16.0,1.5596905287828322e+29,False,1,8,9.778334376885774e+28,5.753106749584905e+28,2.7490467786727405e+28,2.092764224391462,False,1.2578290493466942e+29,1.0632576502233912,1.1740582555656447,3.0186147943613804e+28,C:\Research\bts_vlass_cross_matching\gaussian_adjusted_luminosity_arrays\ZTF20acpqagp_epoch_3_gaussian_adjusted_13x13_lum.npy
ZTF20acqvwzm,1,13:58:33.93,+37:27:11.5,SN Ib,0.0115,49.285714285714285,-1125.5637483981595,6.52468394482561e+27,4.705036976361229e+26,2.24491604603827,0.1618862549941527,final_luminosity_arrays\ZTF20acqvwzm_epoch_1_lum.npy,dillon_extracting_files\dillon_fits\ztf_cutouts\ztf_cutouts_no_interp\ZTF20acqvwzm_epoch_1.fits,2.4599413188434112e+27,True,True,True,,False,15.0,18.0,2.3018785144459184e+28,False,7,8,8.105704963095802e+27,5.496441116559142e+27,4.722424656899002e+26,11.639023416772522,False,1.8621840661086132e+28,1.2464380763152925,1.148676893168212,4.396944483373053e+27,C:\Research\bts_vlass_cross_matching\gaussian_adjusted_luminosity_arrays\ZTF20acqvwzm_epoch_1_gaussian_adjusted_13x13_lum.npy
ZTF20acqvwzm,2,13:58:33.93,+37:27:11.5,SN Ib,0.0115,49.285714285714285,-69.70611122564343,4.496476991048789e+27,6.05634864045891e+26,1.5470808139070868,0.2083808491343826,final_luminosity_arrays\ZTF20acqvwzm_epoch_2_lum.npy,dillon_extracting_files\dillon_fits\ztf_cutouts\ztf_cutouts_no_interp\ZTF20acqvwzm_epoch_2.fits,1.3565086107007062e+27,True,True,True,,False,15.0,18.0,2.4838586182652676e+28,False,6,10,8.757073136737907e+27,3.5802998741400805e+27,6.16866143809199e+26,5.804014225892566,False,1.965196987052721e+28,1.211545670170679,1.1688744208868107,5.186616312125466e+27,C:\Research\bts_vlass_cross_matching\gaussian_adjusted_luminosity_arrays\ZTF20acqvwzm_epoch_2_gaussian_adjusted_13x13_lum.npy
ZTF20acqvwzm,3,13:58:33.93,+37:27:11.5,SN Ib,0.0115,49.285714285714285,825.993345027446,1.0955052589802738e+28,5.092482806036497e+26,3.769251285120845,0.1752171075877363,final_luminosity_arrays\ZTF20acqvwzm_epoch_3_lum.npy,dillon_extracting_files\dillon_fits\ztf_cutouts\ztf_cutouts_no_interp\ZTF20acqvwzm_epoch_3.fits,3.511294710185593e+27,True,True,True,,False,15.0,17.0,2.551895641828203e+28,False,7,8,6.452067647563981e+27,5.411737682654965e+27,5.080839666380171e+26,10.651266400835949,False,2.176886563867442e+28,1.2091765446422,1.1839330084716837,3.7500907796076087e+27,C:\Research\bts_vlass_cross_matching\gaussian_adjusted_luminosity_arrays\ZTF20acqvwzm_epoch_3_gaussian_adjusted_13x13_lum.npy
ZTF20acusecr,1,12:05:06.45,+56:33:30.9,SN IIb,0.03088,132.34285714285716,-1075.2703170087725,5.402847830194226e+27,2.338344458130652e+27,0.2578127896413207,0.1115826110531851,final_luminosity_arrays\ZTF20acusecr_epoch_1_lum.npy,dillon_extracting_files\dillon_fits\ztf_cutouts\ztf_cutouts_no_interp\ZTF20acusecr_epoch_1.fits,5.345850779652312e+27,False,False,False,Original Detection is False; no Gaussian subtraction attempted,,,,,True,7,6,5.402847830194226e+27,5.402847830194226e+27,2.338378436751859e+27,2.3105104568527794,False,,,,,C:\Research\bts_vlass_cross_matching\gaussian_adjusted_luminosity_arrays\ZTF20acusecr_epoch_1_gaussian_adjusted_13x13_lum.npy
ZTF20acusecr,2,12:05:06.45,+56:33:30.9,SN IIb,0.03088,132.34285714285716,-100.37508186986204,7.87798383020085e+26,2.7896089675615086e+27,0.0375921190425287,0.1331163384999034,final_luminosity_arrays\ZTF20acusecr_epoch_2_lum.npy,dillon_extracting_files\dillon_fits\ztf_cutouts\ztf_cutouts_no_interp\ZTF20acusecr_epoch_2.fits,-4.1172331877994886e+27,False,False,False,Original Detection is False; no Gaussian subtraction attempted,,,,,False,2,1,7.280682021963958e+27,7.87798383020085e+26,2.789649503533913e+27,0.28240048867146433,False,,,,,C:\Research\bts_vlass_cross_matching\gaussian_adjusted_luminosity_arrays\ZTF20acusecr_epoch_2_gaussian_adjusted_13x13_lum.npy
ZTF20acusecr,3,12:05:06.45,+56:33:30.9,SN IIb,0.03088,132.34285714285716,772.6654272097593,1.0497141510352035e+28,2.474227623306356e+27,0.5009020096622407,0.1180667705258222,final_luminosity_arrays\ZTF20acusecr_epoch_3_lum.npy,dillon_extracting_files\dillon_fits\ztf_cutouts\ztf_cutouts_no_interp\ZTF20acusecr_epoch_3.fits,8.820276341297553e+27,True,False,False,,True,14.0,13.0,1.0497141510352035e+28,True,6,5,1.0497141510352035e+28,1.0497141510352035e+28,2.4742635764538496e+27,4.242531640625245,True,,,,,C:\Research\bts_vlass_cross_matching\gaussian_adjusted_luminosity_arrays\ZTF20acusecr_epoch_3_gaussian_adjusted_13x13_lum.npy
ZTF20acwflza,1,13:52:11.38,-14:42:12.5,SN II,0.035,150.00000000000003,-1307.750724637566,6.580629237340437e+28,6.968129289767219e+27,2.444373909384012,0.2588348366419848,final_luminosity_arrays\ZTF20acwflza_epoch_1_lum.npy,dillon_extracting_files\dillon_fits\ztf_cutouts\ztf_cutouts_no_interp\ZTF20acwflza_epoch_1.fits,5.239219333670889e+28,True,False,False,,True,14.0,15.0,6.580629237340437e+28,True,6,7,6.580629237340437e+28,6.580629237340437e+28,6.968230544064822e+27,9.443759352861074,True,,,,,C:\Research\bts_vlass_cross_matching\gaussian_adjusted_luminosity_arrays\ZTF20acwflza_epoch_1_gaussian_adjusted_13x13_lum.npy
ZTF20acwflza,2,13:52:11.38,-14:42:12.5,SN II,0.035,150.00000000000003,-329.97294685978824,6.497719687176609e+28,6.336861643308604e+27,2.413577167317272,0.2353860670578108,final_luminosity_arrays\ZTF20acwflza_epoch_2_lum.npy,dillon_extracting_files\dillon_fits\ztf_cutouts\ztf_cutouts_no_interp\ZTF20acwflza_epoch_2.fits,6.497719687176609e+28,True,False,False,,True,14.0,14.0,6.497719687176609e+28,True,6,6,6.497719687176609e+28,6.497719687176609e+28,6.336953724618814e+27,10.253695970562678,True,,,,,C:\Research\bts_vlass_cross_matching\gaussian_adjusted_luminosity_arrays\ZTF20acwflza_epoch_2_gaussian_adjusted_13x13_lum.npy
ZTF20acwflza,3,13:52:11.38,-14:42:12.5,SN II,0.035,150.00000000000003,542.4908212561538,5.928505769220491e+28,7.374515409425369e+27,2.2021427284926176,0.2739302633370313,final_luminosity_arrays\ZTF20acwflza_epoch_3_lum.npy,dillon_extracting_files\dillon_fits\ztf_cutouts\ztf_cutouts_no_interp\ZTF20acwflza_epoch_3.fits,5.18336534646868e+28,True,False,False,,True,14.0,15.0,5.928505769220491e+28,True,6,7,5.928505769220491e+28,5.928505769220491e+28,7.374622568943641e+27,8.039063306354002,True,,,,,C:\Research\bts_vlass_cross_matching\gaussian_adjusted_luminosity_arrays\ZTF20acwflza_epoch_3_gaussian_adjusted_13x13_lum.npy
ZTF20acwhpmj,1,01:22:43.03,+26:52:04.0,SN IIb,0.03025,129.64285714285714,-609.773877216695,1.3128746678544471e+28,3.68905833369468e+27,0.6528430967591703,0.1834456343717812,final_luminosity_arrays\ZTF20acwhpmj_epoch_1_lum.npy,dillon_extracting_files\dillon_fits\ztf_cutouts\ztf_cutouts_no_interp\ZTF20acwhpmj_epoch_1.fits,6.062424441901433e+27,False,False,False,Original Detection is False; no Gaussian subtraction attempted,,,,,False,2,6,4.5957645529008766e+28,1.3128746678544471e+28,3.689111939618861e+27,3.55878240981239,False,,,,,C:\Research\bts_vlass_cross_matching\gaussian_adjusted_luminosity_arrays\ZTF20acwhpmj_epoch_1_gaussian_adjusted_13x13_lum.npy
ZTF20acwhpmj,2,01:22:43.03,+26:52:04.0,SN IIb,0.03025,129.64285714285714,352.12857364474627,1.9503943659458829e+28,3.26030305280229e+27,0.9698576177470386,0.162124940205695,final_luminosity_arrays\ZTF20acwhpmj_epoch_2_lum.npy,dillon_extracting_files\dillon_fits\ztf_cutouts\ztf_cutouts_no_interp\ZTF20acwhpmj_epoch_2.fits,1.421452063656468e+28,True,True,True,,False,10.0,14.0,4.592510389204389e+28,False,2,5,2.402835342587734e+28,1.7882773929190592e+28,3.4120725681375913e+27,5.241029776500777,False,2.9992859486819717e+28,1.138765793379129,1.2418743270477481,1.593224440522417e+28,C:\Research\bts_vlass_cross_matching\gaussian_adjusted_luminosity_arrays\ZTF20acwhpmj_epoch_2_gaussian_adjusted_13x13_lum.npy
ZTF20acwhpmj,3,01:22:43.03,+26:52:04.0,SN IIb,0.03025,129.64285714285714,1282.9706022785729,1.805985701439332e+28,3.206531051249934e+27,0.898048630915582,0.1594510223535116,final_luminosity_arrays\ZTF20acwhpmj_epoch_3_lum.npy,dillon_extracting_files\dillon_fits\ztf_cutouts\ztf_cutouts_no_interp\ZTF20acwhpmj_epoch_3.fits,1.1166056373132038e+28,True,True,True,,False,10.0,13.0,4.849413736854794e+28,False,2,7,2.0345538463226216e+28,1.7041467460753114e+28,3.2949051306333843e+27,5.172066200727669,False,3.3524762543115053e+28,1.205570007619773,1.195220889248447,1.4969374825432883e+28,C:\Research\bts_vlass_cross_matching\gaussian_adjusted_luminosity_arrays\ZTF20acwhpmj_epoch_3_gaussian_adjusted_13x13_lum.npy
ZTF20acxdawc,1,02:43:26.80,+16:39:46.6,SN Ia,0.025,107.14285714285714,-538.7299909215512,2.226190133060945e+28,1.9169389718528407e+27,1.6207593725994227,0.1395631894010925,final_luminosity_arrays\ZTF20acxdawc_epoch_1_lum.npy,dillon_extracting_files\dillon_fits\ztf_cutouts\ztf_cutouts_no_interp\ZTF20acxdawc_epoch_1.fits,1.4134337680281613e+28,True,False,False,,True,13.0,13.0,2.2261901330609454e+28,True,5,5,2.2261901330609454e+28,2.2261901330609454e+28,1.9169668270060795e+27,11.613086370085032,True,,,,,C:\Research\bts_vlass_cross_matching\gaussian_adjusted_luminosity_arrays\ZTF20acxdawc_epoch_1_gaussian_adjusted_13x13_lum.npy
ZTF20acxdawc,2,02:43:26.80,+16:39:46.6,SN Ia,0.025,107.14285714285714,322.73342371259525,2.1243352869881137e+28,1.6494390488953343e+27,1.5466047916561363,0.1200877950559029,final_luminosity_arrays\ZTF20acxdawc_epoch_2_lum.npy,dillon_extracting_files\dillon_fits\ztf_cutouts\ztf_cutouts_no_interp\ZTF20acxdawc_epoch_2.fits,9.91345535295416e+27,True,False,False,,True,13.0,13.0,2.1243352869881137e+28,True,5,5,2.1243352869881137e+28,2.1243352869881137e+28,1.6494630169914178e+27,12.87895069549878,True,,,,,C:\Research\bts_vlass_cross_matching\gaussian_adjusted_luminosity_arrays\ZTF20acxdawc_epoch_2_gaussian_adjusted_13x13_lum.npy
ZTF20acxdawc,3,02:43:26.80,+16:39:46.6,SN Ia,0.025,107.14285714285714,1270.050496883327,1.860322398870089e+28,1.8504896790724e+27,1.354392385110259,0.1347253331260324,final_luminosity_arrays\ZTF20acxdawc_epoch_3_lum.npy,dillon_extracting_files\dillon_fits\ztf_cutouts\ztf_cutouts_no_interp\ZTF20acxdawc_epoch_3.fits,1.4781146006422165e+28,True,False,False,,True,13.0,13.0,1.860322398870089e+28,True,5,5,1.860322398870089e+28,1.860322398870089e+28,1.8505165686470465e+27,10.052989691576832,True,,,,,C:\Research\bts_vlass_cross_matching\gaussian_adjusted_luminosity_arrays\ZTF20acxdawc_epoch_3_gaussian_adjusted_13x13_lum.npy
ZTF20acytgxf,1,04:43:46.17,+28:58:10.5,SN II,0.022,94.28571428571428,-606.9585100019536,1.9092209170835408e+27,1.6775172569064683e+27,0.1794928393792361,0.1577118227604393,final_luminosity_arrays\ZTF20acytgxf_epoch_1_lum.npy,dillon_extracting_files\dillon_fits\ztf_cutouts\ztf_cutouts_no_interp\ZTF20acytgxf_epoch_1.fits,1.251986652126834e+27,False,False,False,Original Detection is False; no Gaussian subtraction attempted,,,,,False,12,0,4.4842035984257075e+27,1.9092209170835408e+27,1.6775416330086482e+27,1.1381064287861393,False,,,,,C:\Research\bts_vlass_cross_matching\gaussian_adjusted_luminosity_arrays\ZTF20acytgxf_epoch_1_gaussian_adjusted_13x13_lum.npy
ZTF20acytgxf,2,04:43:46.17,+28:58:10.5,SN II,0.022,94.28571428571428,299.10802620156886,1.5727748382954991e+28,1.5520993321910735e+27,1.4786231331527242,0.1459206537383257,final_luminosity_arrays\ZTF20acytgxf_epoch_2_lum.npy,dillon_extracting_files\dillon_fits\ztf_cutouts\ztf_cutouts_no_interp\ZTF20acytgxf_epoch_2.fits,9.472361548299776e+27,True,False,False,,True,15.0,14.0,1.5727748382954991e+28,True,7,6,1.5727748382954991e+28,1.5727748382954991e+28,1.552121885837994e+27,10.133062697240137,True,,,,,C:\Research\bts_vlass_cross_matching\gaussian_adjusted_luminosity_arrays\ZTF20acytgxf_epoch_2_gaussian_adjusted_13x13_lum.npy
ZTF20acytgxf,3,04:43:46.17,+28:58:10.5,SN II,0.022,94.28571428571428,1208.109983148731,7.41611798363392e+27,1.438077461495677e+27,0.6972163682803514,0.1352008849920488,final_luminosity_arrays\ZTF20acytgxf_epoch_3_lum.npy,dillon_extracting_files\dillon_fits\ztf_cutouts\ztf_cutouts_no_interp\ZTF20acytgxf_epoch_3.fits,3.300409156784939e+27,True,False,False,,True,15.0,15.0,7.41611798363392e+27,True,7,7,7.41611798363392e+27,7.41611798363392e+27,1.4380983582840706e+27,5.156892044910463,True,,,,,C:\Research\bts_vlass_cross_matching\gaussian_adjusted_luminosity_arrays\ZTF20acytgxf_epoch_3_gaussian_adjusted_13x13_lum.npy
ZTF20acywbes,1,10:59:53.46,+59:57:15.5,SN Ia,0.04507,193.15714285714284,-1071.1305654165726,6.065459169163927e+28,5.190111203044853e+27,1.3587040593847632,0.1162637062429465,final_luminosity_arrays\ZTF20acywbes_epoch_1_lum.npy,dillon_extracting_files\dillon_fits\ztf_cutouts\ztf_cutouts_no_interp\ZTF20acywbes_epoch_1.fits,6.065459169163927e+28,True,False,False,,True,14.0,14.0,6.065459169163927e+28,True,6,6,6.065459169163927e+28,6.065459169163927e+28,5.190186620856793e+27,11.686398991492613,True,,,,,C:\Research\bts_vlass_cross_matching\gaussian_adjusted_luminosity_arrays\ZTF20acywbes_epoch_1_gaussian_adjusted_13x13_lum.npy
ZTF20acywbes,2,10:59:53.46,+59:57:15.5,SN Ia,0.04507,193.15714285714284,-114.25686317653124,6.503146716606209e+28,7.144643475534834e+27,1.456749043427408,0.1600471931628066,final_luminosity_arrays\ZTF20acywbes_epoch_2_lum.npy,dillon_extracting_files\dillon_fits\ztf_cutouts\ztf_cutouts_no_interp\ZTF20acywbes_epoch_2.fits,6.4146342583656725e+28,True,False,False,,True,14.0,13.0,6.503146716606209e+28,True,6,5,6.503146716606209e+28,6.503146716606209e+28,7.144747294770478e+27,9.101996821309717,True,,,,,C:\Research\bts_vlass_cross_matching\gaussian_adjusted_luminosity_arrays\ZTF20acywbes_epoch_2_gaussian_adjusted_13x13_lum.npy
ZTF20acywbes,3,10:59:53.46,+59:57:15.5,SN Ia,0.04507,193.15714285714284,765.1100691820668,6.8624090954017016e+28,5.834792915514076e+27,1.5372262569144368,0.1307052244121042,final_luminosity_arrays\ZTF20acywbes_epoch_3_lum.npy,dillon_extracting_files\dillon_fits\ztf_cutouts\ztf_cutouts_no_interp\ZTF20acywbes_epoch_3.fits,6.8624090954017016e+28,True,False,False,,True,14.0,14.0,6.8624090954017016e+28,True,6,6,6.8624090954017016e+28,6.8624090954017016e+28,5.834877701233994e+27,11.761016163115809,True,,,,,C:\Research\bts_vlass_cross_matching\gaussian_adjusted_luminosity_arrays\ZTF20acywbes_epoch_3_gaussian_adjusted_13x13_lum.npy
ZTF20acyxrez,1,10:16:19.62,-01:30:58.7,SN Ia,0.0917,393.0,-989.7069725183844,1.359598001843205e+29,2.835108882594849e+28,0.7357125286944212,0.1534170711900112,final_luminosity_arrays\ZTF20acyxrez_epoch_1_lum.npy,dillon_extracting_files\dillon_fits\ztf_cutouts\ztf_cutouts_no_interp\ZTF20acyxrez_epoch_1.fits,7.293331919294973e+28,True,False,False,,True,15.0,14.0,1.359598001843205e+29,True,7,6,1.359598001843205e+29,1.359598001843205e+29,2.8351500797292017e+28,4.795506282239092,True,,,,,C:\Research\bts_vlass_cross_matching\gaussian_adjusted_luminosity_arrays\ZTF20acyxrez_epoch_1_gaussian_adjusted_13x13_lum.npy
ZTF20acyxrez,2,10:16:19.62,-01:30:58.7,SN Ia,0.0917,393.0,-92.02445900734637,3.1623250142191622e+28,2.958140130826221e+28,0.1711213262751698,0.1600746968933432,final_luminosity_arrays\ZTF20acyxrez_epoch_2_lum.npy,dillon_extracting_files\dillon_fits\ztf_cutouts\ztf_cutouts_no_interp\ZTF20acyxrez_epoch_2.fits,-5.793733814805732e+28,False,False,False,Original Detection is False; no Gaussian subtraction attempted,,,,,False,7,4,7.323244926578329e+28,3.1623250142191622e+28,2.9581831157348968e+28,1.0690092162984814,False,,,,,C:\Research\bts_vlass_cross_matching\gaussian_adjusted_luminosity_arrays\ZTF20acyxrez_epoch_2_gaussian_adjusted_13x13_lum.npy
ZTF20acyxrez,3,10:16:19.62,-01:30:58.7,SN Ia,0.0917,393.0,705.8137749397088,2.85119709162792e+28,2.375323639260632e+28,0.1542854151921347,0.1285365786481653,final_luminosity_arrays\ZTF20acyxrez_epoch_3_lum.npy,dillon_extracting_files\dillon_fits\ztf_cutouts\ztf_cutouts_no_interp\ZTF20acyxrez_epoch_3.fits,-2.100125646104614e+28,False,False,False,Original Detection is False; no Gaussian subtraction attempted,,,,,False,12,5,6.214972228768373e+28,2.8511970916279197e+28,2.3753581552285013e+28,1.200323027225191,False,,,,,C:\Research\bts_vlass_cross_matching\gaussian_adjusted_luminosity_arrays\ZTF20acyxrez_epoch_3_gaussian_adjusted_13x13_lum.npy
ZTF20acyybwo,1,12:16:03.34,+45:20:37.5,SN Ia,0.07137,305.87142857142857,-571.6739221742341,3.673484064888757e+28,1.546807881484526e+28,0.3281580575276167,0.1381807670099438,final_luminosity_arrays\ZTF20acyybwo_epoch_1_lum.npy,dillon_extracting_files\dillon_fits\ztf_cutouts\ztf_cutouts_no_interp\ZTF20acyybwo_epoch_1.fits,-8.998246933785826e+27,False,False,False,Original Detection is False; no Gaussian subtraction attempted,,,,,False,9,4,1.607896641320978e+29,3.673484064888757e+28,1.5468303582410635e+28,2.3748461137431778,False,,,,,C:\Research\bts_vlass_cross_matching\gaussian_adjusted_luminosity_arrays\ZTF20acyybwo_epoch_1_gaussian_adjusted_13x13_lum.npy
ZTF20acyybwo,2,12:16:03.34,+45:20:37.5,SN Ia,0.07137,305.87142857142857,321.5749087618572,2.2490008762887256e+28,1.4657253210272618e+28,0.200906753889285,0.1309374302457414,final_luminosity_arrays\ZTF20acyybwo_epoch_2_lum.npy,dillon_extracting_files\dillon_fits\ztf_cutouts\ztf_cutouts_no_interp\ZTF20acyybwo_epoch_2.fits,3.5959223091701934e+27,False,False,False,Original Detection is False; no Gaussian subtraction attempted,,,,,False,8,3,1.8141181005054573e+29,2.2490008762887256e+28,1.4657466195683318e+28,1.5343722074904498,False,,,,,C:\Research\bts_vlass_cross_matching\gaussian_adjusted_luminosity_arrays\ZTF20acyybwo_epoch_2_gaussian_adjusted_13x13_lum.npy
ZTF20acyybwo,3,12:16:03.34,+45:20:37.5,SN Ia,0.07137,305.87142857142857,1176.5549810058064,6.760723674248929e+28,1.523093552278352e+28,0.6039459840394557,0.136062298234306,final_luminosity_arrays\ZTF20acyybwo_epoch_3_lum.npy,dillon_extracting_files\dillon_fits\ztf_cutouts\ztf_cutouts_no_interp\ZTF20acyybwo_epoch_3.fits,1.674395469241077e+28,True,True,True,,False,16.0,11.0,1.847475271366418e+29,False,9,4,6.486385749517321e+28,5.310200790736016e+28,1.5455801413313898e+28,3.4357330614779484,False,1.5350710905410938e+29,1.0617029663326976,1.2004482433624006,3.124041808253243e+28,C:\Research\bts_vlass_cross_matching\gaussian_adjusted_luminosity_arrays\ZTF20acyybwo_epoch_3_gaussian_adjusted_13x13_lum.npy
ZTF20adadshh,1,11:01:51.64,+75:12:01.8,SN Ia,0.02468,105.77142857142856,-1170.3745654244478,6.879713644008903e+27,2.1213434967558216e+27,0.5139446584507823,0.158475927610642,final_luminosity_arrays\ZTF20adadshh_epoch_1_lum.npy,dillon_extracting_files\dillon_fits\ztf_cutouts\ztf_cutouts_no_interp\ZTF20adadshh_epoch_1.fits,4.9126263461274046e+27,False,False,False,Original Detection is False; no Gaussian subtraction attempted,,,,,False,9,3,8.92243998491976e+27,6.879713644008903e+27,2.1213743221232648e+27,3.2430455918421126,False,,,,,C:\Research\bts_vlass_cross_matching\gaussian_adjusted_luminosity_arrays\ZTF20adadshh_epoch_1_gaussian_adjusted_13x13_lum.npy
ZTF20adadshh,2,11:01:51.64,+75:12:01.8,SN Ia,0.02468,105.77142857142856,-113.4592357605529,6.393996386927581e+27,2.35867875490893e+27,0.4776594578288496,0.1762061656640478,final_luminosity_arrays\ZTF20adadshh_epoch_2_lum.npy,dillon_extracting_files\dillon_fits\ztf_cutouts\ztf_cutouts_no_interp\ZTF20adadshh_epoch_2.fits,2.768642712712535e+27,False,False,False,Original Detection is False; no Gaussian subtraction attempted,,,,,False,10,5,1.1882551914431666e+28,6.393996386927581e+27,2.3587130290090045e+27,2.710798773861003,False,,,,,C:\Research\bts_vlass_cross_matching\gaussian_adjusted_luminosity_arrays\ZTF20adadshh_epoch_2_gaussian_adjusted_13x13_lum.npy
ZTF20adadshh,3,11:01:51.64,+75:12:01.8,SN Ia,0.02468,105.77142857142856,778.5265549253197,8.232809136878795e+27,2.0524057687689187e+27,0.6150268018245697,0.1533259033892925,final_luminosity_arrays\ZTF20adadshh_epoch_3_lum.npy,dillon_extracting_files\dillon_fits\ztf_cutouts\ztf_cutouts_no_interp\ZTF20adadshh_epoch_3.fits,5.316694016090938e+27,True,True,True,,False,17.0,13.0,9.76241546921157e+27,False,3,10,6.28373387380223e+27,3.280330546109938e+27,1.6907583176663337e+27,1.9401534281005985,False,8.628308779166865e+27,2.8467846697265293,2.546689383706938,0.0,C:\Research\bts_vlass_cross_matching\gaussian_adjusted_luminosity_arrays\ZTF20adadshh_epoch_3_gaussian_adjusted_13x13_lum.npy
ZTF21aaabwfu,1,14:14:14.72,+35:25:23.1,SN IIb,0.01092,46.79999999999999,-1106.4296172830743,1.494814863097757e+27,3.36789585119181e+26,0.5703985807485878,0.1285156426955157,final_luminosity_arrays\ZTF21aaabwfu_epoch_1_lum.npy,dillon_extracting_files\dillon_fits\ztf_cutouts\ztf_cutouts_no_interp\ZTF21aaabwfu_epoch_1.fits,1.3523865018470548e+27,True,True,True,,False,16.0,12.0,1.4993157640585187e+27,False,4,10,1.2184502675080719e+27,1.0687952990675886e+27,3.170997324354384e+26,3.3705335884671417,False,1.2762076630859228e+27,2.17679918095146,1.3595468098542025,0.0,C:\Research\bts_vlass_cross_matching\gaussian_adjusted_luminosity_arrays\ZTF21aaabwfu_epoch_1_gaussian_adjusted_13x13_lum.npy
ZTF21aaabwfu,2,14:14:14.72,+35:25:23.1,SN IIb,0.01092,46.79999999999999,-107.3396794047064,1.4964394342098058e+27,4.3883279361646295e+26,0.5710184923373163,0.1674543424124323,final_luminosity_arrays\ZTF21aaabwfu_epoch_2_lum.npy,dillon_extracting_files\dillon_fits\ztf_cutouts\ztf_cutouts_no_interp\ZTF21aaabwfu_epoch_2.fits,1.0671028908708086e+27,False,False,False,Original Detection is False; no Gaussian subtraction attempted,,,,,False,6,11,1.9812756741802112e+27,1.4964394342098058e+27,4.388391703216638e+26,3.4099951312753913,False,,,,,C:\Research\bts_vlass_cross_matching\gaussian_adjusted_luminosity_arrays\ZTF21aaabwfu_epoch_2_gaussian_adjusted_13x13_lum.npy
ZTF21aaabwfu,3,14:14:14.72,+35:25:23.1,SN IIb,0.01092,46.79999999999999,801.7332442687791,1.0729778128918314e+27,3.1891197837482465e+26,0.4094319883733988,0.1216937211690659,final_luminosity_arrays\ZTF21aaabwfu_epoch_3_lum.npy,dillon_extracting_files\dillon_fits\ztf_cutouts\ztf_cutouts_no_interp\ZTF21aaabwfu_epoch_3.fits,1.0185854940996642e+27,False,False,False,Original Detection is False; no Gaussian subtraction attempted,,,,,True,7,5,1.0729778128918314e+27,1.0729778128918314e+27,3.189166125035878e+26,3.364446287286964,False,,,,,C:\Research\bts_vlass_cross_matching\gaussian_adjusted_luminosity_arrays\ZTF21aaabwfu_epoch_3_gaussian_adjusted_13x13_lum.npy
ZTF21aaaosmn,1,14:47:02.61,+56:18:53.5,SN Ia,0.0375,160.71428571428572,-1088.645091465708,1.1736306600501956e+28,3.5832913184947566e+27,0.3797565004788339,0.1159477160214444,final_luminosity_arrays\ZTF21aaaosmn_epoch_1_lum.npy,dillon_extracting_files\dillon_fits\ztf_cutouts\ztf_cutouts_no_interp\ZTF21aaaosmn_epoch_1.fits,5.691818638043381e+27,False,False,False,Original Detection is False; no Gaussian subtraction attempted,,,,,False,4,6,1.4091096485820521e+28,1.1736306600501956e+28,3.583343387512204e+27,3.275239163905551,False,,,,,C:\Research\bts_vlass_cross_matching\gaussian_adjusted_luminosity_arrays\ZTF21aaaosmn_epoch_1_gaussian_adjusted_13x13_lum.npy
ZTF21aaaosmn,2,14:47:02.61,+56:18:53.5,SN Ia,0.0375,160.71428571428572,-119.97039267052727,2.027447596199952e+28,4.608374262963294e+27,0.6560295587405564,0.149117228511317,final_luminosity_arrays\ZTF21aaaosmn_epoch_2_lum.npy,dillon_extracting_files\dillon_fits\ztf_cutouts\ztf_cutouts_no_interp\ZTF21aaaosmn_epoch_2.fits,1.928435207786904e+28,True,False,False,,True,13.0,14.0,2.0274475961999516e+28,True,5,6,2.0274475961999516e+28,2.0274475961999516e+28,4.6084412275214544e+27,4.399421618077938,True,,,,,C:\Research\bts_vlass_cross_matching\gaussian_adjusted_luminosity_arrays\ZTF21aaaosmn_epoch_2_gaussian_adjusted_13x13_lum.npy
ZTF21aaaosmn,3,14:47:02.61,+56:18:53.5,SN Ia,0.0375,160.71428571428572,739.788643474051,1.229580324605093e+28,3.742495287844903e+27,0.3978603635914624,0.1210992192030087,final_luminosity_arrays\ZTF21aaaosmn_epoch_3_lum.npy,dillon_extracting_files\dillon_fits\ztf_cutouts\ztf_cutouts_no_interp\ZTF21aaaosmn_epoch_3.fits,2.303562461173717e+27,False,False,False,Original Detection is False; no Gaussian subtraction attempted,,,,,True,5,5,1.229580324605093e+28,1.229580324605093e+28,3.7425496702646167e+27,3.2854081653862344,False,,,,,C:\Research\bts_vlass_cross_matching\gaussian_adjusted_luminosity_arrays\ZTF21aaaosmn_epoch_3_gaussian_adjusted_13x13_lum.npy
ZTF21aagtpro,1,16:33:29.41,-06:22:49.4,SN Ic-BL,0.04,171.42857142857142,-570.7817307691305,-1.2060039242224792e+27,4.98533461646299e+27,-0.0342977036780212,0.1417806448036867,final_luminosity_arrays\ZTF21aagtpro_epoch_1_lum.npy,dillon_extracting_files\dillon_fits\ztf_cutouts\ztf_cutouts_no_interp\ZTF21aagtpro_epoch_1.fits,-1.029010259163615e+28,False,False,False,Original Detection is False; no Gaussian subtraction attempted,,,,,False,0,10,9.99654813160449e+27,-1.2060039242224792e+27,4.985407058654276e+27,-0.2419068112259662,False,,,,,C:\Research\bts_vlass_cross_matching\gaussian_adjusted_luminosity_arrays\ZTF21aagtpro_epoch_1_gaussian_adjusted_13x13_lum.npy
ZTF21aagtpro,2,16:33:29.41,-06:22:49.4,SN Ic-BL,0.04,171.42857142857142,229.2182692308695,1.9586870515254823e+29,5.830247423212693e+27,5.570335779339073,0.1658095800226542,final_luminosity_arrays\ZTF21aagtpro_epoch_2_lum.npy,dillon_extracting_files\dillon_fits\ztf_cutouts\ztf_cutouts_no_interp\ZTF21aagtpro_epoch_2.fits,1.7928194586822647e+29,True,False,False,,True,13.0,15.0,1.9586870515254826e+29,True,5,7,1.9586870515254826e+29,1.9586870515254826e+29,5.830332142881797e+27,33.594776481419274,True,,,,,C:\Research\bts_vlass_cross_matching\gaussian_adjusted_luminosity_arrays\ZTF21aagtpro_epoch_2_gaussian_adjusted_13x13_lum.npy
ZTF21aagtpro,3,16:33:29.41,-06:22:49.4,SN Ic-BL,0.04,171.42857142857142,1186.9105769231771,3.177368225139111e+29,5.210431068804925e+27,9.03615914285183,0.1481822853376383,final_luminosity_arrays\ZTF21aagtpro_epoch_3_lum.npy,dillon_extracting_files\dillon_fits\ztf_cutouts\ztf_cutouts_no_interp\ZTF21aagtpro_epoch_3.fits,3.177368225139111e+29,True,False,False,,True,14.0,14.0,3.177368225139111e+29,True,6,6,3.177368225139111e+29,3.177368225139111e+29,5.210506781886032e+27,60.980022829737266,True,,,,,C:\Research\bts_vlass_cross_matching\gaussian_adjusted_luminosity_arrays\ZTF21aagtpro_epoch_3_gaussian_adjusted_13x13_lum.npy
ZTF21aahsqng,1,02:01:14.29,+27:50:36.4,SN Ia,0.057,244.28571428571428,-655.7748344371778,2.9972858556662446e+28,1.0368269804835744e+28,0.4197732487227767,0.145210892555815,final_luminosity_arrays\ZTF21aahsqng_epoch_1_lum.npy,dillon_extracting_files\dillon_fits\ztf_cutouts\ztf_cutouts_no_interp\ZTF21aahsqng_epoch_1.fits,2.373289977739785e+28,False,False,False,Original Detection is False; no Gaussian subtraction attempted,,,,,False,6,2,3.257025018104312e+28,2.9972858556662446e+28,1.036842046677567e+28,2.890783475911957,False,,,,,C:\Research\bts_vlass_cross_matching\gaussian_adjusted_luminosity_arrays\ZTF21aahsqng_epoch_1_gaussian_adjusted_13x13_lum.npy
ZTF21aahsqng,2,02:01:14.29,+27:50:36.4,SN Ia,0.057,244.28571428571428,290.2989593187352,4.40300331477342e+28,9.174313503805692e+27,0.6166455568745733,0.1284891575500042,final_luminosity_arrays\ZTF21aahsqng_epoch_2_lum.npy,dillon_extracting_files\dillon_fits\ztf_cutouts\ztf_cutouts_no_interp\ZTF21aahsqng_epoch_2.fits,2.8832115998164857e+28,True,False,False,,True,15.0,13.0,4.4030033147734195e+28,True,7,5,4.4030033147734195e+28,4.4030033147734195e+28,9.174446816296204e+27,4.799203050534382,True,,,,,C:\Research\bts_vlass_cross_matching\gaussian_adjusted_luminosity_arrays\ZTF21aahsqng_epoch_2_gaussian_adjusted_13x13_lum.npy
ZTF21aahsqng,3,02:01:14.29,+27:50:36.4,SN Ia,0.057,244.28571428571428,1191.9072847681205,4.607038129868589e+28,9.49608443537035e+27,0.6452208617702127,0.1329956610506392,final_luminosity_arrays\ZTF21aahsqng_epoch_3_lum.npy,dillon_extracting_files\dillon_fits\ztf_cutouts\ztf_cutouts_no_interp\ZTF21aahsqng_epoch_3.fits,2.501026611286961e+28,True,False,False,,True,15.0,13.0,4.607038129868589e+28,True,7,5,4.607038129868589e+28,4.607038129868589e+28,9.496222423533242e+27,4.8514429468833535,True,,,,,C:\Research\bts_vlass_cross_matching\gaussian_adjusted_luminosity_arrays\ZTF21aahsqng_epoch_3_gaussian_adjusted_13x13_lum.npy
ZTF21aajgdeu,1,12:53:06.59,+36:49:10.1,SN IIP,0.02792,119.65714285714286,-1165.938010740059,1.7673493116847083e+28,3.033586537377359e+27,1.0316392872482538,0.177079455004059,final_luminosity_arrays\ZTF21aajgdeu_epoch_1_lum.npy,dillon_extracting_files\dillon_fits\ztf_cutouts\ztf_cutouts_no_interp\ZTF21aajgdeu_epoch_1.fits,1.5382437291345575e+28,True,False,False,,True,14.0,15.0,1.7673493116847083e+28,True,6,7,1.7673493116847083e+28,1.7673493116847083e+28,3.0336306186022174e+27,5.8258553327070395,True,,,,,C:\Research\bts_vlass_cross_matching\gaussian_adjusted_luminosity_arrays\ZTF21aajgdeu_epoch_1_gaussian_adjusted_13x13_lum.npy
ZTF21aajgdeu,2,12:53:06.59,+36:49:10.1,SN IIP,0.02792,119.65714285714286,-136.67503307642792,2.2456850166871293e+28,3.188548930377007e+27,1.31085398606956,0.1861250700740105,final_luminosity_arrays\ZTF21aajgdeu_epoch_2_lum.npy,dillon_extracting_files\dillon_fits\ztf_cutouts\ztf_cutouts_no_interp\ZTF21aajgdeu_epoch_2.fits,1.8500193348857416e+28,True,False,False,,True,14.0,15.0,2.2456850166871293e+28,True,6,7,2.2456850166871293e+28,2.2456850166871293e+28,3.1885952633695363e+27,7.0428663132178455,True,,,,,C:\Research\bts_vlass_cross_matching\gaussian_adjusted_luminosity_arrays\ZTF21aajgdeu_epoch_2_gaussian_adjusted_13x13_lum.npy
ZTF21aajgdeu,3,12:53:06.59,+36:49:10.1,SN IIP,0.02792,119.65714285714286,728.1782628999127,2.4006248479721507e+28,3.1204095816445464e+27,1.4012956526130438,0.1821475739356253,final_luminosity_arrays\ZTF21aajgdeu_epoch_3_lum.npy,dillon_extracting_files\dillon_fits\ztf_cutouts\ztf_cutouts_no_interp\ZTF21aajgdeu_epoch_3.fits,2.17278798077958e+28,True,False,False,,True,14.0,15.0,2.4006248479721507e+28,True,6,7,2.4006248479721507e+28,2.4006248479721507e+28,3.1204549245001805e+27,7.693188672983864,True,,,,,C:\Research\bts_vlass_cross_matching\gaussian_adjusted_luminosity_arrays\ZTF21aajgdeu_epoch_3_gaussian_adjusted_13x13_lum.npy
ZTF21aamqgid,1,18:14:08.14,+64:46:43.4,SN II,0.009,38.57142857142857,-1249.1873141726142,3.3238961654019885e+26,2.354233702625049e+26,0.186723395017907,0.1322534987437489,final_luminosity_arrays\ZTF21aamqgid_epoch_1_lum.npy,dillon_extracting_files\dillon_fits\ztf_cutouts\ztf_cutouts_no_interp\ZTF21aamqgid_epoch_1.fits,3.972794993328436e+25,False,False,False,Original Detection is False; no Gaussian subtraction attempted,,,,,False,4,3,7.147115515257052e+26,3.3238961654019885e+26,2.3542679121338057e+26,1.411859775291825,False,,,,,C:\Research\bts_vlass_cross_matching\gaussian_adjusted_luminosity_arrays\ZTF21aamqgid_epoch_1_gaussian_adjusted_13x13_lum.npy
ZTF21aamqgid,2,18:14:08.14,+64:46:43.4,SN II,0.009,38.57142857142857,-185.75817641245555,2.3020500652265e+26,2.863257240384801e+26,0.1293201057706028,0.1608488517609892,final_luminosity_arrays\ZTF21aamqgid_epoch_2_lum.npy,dillon_extracting_files\dillon_fits\ztf_cutouts\ztf_cutouts_no_interp\ZTF21aamqgid_epoch_2.fits,-1.004035332834931e+26,False,False,False,Original Detection is False; no Gaussian subtraction attempted,,,,,False,0,10,5.400072134189493e+26,2.3020500652265e+26,2.8632988465446013e+26,0.8039852591721572,False,,,,,C:\Research\bts_vlass_cross_matching\gaussian_adjusted_luminosity_arrays\ZTF21aamqgid_epoch_2_gaussian_adjusted_13x13_lum.npy
ZTF21aamqgid,3,18:14:08.14,+64:46:43.4,SN II,0.009,38.57142857142857,709.1873141722818,1.0254067771086718e+27,2.490709960352073e+26,0.5760331405326724,0.1399203087803764,final_luminosity_arrays\ZTF21aamqgid_epoch_3_lum.npy,dillon_extracting_files\dillon_fits\ztf_cutouts\ztf_cutouts_no_interp\ZTF21aamqgid_epoch_3.fits,7.227593922037937e+26,True,False,False,,True,15.0,15.0,1.0254067771086718e+27,True,7,7,1.0254067771086718e+27,1.0254067771086718e+27,2.490746153005378e+26,4.1168658470932415,True,,,,,C:\Research\bts_vlass_cross_matching\gaussian_adjusted_luminosity_arrays\ZTF21aamqgid_epoch_3_gaussian_adjusted_13x13_lum.npy
ZTF21aappehx,1,09:16:25.05,-17:21:22.0,SN Ia,0.05451,233.61428571428573,-589.1181686282209,3.284263362561117e+29,1.3045571438367568e+28,5.0294664688408375,0.1997806213709066,final_luminosity_arrays\ZTF21aappehx_epoch_1_lum.npy,dillon_extracting_files\dillon_fits\ztf_cutouts\ztf_cutouts_no_interp\ZTF21aappehx_epoch_1.fits,3.284263362561117e+29,True,False,False,,True,14.0,14.0,3.284263362561117e+29,True,6,6,3.284263362561117e+29,3.284263362561117e+29,1.3045761004335414e+28,25.174946570534896,True,,,,,C:\Research\bts_vlass_cross_matching\gaussian_adjusted_luminosity_arrays\ZTF21aappehx_epoch_1_gaussian_adjusted_13x13_lum.npy
ZTF21aappehx,2,09:16:25.05,-17:21:22.0,SN Ia,0.05451,233.61428571428573,307.03265023551666,3.50416374969724e+29,1.1114377842752304e+28,5.366218276321888,0.1702062130483371,final_luminosity_arrays\ZTF21aappehx_epoch_2_lum.npy,dillon_extracting_files\dillon_fits\ztf_cutouts\ztf_cutouts_no_interp\ZTF21aappehx_epoch_2.fits,3.50416374969724e+29,True,False,False,,True,14.0,14.0,3.50416374969724e+29,True,6,6,3.50416374969724e+29,3.50416374969724e+29,1.111453934643213e+28,31.527746139313543,True,,,,,C:\Research\bts_vlass_cross_matching\gaussian_adjusted_luminosity_arrays\ZTF21aappehx_epoch_2_gaussian_adjusted_13x13_lum.npy
ZTF21aappehx,3,09:16:25.05,-17:21:22.0,SN Ia,0.05451,233.61428571428573,1228.7877782096468,4.592073287945455e+29,1.3631868252994767e+28,7.032224908471108,0.2087592040636906,final_luminosity_arrays\ZTF21aappehx_epoch_3_lum.npy,dillon_extracting_files\dillon_fits\ztf_cutouts\ztf_cutouts_no_interp\ZTF21aappehx_epoch_3.fits,4.592073287945455e+29,True,False,False,,True,14.0,14.0,4.592073287945455e+29,True,6,6,4.592073287945455e+29,4.592073287945455e+29,1.3632066338476194e+28,33.68581969840063,True,,,,,C:\Research\bts_vlass_cross_matching\gaussian_adjusted_luminosity_arrays\ZTF21aappehx_epoch_3_gaussian_adjusted_13x13_lum.npy
ZTF21aapzzgf,1,10:57:55.36,-13:47:27.0,SN Ia,0.06939,297.38571428571424,-1068.1538700519466,2.0434337675545974e+29,1.690473359114825e+28,1.931092585437,0.1597559978487157,final_luminosity_arrays\ZTF21aapzzgf_epoch_1_lum.npy,dillon_extracting_files\dillon_fits\ztf_cutouts\ztf_cutouts_no_interp\ZTF21aapzzgf_epoch_1.fits,2.0434337675545974e+29,True,False,False,,True,14.0,14.0,2.0434337675545974e+29,True,6,6,2.0434337675545974e+29,2.0434337675545974e+29,1.6904979234828894e+28,12.087762659563422,True,,,,,C:\Research\bts_vlass_cross_matching\gaussian_adjusted_luminosity_arrays\ZTF21aapzzgf_epoch_1_gaussian_adjusted_13x13_lum.npy
ZTF21aapzzgf,2,10:57:55.36,-13:47:27.0,SN Ia,0.06939,297.38571428571424,-149.87335499195922,3.330745650869732e+29,2.052494189275434e+28,3.147632349282503,0.1939683080590418,final_luminosity_arrays\ZTF21aapzzgf_epoch_2_lum.npy,dillon_extracting_files\dillon_fits\ztf_cutouts\ztf_cutouts_no_interp\ZTF21aapzzgf_epoch_2.fits,3.0214450452811428e+29,True,False,False,,True,13.0,14.0,3.330745650869732e+29,True,5,6,3.330745650869732e+29,3.330745650869732e+29,2.0525240141895286e+28,16.227559959559983,True,,,,,C:\Research\bts_vlass_cross_matching\gaussian_adjusted_luminosity_arrays\ZTF21aapzzgf_epoch_2_gaussian_adjusted_13x13_lum.npy
ZTF21aapzzgf,3,10:57:55.36,-13:47:27.0,SN Ia,0.06939,297.38571428571424,690.7928191821026,3.1367320495134728e+29,1.733939289187041e+28,2.9642849694937468,0.1638636893385983,final_luminosity_arrays\ZTF21aapzzgf_epoch_3_lum.npy,dillon_extracting_files\dillon_fits\ztf_cutouts\ztf_cutouts_no_interp\ZTF21aapzzgf_epoch_3.fits,3.1367320495134728e+29,True,False,False,,True,14.0,14.0,3.1367320495134728e+29,True,6,6,3.1367320495134728e+29,3.1367320495134728e+29,1.7339644851610986e+28,18.089944034938213,True,,,,,C:\Research\bts_vlass_cross_matching\gaussian_adjusted_luminosity_arrays\ZTF21aapzzgf_epoch_3_gaussian_adjusted_13x13_lum.npy
ZTF21aaqvsvw,1,07:59:47.29,+25:21:21.0,SN IIb,0.02664,114.17142857142858,-699.5772617472071,2.0109018151477465e+27,2.076008818782646e+27,0.1289314095629379,0.1331077582592842,final_luminosity_arrays\ZTF21aaqvsvw_epoch_1_lum.npy,dillon_extracting_files\dillon_fits\ztf_cutouts\ztf_cutouts_no_interp\ZTF21aaqvsvw_epoch_1.fits,2.184610469944084e+26,False,False,False,Original Detection is False; no Gaussian subtraction attempted,,,,,False,11,6,8.182639367785635e+27,2.0109018151477462e+27,2.0760389853892094e+27,0.9686243029635344,False,,,,,C:\Research\bts_vlass_cross_matching\gaussian_adjusted_luminosity_arrays\ZTF21aaqvsvw_epoch_1_gaussian_adjusted_13x13_lum.npy
ZTF21aaqvsvw,2,07:59:47.29,+25:21:21.0,SN IIb,0.02664,114.17142857142858,240.382217719792,8.369081019542098e+27,1.918936620974658e+27,0.5365937831811607,0.1230367373917813,final_luminosity_arrays\ZTF21aaqvsvw_epoch_2_lum.npy,dillon_extracting_files\dillon_fits\ztf_cutouts\ztf_cutouts_no_interp\ZTF21aaqvsvw_epoch_2.fits,8.369081019542098e+27,True,True,True,,False,18.0,15.0,8.6445378996282e+27,True,6,6,8.363631170198701e+27,8.363631170198701e+27,1.8705078278391483e+27,4.471315781586731,True,6.759738078607532e+27,1.0154790242618952,1.0977849278242529,1.884799821020668e+27,C:\Research\bts_vlass_cross_matching\gaussian_adjusted_luminosity_arrays\ZTF21aaqvsvw_epoch_2_gaussian_adjusted_13x13_lum.npy
ZTF21aaqvsvw,3,07:59:47.29,+25:21:21.0,SN IIb,0.02664,114.17142857142858,1133.587236031956,4.106463920375677e+27,2.1523713195359056e+27,0.2632909163367003,0.1380039037854384,final_luminosity_arrays\ZTF21aaqvsvw_epoch_3_lum.npy,dillon_extracting_files\dillon_fits\ztf_cutouts\ztf_cutouts_no_interp\ZTF21aaqvsvw_epoch_3.fits,3.365905400071224e+27,False,False,False,Original Detection is False; no Gaussian subtraction attempted,,,,,False,2,0,7.244320396191752e+27,4.106463920375677e+27,2.1524025957704698e+27,1.9078512209774283,False,,,,,C:\Research\bts_vlass_cross_matching\gaussian_adjusted_luminosity_arrays\ZTF21aaqvsvw_epoch_3_gaussian_adjusted_13x13_lum.npy
ZTF21aarasky,1,07:40:56.84,+69:07:53.1,SN IIb,0.02169,92.95714285714286,-1234.3919529389077,1.110842365160839e+28,1.3667221982258928e+27,1.0744089959189294,0.1321915699678056,final_luminosity_arrays\ZTF21aarasky_epoch_1_lum.npy,dillon_extracting_files\dillon_fits\ztf_cutouts\ztf_cutouts_no_interp\ZTF21aarasky_epoch_1.fits,8.88461162592964e+27,True,False,False,,True,14.0,15.0,1.110842365160839e+28,True,6,7,1.110842365160839e+28,1.110842365160839e+28,1.3667420581467475e+27,8.12766650839077,True,,,,,C:\Research\bts_vlass_cross_matching\gaussian_adjusted_luminosity_arrays\ZTF21aarasky_epoch_1_gaussian_adjusted_13x13_lum.npy
ZTF21aarasky,2,07:40:56.84,+69:07:53.1,SN IIb,0.02169,92.95714285714286,-195.91648582070133,9.28963426650369e+27,2.0605265602566747e+27,0.8984953165054321,0.1992974441435627,final_luminosity_arrays\ZTF21aarasky_epoch_2_lum.npy,dillon_extracting_files\dillon_fits\ztf_cutouts\ztf_cutouts_no_interp\ZTF21aarasky_epoch_2.fits,5.848201420238723e+27,True,False,False,,True,15.0,15.0,9.28963426650369e+27,True,7,7,9.28963426650369e+27,9.28963426650369e+27,2.060556501889626e+27,4.508313292057103,True,,,,,C:\Research\bts_vlass_cross_matching\gaussian_adjusted_luminosity_arrays\ZTF21aarasky_epoch_2_gaussian_adjusted_13x13_lum.npy
ZTF21aarasky,3,07:40:56.84,+69:07:53.1,SN IIb,0.02169,92.95714285714286,675.1892311776054,1.327238759137577e+28,1.451689492563892e+27,1.2837080284953115,0.1404097433822981,final_luminosity_arrays\ZTF21aarasky_epoch_3_lum.npy,dillon_extracting_files\dillon_fits\ztf_cutouts\ztf_cutouts_no_interp\ZTF21aarasky_epoch_3.fits,9.3941297972353e+27,True,False,False,,True,14.0,15.0,1.327238759137577e+28,True,6,7,1.327238759137577e+28,1.327238759137577e+28,1.451710587149511e+27,9.14258510536636,True,,,,,C:\Research\bts_vlass_cross_matching\gaussian_adjusted_luminosity_arrays\ZTF21aarasky_epoch_3_gaussian_adjusted_13x13_lum.npy
ZTF21aarejnt,1,13:18:28.49,-04:07:37.0,SN Ia,0.061,261.42857142857144,-711.8454288408639,6.059352976848225e+28,1.5037701868150323e+28,0.7409738609567285,0.1838926692123412,final_luminosity_arrays\ZTF21aarejnt_epoch_1_lum.npy,dillon_extracting_files\dillon_fits\ztf_cutouts\ztf_cutouts_no_interp\ZTF21aarejnt_epoch_1.fits,4.994860714626847e+28,True,False,False,,True,13.0,15.0,6.059352976848225e+28,True,5,7,6.059352976848225e+28,6.059352976848225e+28,1.5037920381882905e+28,4.029382270269428,True,,,,,C:\Research\bts_vlass_cross_matching\gaussian_adjusted_luminosity_arrays\ZTF21aarejnt_epoch_1_gaussian_adjusted_13x13_lum.npy
ZTF21aarejnt,2,13:18:28.49,-04:07:37.0,SN Ia,0.061,261.42857142857144,216.524033930107,4.4878980751996505e+28,1.2886977283069843e+28,0.5488069728016853,0.1575919426678999,final_luminosity_arrays\ZTF21aarejnt_epoch_2_lum.npy,dillon_extracting_files\dillon_fits\ztf_cutouts\ztf_cutouts_no_interp\ZTF21aarejnt_epoch_2.fits,4.151933748983914e+28,False,False,False,Original Detection is False; no Gaussian subtraction attempted,,,,,True,6,7,4.4878980751996505e+28,4.4878980751996505e+28,1.2887164544496657e+28,3.4824557874650286,False,,,,,C:\Research\bts_vlass_cross_matching\gaussian_adjusted_luminosity_arrays\ZTF21aarejnt_epoch_2_gaussian_adjusted_13x13_lum.npy
ZTF21aarejnt,3,13:18:28.49,-04:07:37.0,SN Ia,0.061,261.42857142857144,1159.9736098019262,4.899869479225132e+28,1.3589979399819612e+28,0.599185295868665,0.1661887972168552,final_luminosity_arrays\ZTF21aarejnt_epoch_3_lum.npy,dillon_extracting_files\dillon_fits\ztf_cutouts\ztf_cutouts_no_interp\ZTF21aarejnt_epoch_3.fits,4.315475105275488e+28,False,False,False,Original Detection is False; no Gaussian subtraction attempted,,,,,False,4,8,5.176320948950408e+28,4.899869479225132e+28,1.3590176876611637e+28,3.605449379880911,False,,,,,C:\Research\bts_vlass_cross_matching\gaussian_adjusted_luminosity_arrays\ZTF21aarejnt_epoch_3_gaussian_adjusted_13x13_lum.npy
ZTF21aawiwqh,1,16:17:53.63,+32:06:32.7,SN Ia,0.063,270.0,-1214.7759442179974,4.488549750110723e+28,1.0419821148537366e+28,0.5145898903720081,0.1194597996151805,final_luminosity_arrays\ZTF21aawiwqh_epoch_1_lum.npy,dillon_extracting_files\dillon_fits\ztf_cutouts\ztf_cutouts_no_interp\ZTF21aawiwqh_epoch_1.fits,4.488549750110723e+28,True,False,False,,True,14.0,14.0,4.488549750110723e+28,True,6,6,4.488549750110723e+28,4.488549750110723e+28,1.0419972559572904e+28,4.3076406626302095,True,,,,,C:\Research\bts_vlass_cross_matching\gaussian_adjusted_luminosity_arrays\ZTF21aawiwqh_epoch_1_gaussian_adjusted_13x13_lum.npy
ZTF21aawiwqh,2,16:17:53.63,+32:06:32.7,SN Ia,0.063,270.0,-202.54640517754592,6.616698473913888e+28,1.6474708765579966e+28,0.7585715502500534,0.1888770814584373,final_luminosity_arrays\ZTF21aawiwqh_epoch_2_lum.npy,dillon_extracting_files\dillon_fits\ztf_cutouts\ztf_cutouts_no_interp\ZTF21aawiwqh_epoch_2.fits,6.393945119530794e+28,True,True,True,,False,8.0,9.0,6.869860749128074e+28,True,5,6,6.616698471211793e+28,6.616698471211793e+28,1.579466669771143e+28,4.189197909551659,True,5.040431705569454e+28,1.1221842117660228,1.046191776837454,1.8294290435586202e+28,C:\Research\bts_vlass_cross_matching\gaussian_adjusted_luminosity_arrays\ZTF21aawiwqh_epoch_2_gaussian_adjusted_13x13_lum.npy
ZTF21aawiwqh,3,16:17:53.63,+32:06:32.7,SN Ia,0.063,270.0,614.0105092156808,3.161335384175682e+28,1.0960007208322837e+28,0.3624313685577363,0.1256528539427918,final_luminosity_arrays\ZTF21aawiwqh_epoch_3_lum.npy,dillon_extracting_files\dillon_fits\ztf_cutouts\ztf_cutouts_no_interp\ZTF21aawiwqh_epoch_3.fits,2.273575695278472e+28,False,False,False,Original Detection is False; no Gaussian subtraction attempted,,,,,False,1,2,4.578952989494653e+28,3.161335384175682e+28,1.0960166468833863e+28,2.8843862847933925,False,,,,,C:\Research\bts_vlass_cross_matching\gaussian_adjusted_luminosity_arrays\ZTF21aawiwqh_epoch_3_gaussian_adjusted_13x13_lum.npy
ZTF21aaxtsqe,1,15:33:50.10,+30:56:14.3,SN Ia,0.068,291.42857142857144,-1223.0735343622832,5.085446068172328e+28,1.2731744366640453e+28,0.5004348349757493,0.1252889301935719,final_luminosity_arrays\ZTF21aaxtsqe_epoch_1_lum.npy,dillon_extracting_files\dillon_fits\ztf_cutouts\ztf_cutouts_no_interp\ZTF21aaxtsqe_epoch_1.fits,3.774010822883565e+28,False,False,False,Original Detection is False; no Gaussian subtraction attempted,,,,,True,5,5,5.085446068172328e+28,5.085446068172328e+28,1.27319293723686e+28,3.9942462131536707,False,,,,,C:\Research\bts_vlass_cross_matching\gaussian_adjusted_luminosity_arrays\ZTF21aaxtsqe_epoch_1_gaussian_adjusted_13x13_lum.npy
ZTF21aaxtsqe,2,15:33:50.10,+30:56:14.3,SN Ia,0.068,291.42857142857144,-190.30199878175884,3.935147158020063e+28,1.4165617363979114e+28,0.3872393281199038,0.1393992051642761,final_luminosity_arrays\ZTF21aaxtsqe_epoch_2_lum.npy,dillon_extracting_files\dillon_fits\ztf_cutouts\ztf_cutouts_no_interp\ZTF21aaxtsqe_epoch_2.fits,3.7027611468830006e+28,False,False,False,Original Detection is False; no Gaussian subtraction attempted,,,,,False,12,5,5.141031983150669e+28,3.935147158020063e+28,1.4165823205400342e+28,2.7779163278840677,False,,,,,C:\Research\bts_vlass_cross_matching\gaussian_adjusted_luminosity_arrays\ZTF21aaxtsqe_epoch_2_gaussian_adjusted_13x13_lum.npy
ZTF21aaxtsqe,3,15:33:50.10,+30:56:14.3,SN Ia,0.068,291.42857142857144,591.5332072107504,5.826689003101802e+28,1.2449351568100303e+28,0.57337706675753,0.1225099950685337,final_luminosity_arrays\ZTF21aaxtsqe_epoch_3_lum.npy,dillon_extracting_files\dillon_fits\ztf_cutouts\ztf_cutouts_no_interp\ZTF21aaxtsqe_epoch_3.fits,4.725301415602256e+28,True,False,False,,True,13.0,14.0,5.826689003101802e+28,True,5,6,5.826689003101802e+28,5.826689003101802e+28,1.2449532470362046e+28,4.680247243800598,True,,,,,C:\Research\bts_vlass_cross_matching\gaussian_adjusted_luminosity_arrays\ZTF21aaxtsqe_epoch_3_gaussian_adjusted_13x13_lum.npy
ZTF21aaxxjen,1,11:05:39.37,+19:27:37.1,SN Ia,0.097,415.7142857142857,-676.5648000016164,9.812851898983973e+28,2.6127378947666827e+28,0.4745566693600266,0.1263557447887457,final_luminosity_arrays\ZTF21aaxxjen_epoch_1_lum.npy,dillon_extracting_files\dillon_fits\ztf_cutouts\ztf_cutouts_no_interp\ZTF21aaxxjen_epoch_1.fits,4.963792911398653e+28,False,False,False,Original Detection is False; no Gaussian subtraction attempted,,,,,True,7,5,9.812851898983973e+28,9.812851898983973e+28,2.612775860615097e+28,3.7557189833627143,False,,,,,C:\Research\bts_vlass_cross_matching\gaussian_adjusted_luminosity_arrays\ZTF21aaxxjen_epoch_1_gaussian_adjusted_13x13_lum.npy
ZTF21aaxxjen,2,11:05:39.37,+19:27:37.1,SN Ia,0.097,415.7142857142857,182.14076061825605,1.2094478984444793e+29,2.5721667521288937e+28,0.5848978180438278,0.124393666252205,final_luminosity_arrays\ZTF21aaxxjen_epoch_2_lum.npy,dillon_extracting_files\dillon_fits\ztf_cutouts\ztf_cutouts_no_interp\ZTF21aaxxjen_epoch_2.fits,7.161905418711424e+28,True,False,False,,True,14.0,13.0,1.2094478984444793e+29,True,6,5,1.2094478984444793e+29,1.2094478984444793e+29,2.5722041284356426e+28,4.701990347787983,True,,,,,C:\Research\bts_vlass_cross_matching\gaussian_adjusted_luminosity_arrays\ZTF21aaxxjen_epoch_2_gaussian_adjusted_13x13_lum.npy
ZTF21aaxxjen,3,11:05:39.37,+19:27:37.1,SN Ia,0.097,415.7142857142857,998.9137779382196,9.90448064240315e+28,2.890530646256085e+28,0.478987902170047,0.1397901999178519,final_luminosity_arrays\ZTF21aaxxjen_epoch_3_lum.npy,dillon_extracting_files\dillon_fits\ztf_cutouts\ztf_cutouts_no_interp\ZTF21aaxxjen_epoch_3.fits,3.2859637143784043e+28,False,False,False,Original Detection is False; no Gaussian subtraction attempted,,,,,True,6,5,9.90448064240315e+28,9.90448064240315e+28,2.8905726487273526e+28,3.426476980872232,False,,,,,C:\Research\bts_vlass_cross_matching\gaussian_adjusted_luminosity_arrays\ZTF21aaxxjen_epoch_3_gaussian_adjusted_13x13_lum.npy
ZTF21aaxyecd,1,12:57:00.83,+40:26:04.0,SN Ia,0.06124,262.45714285714286,-704.142230313089,5.236398548734293e+28,1.2190643134984963e+28,0.6353289354592562,0.1479104540549219,final_luminosity_arrays\ZTF21aaxyecd_epoch_1_lum.npy,dillon_extracting_files\dillon_fits\ztf_cutouts\ztf_cutouts_no_interp\ZTF21aaxyecd_epoch_1.fits,4.587744607212634e+28,True,False,False,,True,15.0,13.0,5.236398548734293e+28,True,7,5,5.236398548734293e+28,5.236398548734293e+28,1.2190820277939217e+28,4.295361943945805,True,,,,,C:\Research\bts_vlass_cross_matching\gaussian_adjusted_luminosity_arrays\ZTF21aaxyecd_epoch_1_gaussian_adjusted_13x13_lum.npy
ZTF21aaxyecd,2,12:57:00.83,+40:26:04.0,SN Ia,0.06124,262.45714285714286,185.383230468638,5.178134454789397e+28,1.0409710463888907e+28,0.6282597896642982,0.1263021962209198,final_luminosity_arrays\ZTF21aaxyecd_epoch_2_lum.npy,dillon_extracting_files\dillon_fits\ztf_cutouts\ztf_cutouts_no_interp\ZTF21aaxyecd_epoch_2.fits,5.178134454789397e+28,True,False,False,,True,14.0,14.0,5.178134454789397e+28,True,6,6,5.178134454789397e+28,5.178134454789397e+28,1.0409861728005496e+28,4.974258630985212,True,,,,,C:\Research\bts_vlass_cross_matching\gaussian_adjusted_luminosity_arrays\ZTF21aaxyecd_epoch_2_gaussian_adjusted_13x13_lum.npy
ZTF21aaxyecd,3,12:57:00.83,+40:26:04.0,SN Ia,0.06124,262.45714285714286,1072.0818094894062,6.852547231234852e+28,1.0028430830068342e+28,0.8314152364619076,0.121676087234229,final_luminosity_arrays\ZTF21aaxyecd_epoch_3_lum.npy,dillon_extracting_files\dillon_fits\ztf_cutouts\ztf_cutouts_no_interp\ZTF21aaxyecd_epoch_3.fits,6.312980568423793e+28,True,False,False,,True,14.0,13.0,6.852547231234852e+28,True,6,5,6.852547231234852e+28,6.852547231234852e+28,1.0028576553788089e+28,6.833020812556338,True,,,,,C:\Research\bts_vlass_cross_matching\gaussian_adjusted_luminosity_arrays\ZTF21aaxyecd_epoch_3_gaussian_adjusted_13x13_lum.npy
ZTF21aazazvw,1,12:27:21.86,+80:10:07.7,SN Ia,0.0335,143.57142857142858,-1285.1709737787116,2.3192125513837345e+28,3.584658056512015e+27,0.9403450530953704,0.1453452142619147,final_luminosity_arrays\ZTF21aazazvw_epoch_1_lum.npy,dillon_extracting_files\dillon_fits\ztf_cutouts\ztf_cutouts_no_interp\ZTF21aazazvw_epoch_1.fits,8.624230025084565e+27,True,True,True,,False,13.0,12.0,3.0821597419117155e+28,False,7,4,1.5402836613375365e+28,1.3250866463226672e+28,3.7892417317696896e+27,3.4969704762113762,False,1.9438493004882261e+28,1.051123480662621,1.2083974683168095,1.1383104414234894e+28,C:\Research\bts_vlass_cross_matching\gaussian_adjusted_luminosity_arrays\ZTF21aazazvw_epoch_1_gaussian_adjusted_13x13_lum.npy
ZTF21aazazvw,2,12:27:21.86,+80:10:07.7,SN Ia,0.0335,143.57142857142858,-234.3727154332836,3.277537439620914e+28,3.938900715513773e+27,1.3289062771946192,0.159708502018131,final_luminosity_arrays\ZTF21aazazvw_epoch_2_lum.npy,dillon_extracting_files\dillon_fits\ztf_cutouts\ztf_cutouts_no_interp\ZTF21aazazvw_epoch_2.fits,2.182443511643228e+28,True,False,False,,True,13.0,13.0,3.277537439620914e+28,True,5,5,3.277537439620914e+28,3.277537439620914e+28,3.9389579519123385e+27,8.320823628060541,True,,,,,C:\Research\bts_vlass_cross_matching\gaussian_adjusted_luminosity_arrays\ZTF21aazazvw_epoch_2_gaussian_adjusted_13x13_lum.npy
ZTF21aazazvw,3,12:27:21.86,+80:10:07.7,SN Ia,0.0335,143.57142857142858,663.5469749392369,4.402597364632527e+28,3.265789915849164e+27,1.7850716831162572,0.1324162381935428,final_luminosity_arrays\ZTF21aazazvw_epoch_3_lum.npy,dillon_extracting_files\dillon_fits\ztf_cutouts\ztf_cutouts_no_interp\ZTF21aazazvw_epoch_3.fits,3.2453716726751324e+28,True,True,True,,False,13.0,12.0,4.668536813203507e+28,True,6,6,1.816033124565998e+28,1.816033124565998e+28,3.188270155338177e+27,5.69598257389005,True,4.72091707516779e+28,1.571070269512237,1.1403398583426003,2.0906092231906287e+27,C:\Research\bts_vlass_cross_matching\gaussian_adjusted_luminosity_arrays\ZTF21aazazvw_epoch_3_gaussian_adjusted_13x13_lum.npy
ZTF21abalnud,1,09:13:10.03,+51:32:02.0,SN Ia,0.0968,414.8571428571428,-687.6954971702279,2.9000277992486773e+29,2.424783072221253e+28,1.4082759153097877,0.1177510512649565,final_luminosity_arrays\ZTF21abalnud_epoch_1_lum.npy,dillon_extracting_files\dillon_fits\ztf_cutouts\ztf_cutouts_no_interp\ZTF21abalnud_epoch_1.fits,4.238236283185178e+28,True,True,True,,False,16.0,15.0,4.061088653909446e+29,False,8,6,9.007120813659918e+28,6.162432003961657e+28,2.4368073402004514e+28,2.5288958639851833,False,3.167233733600707e+29,0.9048051213064918,1.2583465780526784,0.0,C:\Research\bts_vlass_cross_matching\gaussian_adjusted_luminosity_arrays\ZTF21abalnud_epoch_1_gaussian_adjusted_13x13_lum.npy
ZTF21abalnud,2,09:13:10.03,+51:32:02.0,SN Ia,0.0968,414.8571428571428,178.4605932747028,2.3297365310331174e+29,2.94344578385662e+28,1.1313380673527722,0.1429380794352953,final_luminosity_arrays\ZTF21abalnud_epoch_2_lum.npy,dillon_extracting_files\dillon_fits\ztf_cutouts\ztf_cutouts_no_interp\ZTF21abalnud_epoch_2.fits,5.070413086412614e+28,True,True,True,,False,16.0,14.0,3.5272955013689e+29,False,8,7,8.234856570310168e+28,3.3805392030633408e+28,2.8681583546143597e+28,1.1786445464646855,False,3.1084069944356278e+29,1.1231153793196331,1.1931906302590023,4.188885069332723e+28,C:\Research\bts_vlass_cross_matching\gaussian_adjusted_luminosity_arrays\ZTF21abalnud_epoch_2_gaussian_adjusted_13x13_lum.npy
ZTF21abalnud,3,09:13:10.03,+51:32:02.0,SN Ia,0.0968,414.8571428571428,1045.5284269727335,2.220676337204136e+29,2.639340357556422e+28,1.0783775942400105,0.1281702702846719,final_luminosity_arrays\ZTF21abalnud_epoch_3_lum.npy,dillon_extracting_files\dillon_fits\ztf_cutouts\ztf_cutouts_no_interp\ZTF21abalnud_epoch_3.fits,7.10544086619601e+27,True,True,True,,False,16.0,15.0,3.250652653322898e+29,False,7,9,7.46058620926809e+28,3.5485938178540596e+28,2.6026349333175195e+28,1.363461994775713,False,3.262190771638173e+29,1.0520362699822974,1.1256799911574358,0.0,C:\Research\bts_vlass_cross_matching\gaussian_adjusted_luminosity_arrays\ZTF21abalnud_epoch_3_gaussian_adjusted_13x13_lum.npy
ZTF21abasfmq,1,13:21:09.17,+23:49:58.4,SN Ia,0.06429,275.5285714285714,-1248.9734940664844,7.646561708696656e+28,1.061690257590841e+28,0.841813045553863,0.1168836047210585,final_luminosity_arrays\ZTF21abasfmq_epoch_1_lum.npy,dillon_extracting_files\dillon_fits\ztf_cutouts\ztf_cutouts_no_interp\ZTF21abasfmq_epoch_1.fits,6.820210506335093e+28,True,False,False,,True,13.0,14.0,7.646561708696656e+28,True,5,6,7.646561708696656e+28,7.646561708696656e+28,1.0617056850745791e+28,7.202148218844214,True,,,,,C:\Research\bts_vlass_cross_matching\gaussian_adjusted_luminosity_arrays\ZTF21abasfmq_epoch_1_gaussian_adjusted_13x13_lum.npy
ZTF21abasfmq,2,13:21:09.17,+23:49:58.4,SN Ia,0.06429,275.5285714285714,-286.8297174642425,5.005808876758435e+28,1.3326351151010824e+28,0.5510915070772171,0.1467124661992575,final_luminosity_arrays\ZTF21abasfmq_epoch_2_lum.npy,dillon_extracting_files\dillon_fits\ztf_cutouts\ztf_cutouts_no_interp\ZTF21abasfmq_epoch_2.fits,1.7060270686603817e+28,False,False,False,Original Detection is False; no Gaussian subtraction attempted,,,,,True,5,6,5.005808876758435e+28,5.005808876758435e+28,1.3326544797005219e+28,3.756269125274959,False,,,,,C:\Research\bts_vlass_cross_matching\gaussian_adjusted_luminosity_arrays\ZTF21abasfmq_epoch_2_gaussian_adjusted_13x13_lum.npy
ZTF21abasfmq,3,13:21:09.17,+23:49:58.4,SN Ia,0.06429,275.5285714285714,579.4755188905104,7.6052592172704835e+28,1.0725717664265886e+28,0.8372660377062857,0.1180815718008472,final_luminosity_arrays\ZTF21abasfmq_epoch_3_lum.npy,dillon_extracting_files\dillon_fits\ztf_cutouts\ztf_cutouts_no_interp\ZTF21abasfmq_epoch_3.fits,5.281985218387285e+28,True,False,False,,True,13.0,15.0,7.6052592172704835e+28,True,5,7,7.6052592172704835e+28,7.6052592172704835e+28,1.0725873520301732e+28,7.090573278600938,True,,,,,C:\Research\bts_vlass_cross_matching\gaussian_adjusted_luminosity_arrays\ZTF21abasfmq_epoch_3_gaussian_adjusted_13x13_lum.npy
ZTF21abdcauj,1,15:48:39.96,+20:03:33.6,SN Ia,0.09778,419.0571428571429,-1225.4694747582455,1.352915314261147e+29,2.805532925284138e+28,0.6438828422687948,0.1335235653240885,final_luminosity_arrays\ZTF21abdcauj_epoch_1_lum.npy,dillon_extracting_files\dillon_fits\ztf_cutouts\ztf_cutouts_no_interp\ZTF21abdcauj_epoch_1.fits,1.352915314261147e+29,True,False,False,,True,14.0,14.0,1.352915314261147e+29,True,6,6,1.352915314261147e+29,1.352915314261147e+29,2.80557369264851e+28,4.822241232893696,True,,,,,C:\Research\bts_vlass_cross_matching\gaussian_adjusted_luminosity_arrays\ZTF21abdcauj_epoch_1_gaussian_adjusted_13x13_lum.npy
ZTF21abdcauj,2,15:48:39.96,+20:03:33.6,SN Ia,0.09778,419.0571428571429,-292.6778407332134,1.0555278574641222e+29,3.6948789496770754e+28,0.5023494595661759,0.1758501589325817,final_luminosity_arrays\ZTF21abdcauj_epoch_2_lum.npy,dillon_extracting_files\dillon_fits\ztf_cutouts\ztf_cutouts_no_interp\ZTF21abdcauj_epoch_2.fits,7.977364332215032e+28,False,False,False,Original Detection is False; no Gaussian subtraction attempted,,,,,False,4,11,1.096513334997684e+29,1.0555278574641222e+29,3.6949326401809704e+28,2.856690392635749,False,,,,,C:\Research\bts_vlass_cross_matching\gaussian_adjusted_luminosity_arrays\ZTF21abdcauj_epoch_2_gaussian_adjusted_13x13_lum.npy
ZTF21abdcauj,3,15:48:39.96,+20:03:33.6,SN Ia,0.09778,419.0571428571429,540.8224963106387,1.1789229977924812e+29,3.736911719055411e+28,0.561075983569026,0.1778506220806918,final_luminosity_arrays\ZTF21abdcauj_epoch_3_lum.npy,dillon_extracting_files\dillon_fits\ztf_cutouts\ztf_cutouts_no_interp\ZTF21abdcauj_epoch_3.fits,1.1789229977924812e+29,False,False,False,Original Detection is False; no Gaussian subtraction attempted,,,,,False,12,10,1.2523057017759079e+29,1.1789229977924813e+29,3.736966020339956e+28,3.1547597472808526,False,,,,,C:\Research\bts_vlass_cross_matching\gaussian_adjusted_luminosity_arrays\ZTF21abdcauj_epoch_3_gaussian_adjusted_13x13_lum.npy
ZTF21abiacmi,1,00:31:29.36,+17:23:00.0,SN Ia,0.038,162.85714285714286,-748.9306358382759,1.438691030029653e+28,4.919003696247263e+27,0.4533531609922647,0.1550074500366121,final_luminosity_arrays\ZTF21abiacmi_epoch_1_lum.npy,dillon_extracting_files\dillon_fits\ztf_cutouts\ztf_cutouts_no_interp\ZTF21abiacmi_epoch_1.fits,5.98247166192728e+27,False,False,False,Original Detection is False; no Gaussian subtraction attempted,,,,,False,4,8,3.050678932451798e+28,1.438691030029653e+28,4.919075174580034e+27,2.924718527304233,False,,,,,C:\Research\bts_vlass_cross_matching\gaussian_adjusted_luminosity_arrays\ZTF21abiacmi_epoch_1_gaussian_adjusted_13x13_lum.npy
ZTF21abiacmi,2,00:31:29.36,+17:23:00.0,SN Ia,0.038,162.85714285714286,128.71868978792833,2.7169595319887565e+28,4.0532901353275593e+27,0.8561547729186714,0.1277271185250391,final_luminosity_arrays\ZTF21abiacmi_epoch_2_lum.npy,dillon_extracting_files\dillon_fits\ztf_cutouts\ztf_cutouts_no_interp\ZTF21abiacmi_epoch_2.fits,6.971814327001312e+27,True,True,True,,False,11.0,14.0,4.464516421011535e+28,False,5,8,2.5140529604303213e+28,2.4011033833005153e+28,4.1221192629136084e+27,5.824924584067857,False,3.106227931306601e+28,1.0993572391787725,1.0335755769133115,1.3582884897049344e+28,C:\Research\bts_vlass_cross_matching\gaussian_adjusted_luminosity_arrays\ZTF21abiacmi_epoch_2_gaussian_adjusted_13x13_lum.npy
ZTF21abiacmi,3,00:31:29.36,+17:23:00.0,SN Ia,0.038,162.85714285714286,1064.171483622225,2.546187949941979e+28,4.5470172516680495e+27,0.8023420814424753,0.1432854278989994,final_luminosity_arrays\ZTF21abiacmi_epoch_3_lum.npy,dillon_extracting_files\dillon_fits\ztf_cutouts\ztf_cutouts_no_interp\ZTF21abiacmi_epoch_3.fits,8.13051316652399e+27,True,True,True,,False,11.0,14.0,4.426889945826055e+28,False,4,8,2.8696058490646716e+28,2.1113120173947957e+28,4.546027646921576e+27,4.644300874026818,False,3.2071288985901594e+28,1.154580982154375,1.1100861429812603,1.2197610472358955e+28,C:\Research\bts_vlass_cross_matching\gaussian_adjusted_luminosity_arrays\ZTF21abiacmi_epoch_3_gaussian_adjusted_13x13_lum.npy
ZTF21abidtrd,1,18:52:59.93,+28:57:34.8,SN Ia,0.048,205.7142857142857,-732.143702290291,7.712351062361674e+28,8.459509043272842e+27,1.5231427969411022,0.1670726266738863,final_luminosity_arrays\ZTF21abidtrd_epoch_1_lum.npy,dillon_extracting_files\dillon_fits\ztf_cutouts\ztf_cutouts_no_interp\ZTF21abidtrd_epoch_1.fits,5.976790207014588e+28,True,False,False,,True,14.0,15.0,7.712351062361674e+28,True,6,7,7.712351062361674e+28,7.712351062361674e+28,8.459631968897586e+27,9.116650807879891,True,,,,,C:\Research\bts_vlass_cross_matching\gaussian_adjusted_luminosity_arrays\ZTF21abidtrd_epoch_1_gaussian_adjusted_13x13_lum.npy
ZTF21abidtrd,2,18:52:59.93,+28:57:34.8,SN Ia,0.048,205.7142857142857,129.49751908375475,8.360621483642309e+28,7.933766727229145e+27,1.6511722933501012,0.1566893822981524,final_luminosity_arrays\ZTF21abidtrd_epoch_2_lum.npy,dillon_extracting_files\dillon_fits\ztf_cutouts\ztf_cutouts_no_interp\ZTF21abidtrd_epoch_2.fits,7.96585361296538e+28,True,False,False,,True,14.0,15.0,8.360621483642309e+28,True,6,7,8.360621483642309e+28,8.360621483642309e+28,7.933882013261294e+27,10.5378696956518,True,,,,,C:\Research\bts_vlass_cross_matching\gaussian_adjusted_luminosity_arrays\ZTF21abidtrd_epoch_2_gaussian_adjusted_13x13_lum.npy
ZTF21abidtrd,3,18:52:59.93,+28:57:34.8,SN Ia,0.048,205.7142857142857,1079.8791984730676,6.889633877440957e+28,9.652575617551504e+27,1.3606611173599965,0.1906353139813798,final_luminosity_arrays\ZTF21abidtrd_epoch_3_lum.npy,dillon_extracting_files\dillon_fits\ztf_cutouts\ztf_cutouts_no_interp\ZTF21abidtrd_epoch_3.fits,5.6549152910103065e+28,True,False,False,,True,14.0,15.0,6.889633877440957e+28,True,6,7,6.889633877440957e+28,6.889633877440957e+28,9.652715879696993e+27,7.137508203191026,True,,,,,C:\Research\bts_vlass_cross_matching\gaussian_adjusted_luminosity_arrays\ZTF21abidtrd_epoch_3_gaussian_adjusted_13x13_lum.npy
ZTF21abjwtrk,1,14:04:52.53,+21:38:01.5,SN IIb,0.0165,70.71428571428571,-1366.658240922741,4.0783660649878494e+27,8.555523916080334e+26,0.6816392997279764,0.1429951598260646,final_luminosity_arrays\ZTF21abjwtrk_epoch_1_lum.npy,dillon_extracting_files\dillon_fits\ztf_cutouts\ztf_cutouts_no_interp\ZTF21abjwtrk_epoch_1.fits,2.6482121994716355e+27,True,True,True,,False,14.0,12.0,4.673171853024867e+27,False,4,1,2.2186007574272734e+27,7.450364599282429e+26,6.670870737017423e+26,1.1168503922493216,False,3.935000129832271e+27,3.353732063990264,3.180584620280123,0.0,C:\Research\bts_vlass_cross_matching\gaussian_adjusted_luminosity_arrays\ZTF21abjwtrk_epoch_1_gaussian_adjusted_13x13_lum.npy
ZTF21abjwtrk,2,14:04:52.53,+21:38:01.5,SN IIb,0.0165,70.71428571428571,-332.7182507604192,5.320891863530591e+27,1.16215179092457e+27,0.8893093327060343,0.1942395143949777,final_luminosity_arrays\ZTF21abjwtrk_epoch_2_lum.npy,dillon_extracting_files\dillon_fits\ztf_cutouts\ztf_cutouts_no_interp\ZTF21abjwtrk_epoch_2.fits,2.719223743551834e+27,True,True,True,,False,12.0,10.0,5.980277409497375e+27,True,6,5,4.2647615579483413e+27,4.2647615579483413e+27,1.0644362017075203e+27,4.006591988422607,True,5.086191638668902e+27,2.042915018728177,2.012747789876811,0.0,C:\Research\bts_vlass_cross_matching\gaussian_adjusted_luminosity_arrays\ZTF21abjwtrk_epoch_2_gaussian_adjusted_13x13_lum.npy
ZTF21abjwtrk,3,14:04:52.53,+21:38:01.5,SN IIb,0.0165,70.71428571428571,565.4617787526157,4.786066625717978e+27,1.1594221797503136e+27,0.7999211084097624,0.1937832931396175,final_luminosity_arrays\ZTF21abjwtrk_epoch_3_lum.npy,dillon_extracting_files\dillon_fits\ztf_cutouts\ztf_cutouts_no_interp\ZTF21abjwtrk_epoch_3.fits,2.954741243597303e+27,True,True,True,,False,12.0,10.0,5.204910056375846e+27,False,7,4,5.187167894873111e+27,4.7839961257260627e+27,1.1164239658269742e+27,4.285106977421781,False,2.2060817536068296e+27,1.1341459090199042,1.1383348661362511,2.998828302769016e+27,C:\Research\bts_vlass_cross_matching\gaussian_adjusted_luminosity_arrays\ZTF21abjwtrk_epoch_3_gaussian_adjusted_13x13_lum.npy
ZTF21ablwehd,1,02:11:34.00,+43:58:47.1,SN II,0.017,72.85714285714286,-805.8957718779776,8.658281098250892e+26,7.670640299192452e+26,0.1363233168376609,0.1207748178800879,final_luminosity_arrays\ZTF21ablwehd_epoch_1_lum.npy,dillon_extracting_files\dillon_fits\ztf_cutouts\ztf_cutouts_no_interp\ZTF21ablwehd_epoch_1.fits,-5.605250962599246e+26,False,False,False,Original Detection is False; no Gaussian subtraction attempted,,,,,False,1,6,2.1774733594435756e+27,8.658281098250892e+26,7.670751761718957e+26,1.1287395769291115,False,,,,,C:\Research\bts_vlass_cross_matching\gaussian_adjusted_luminosity_arrays\ZTF21ablwehd_epoch_1_gaussian_adjusted_13x13_lum.npy
ZTF21ablwehd,2,02:11:34.00,+43:58:47.1,SN II,0.017,72.85714285714286,102.65880039340892,1.2988663355047247e+27,1.0532190772374756e+27,0.2045045257546007,0.1658301488267961,final_luminosity_arrays\ZTF21ablwehd_epoch_2_lum.npy,dillon_extracting_files\dillon_fits\ztf_cutouts\ztf_cutouts_no_interp\ZTF21ablwehd_epoch_2.fits,-1.412644004769053e+27,False,False,False,Original Detection is False; no Gaussian subtraction attempted,,,,,False,8,0,3.1646896466426636e+27,1.2988663355047247e+27,1.0532343816259923e+27,1.2332168016576934,False,,,,,C:\Research\bts_vlass_cross_matching\gaussian_adjusted_luminosity_arrays\ZTF21ablwehd_epoch_2_gaussian_adjusted_13x13_lum.npy
ZTF21ablwehd,3,02:11:34.00,+43:58:47.1,SN II,0.017,72.85714285714286,1030.879056047293,7.707046144387273e+27,1.097642116290236e+27,1.2134626740589738,0.1728245902841044,final_luminosity_arrays\ZTF21ablwehd_epoch_3_lum.npy,dillon_extracting_files\dillon_fits\ztf_cutouts\ztf_cutouts_no_interp\ZTF21ablwehd_epoch_3.fits,7.059247206261783e+27,True,False,False,,True,14.0,15.0,7.707046144387273e+27,True,6,7,7.707046144387273e+27,7.707046144387273e+27,1.0976580661925529e+27,7.021354264831039,True,,,,,C:\Research\bts_vlass_cross_matching\gaussian_adjusted_luminosity_arrays\ZTF21ablwehd_epoch_3_gaussian_adjusted_13x13_lum.npy
ZTF21abqfttg,1,18:31:10.04,+26:57:17.9,SN Ia,0.07,300.00000000000006,-763.8298070049523,4.778877111391908e+29,1.466103921966035e+28,4.437783267349006,0.1361480080814233,final_luminosity_arrays\ZTF21abqfttg_epoch_1_lum.npy,dillon_extracting_files\dillon_fits\ztf_cutouts\ztf_cutouts_no_interp\ZTF21abqfttg_epoch_1.fits,3.259809124331753e+29,True,False,False,,True,15.0,13.0,4.7788771113919075e+29,True,7,5,4.7788771113919075e+29,4.7788771113919075e+29,1.4661252260085777e+28,32.595286041166226,True,,,,,C:\Research\bts_vlass_cross_matching\gaussian_adjusted_luminosity_arrays\ZTF21abqfttg_epoch_1_gaussian_adjusted_13x13_lum.npy
ZTF21abqfttg,2,18:31:10.04,+26:57:17.9,SN Ia,0.07,300.00000000000006,54.86178178009446,4.814935566733929e+29,1.435605978488642e+28,4.47126803919673,0.1333158526026638,final_luminosity_arrays\ZTF21abqfttg_epoch_2_lum.npy,dillon_extracting_files\dillon_fits\ztf_cutouts\ztf_cutouts_no_interp\ZTF21abqfttg_epoch_2.fits,4.700187661154994e+29,True,False,False,,True,14.0,13.0,4.814935566733929e+29,True,6,5,4.814935566733929e+29,4.814935566733929e+29,1.43562683936377e+28,33.53890742853327,True,,,,,C:\Research\bts_vlass_cross_matching\gaussian_adjusted_luminosity_arrays\ZTF21abqfttg_epoch_2_gaussian_adjusted_13x13_lum.npy
ZTF21abqfttg,3,18:31:10.04,+26:57:17.9,SN Ia,0.07,300.00000000000006,991.3103799109356,4.993371967279758e+29,1.373165499182227e+28,4.636968486011028,0.1275173912836205,final_luminosity_arrays\ZTF21abqfttg_epoch_3_lum.npy,dillon_extracting_files\dillon_fits\ztf_cutouts\ztf_cutouts_no_interp\ZTF21abqfttg_epoch_3.fits,4.542863419017267e+29,True,False,False,,True,14.0,13.0,4.993371967279758e+29,True,6,5,4.993371967279758e+29,4.993371967279758e+29,1.3731854527310679e+28,36.36342023103042,True,,,,,C:\Research\bts_vlass_cross_matching\gaussian_adjusted_luminosity_arrays\ZTF21abqfttg_epoch_3_gaussian_adjusted_13x13_lum.npy
ZTF21abqgbau,1,19:14:31.17,-21:19:09.5,SN Ia,0.0485,207.8571428571429,-726.0986594163489,2.3447608640040364e+29,1.2268661882779793e+28,4.5357737690210325,0.2373320206156187,final_luminosity_arrays\ZTF21abqgbau_epoch_1_lum.npy,dillon_extracting_files\dillon_fits\ztf_cutouts\ztf_cutouts_no_interp\ZTF21abqgbau_epoch_1.fits,1.897023475101821e+29,True,True,True,,False,19.0,13.0,2.8005264801219955e+29,True,7,7,2.3405159619701775e+29,2.3405159619701775e+29,1.2127903004387355e+28,19.298603898163428,True,2.165197570113602e+29,1.1518663197780987,1.3009031348934956,6.3532891000839345e+28,C:\Research\bts_vlass_cross_matching\gaussian_adjusted_luminosity_arrays\ZTF21abqgbau_epoch_1_gaussian_adjusted_13x13_lum.npy
ZTF21abqgbau,2,19:14:31.17,-21:19:09.5,SN Ia,0.0485,207.8571428571429,179.0038680037751,2.222045894652424e+29,1.0524015698422106e+28,4.298390354961157,0.203582585824029,final_luminosity_arrays\ZTF21abqgbau_epoch_2_lum.npy,dillon_extracting_files\dillon_fits\ztf_cutouts\ztf_cutouts_no_interp\ZTF21abqgbau_epoch_2.fits,1.723365894929044e+29,True,True,True,,False,18.0,13.0,3.175920756630146e+29,True,7,7,2.1846537726304545e+29,2.1846537726304545e+29,1.0643054031298959e+28,20.526568466211412,True,2.5493286716197785e+29,1.1441539543989974,1.2923486684789305,6.265920850103676e+28,C:\Research\bts_vlass_cross_matching\gaussian_adjusted_luminosity_arrays\ZTF21abqgbau_epoch_2_gaussian_adjusted_13x13_lum.npy
ZTF21abqgbau,3,19:14:31.17,-21:19:09.5,SN Ia,0.0485,207.8571428571429,1105.0887511702033,1.827606589601945e+29,1.1348074784217946e+28,3.535375464707612,0.2195236566439115,final_luminosity_arrays\ZTF21abqgbau_epoch_3_lum.npy,dillon_extracting_files\dillon_fits\ztf_cutouts\ztf_cutouts_no_interp\ZTF21abqgbau_epoch_3.fits,1.2702513594943423e+29,True,True,True,,False,19.0,13.0,2.6099288723180634e+29,False,8,7,1.9975911218991742e+29,1.824653831933841e+29,1.1090803365606264e+28,16.45195367535126,False,2.111496997666351e+29,1.1101011761915163,1.2713522965405348,4.984318746517125e+28,C:\Research\bts_vlass_cross_matching\gaussian_adjusted_luminosity_arrays\ZTF21abqgbau_epoch_3_gaussian_adjusted_13x13_lum.npy
ZTF21abviabc,1,00:41:12.06,-14:42:02.5,SN II,0.05346,229.11428571428573,-1283.707037954816,4.856399819329038e+28,8.428368110410579e+27,0.7732017547823488,0.1341924872702943,final_luminosity_arrays\ZTF21abviabc_epoch_1_lum.npy,dillon_extracting_files\dillon_fits\ztf_cutouts\ztf_cutouts_no_interp\ZTF21abviabc_epoch_1.fits,3.4895710192391294e+28,True,False,False,,True,15.0,14.0,4.856399819329038e+28,True,7,6,4.856399819329038e+28,4.856399819329038e+28,8.428490583524592e+27,5.761885560887947,True,,,,,C:\Research\bts_vlass_cross_matching\gaussian_adjusted_luminosity_arrays\ZTF21abviabc_epoch_1_gaussian_adjusted_13x13_lum.npy
ZTF21abviabc,2,00:41:12.06,-14:42:02.5,SN II,0.05346,229.11428571428573,-298.3824883753349,5.277015397893544e+28,8.970378841225415e+27,0.8401692030020058,0.1428221255516828,final_luminosity_arrays\ZTF21abviabc_epoch_2_lum.npy,dillon_extracting_files\dillon_fits\ztf_cutouts\ztf_cutouts_no_interp\ZTF21abviabc_epoch_2.fits,4.783582548765656e+28,True,False,False,,True,15.0,14.0,5.277015397893544e+28,True,7,6,5.277015397893544e+28,5.277015397893544e+28,8.970509190329319e+27,5.882626377087317,True,,,,,C:\Research\bts_vlass_cross_matching\gaussian_adjusted_luminosity_arrays\ZTF21abviabc_epoch_2_gaussian_adjusted_13x13_lum.npy
ZTF21abviabc,3,00:41:12.06,-14:42:02.5,SN II,0.05346,229.11428571428573,546.4526263893453,2.849794518468121e+29,9.875236343163012e+27,4.537241999059916,0.1572288383600863,final_luminosity_arrays\ZTF21abviabc_epoch_3_lum.npy,dillon_extracting_files\dillon_fits\ztf_cutouts\ztf_cutouts_no_interp\ZTF21abviabc_epoch_3.fits,2.775285707104018e+29,True,False,False,,True,15.0,14.0,2.8497945184681206e+29,True,7,6,2.8497945184681206e+29,2.8497945184681206e+29,9.875379840804635e+27,28.85756866478082,True,,,,,C:\Research\bts_vlass_cross_matching\gaussian_adjusted_luminosity_arrays\ZTF21abviabc_epoch_3_gaussian_adjusted_13x13_lum.npy
ZTF21abvxguf,1,03:44:06.87,-11:36:41.0,SN Ia,0.076,325.7142857142857,-782.9756880119324,8.645278207188198e+28,2.0722134610414023e+28,0.6810642662458122,0.1632487716834926,final_luminosity_arrays\ZTF21abvxguf_epoch_1_lum.npy,dillon_extracting_files\dillon_fits\ztf_cutouts\ztf_cutouts_no_interp\ZTF21abvxguf_epoch_1.fits,4.543094678734084e+28,True,False,False,,True,14.0,15.0,8.645278207188198e+28,True,6,7,8.645278207188198e+28,8.645278207188198e+28,2.072243572497398e+28,4.17194113758027,True,,,,,C:\Research\bts_vlass_cross_matching\gaussian_adjusted_luminosity_arrays\ZTF21abvxguf_epoch_1_gaussian_adjusted_13x13_lum.npy
ZTF21abvxguf,2,03:44:06.87,-11:36:41.0,SN Ia,0.076,325.7142857142857,145.46297369810463,6.457517086629732e+28,2.193654792889572e+28,0.5087151657789946,0.1728159078055878,final_luminosity_arrays\ZTF21abvxguf_epoch_2_lum.npy,dillon_extracting_files\dillon_fits\ztf_cutouts\ztf_cutouts_no_interp\ZTF21abvxguf_epoch_2.fits,5.433345327468568e+28,False,False,False,Original Detection is False; no Gaussian subtraction attempted,,,,,True,7,6,6.457517086629732e+28,6.457517086629732e+28,2.193686669016722e+28,2.9436825130200526,False,,,,,C:\Research\bts_vlass_cross_matching\gaussian_adjusted_luminosity_arrays\ZTF21abvxguf_epoch_2_gaussian_adjusted_13x13_lum.npy
ZTF21abvxguf,3,03:44:06.87,-11:36:41.0,SN Ia,0.076,325.7142857142857,998.6228249992198,5.226470276519714e+28,1.8982091470523428e+28,0.4117348289582878,0.1495407290226428,final_luminosity_arrays\ZTF21abvxguf_epoch_3_lum.npy,dillon_extracting_files\dillon_fits\ztf_cutouts\ztf_cutouts_no_interp\ZTF21abvxguf_epoch_3.fits,2.456973769988731e+28,False,False,False,Original Detection is False; no Gaussian subtraction attempted,,,,,False,5,8,6.369276189891433e+28,5.226470276519714e+28,1.898236730041391e+28,2.753329020456659,False,,,,,C:\Research\bts_vlass_cross_matching\gaussian_adjusted_luminosity_arrays\ZTF21abvxguf_epoch_3_gaussian_adjusted_13x13_lum.npy
ZTF21abxhspf,1,16:05:04.26,+23:55:01.4,SN Ia,0.0531,227.57142857142856,-1952.730604880674,7.738437253538596e+28,2.27604818692094e+28,1.2488219654187562,0.3673119235611894,final_luminosity_arrays\ZTF21abxhspf_epoch_1_lum.npy,dillon_extracting_files\dillon_fits\ztf_cutouts\ztf_cutouts_no_interp\ZTF21abxhspf_epoch_1.fits,7.738437253538596e+28,False,False,False,Original Detection is False; no Gaussian subtraction attempted,,,,,True,6,6,7.738437253538596e+28,7.738437253538596e+28,2.276081260311358e+28,3.399894981113289,False,,,,,C:\Research\bts_vlass_cross_matching\gaussian_adjusted_luminosity_arrays\ZTF21abxhspf_epoch_1_gaussian_adjusted_13x13_lum.npy
ZTF21abxhspf,2,16:05:04.26,+23:55:01.4,SN Ia,0.0531,227.57142857142856,-980.36330832764,1.067265732477466e+29,1.457605521317274e+28,1.722343731671572,0.2352304713516399,final_luminosity_arrays\ZTF21abxhspf_epoch_2_lum.npy,dillon_extracting_files\dillon_fits\ztf_cutouts\ztf_cutouts_no_interp\ZTF21abxhspf_epoch_2.fits,1.067265732477466e+29,True,False,False,,True,14.0,14.0,1.067265732477466e+29,True,6,6,1.067265732477466e+29,1.067265732477466e+29,1.4576267018690561e+28,7.321941421002744,True,,,,,C:\Research\bts_vlass_cross_matching\gaussian_adjusted_luminosity_arrays\ZTF21abxhspf_epoch_2_gaussian_adjusted_13x13_lum.npy
ZTF21abxhspf,3,16:05:04.26,+23:55:01.4,SN Ia,0.0531,227.57142857142856,-111.49995252097388,8.13147066650734e+28,1.4399756655030254e+28,1.312249340116978,0.2323853399135404,final_luminosity_arrays\ZTF21abxhspf_epoch_3_lum.npy,dillon_extracting_files\dillon_fits\ztf_cutouts\ztf_cutouts_no_interp\ZTF21abxhspf_epoch_3.fits,8.13147066650734e+28,True,False,False,,True,14.0,14.0,8.13147066650734e+28,True,6,6,8.13147066650734e+28,8.13147066650734e+28,1.4399965898743333e+28,5.646868002108925,True,,,,,C:\Research\bts_vlass_cross_matching\gaussian_adjusted_luminosity_arrays\ZTF21abxhspf_epoch_3_gaussian_adjusted_13x13_lum.npy
ZTF21abyqrli,1,02:29:19.02,-04:40:54.3,SN IIb,0.02925,125.35714285714286,-1337.3000049592151,3.040387223922553e+26,3.914978670994508e+27,0.0161701282195281,0.2082189613465967,final_luminosity_arrays\ZTF21abyqrli_epoch_1_lum.npy,dillon_extracting_files\dillon_fits\ztf_cutouts\ztf_cutouts_no_interp\ZTF21abyqrli_epoch_1.fits,-2.3404460964654915e+27,False,False,False,Original Detection is False; no Gaussian subtraction attempted,,,,,False,11,10,6.977358398094112e+27,3.040387223922553e+26,3.9150355597804335e+27,0.07765924925834049,False,,,,,C:\Research\bts_vlass_cross_matching\gaussian_adjusted_luminosity_arrays\ZTF21abyqrli_epoch_1_gaussian_adjusted_13x13_lum.npy
ZTF21abyqrli,2,02:29:19.02,-04:40:54.3,SN IIb,0.02925,125.35714285714286,-411.3830751559602,5.007979330094997e+26,3.433735923910976e+27,0.0266346560238162,0.1826239649560132,final_luminosity_arrays\ZTF21abyqrli_epoch_2_lum.npy,dillon_extracting_files\dillon_fits\ztf_cutouts\ztf_cutouts_no_interp\ZTF21abyqrli_epoch_2.fits,-4.790621663298287e+27,False,False,False,Original Detection is False; no Gaussian subtraction attempted,,,,,False,8,11,6.578745247728847e+27,5.007979330094997e+26,3.433785819730167e+27,0.14584425450532418,False,,,,,C:\Research\bts_vlass_cross_matching\gaussian_adjusted_luminosity_arrays\ZTF21abyqrli_epoch_2_gaussian_adjusted_13x13_lum.npy
ZTF21abyqrli,3,02:29:19.02,-04:40:54.3,SN IIb,0.02925,125.35714285714286,542.7097108532698,1.4277159022816324e+28,3.1445484164782487e+27,0.7593226619064808,0.1672434667484054,final_luminosity_arrays\ZTF21abyqrli_epoch_3_lum.npy,dillon_extracting_files\dillon_fits\ztf_cutouts\ztf_cutouts_no_interp\ZTF21abyqrli_epoch_3.fits,1.4277159022816324e+28,True,False,False,,True,14.0,14.0,1.4277159022816324e+28,True,6,6,1.4277159022816324e+28,1.4277159022816324e+28,3.144594110096715e+27,4.540223164883183,True,,,,,C:\Research\bts_vlass_cross_matching\gaussian_adjusted_luminosity_arrays\ZTF21abyqrli_epoch_3_gaussian_adjusted_13x13_lum.npy
ZTF21abzciqh,1,01:07:50.22,+27:18:53.2,SN II,0.076,325.7142857142857,-835.918170446703,3.1437875382962543e+28,1.65888097084168e+28,0.2476636727806181,0.1306864789513175,final_luminosity_arrays\ZTF21abzciqh_epoch_1_lum.npy,dillon_extracting_files\dillon_fits\ztf_cutouts\ztf_cutouts_no_interp\ZTF21abzciqh_epoch_1.fits,6.282763429633958e+27,False,False,False,Original Detection is False; no Gaussian subtraction attempted,,,,,False,2,3,3.588568916308166e+28,3.1437875382962543e+28,1.658905076138887e+28,1.8950979073579313,False,,,,,C:\Research\bts_vlass_cross_matching\gaussian_adjusted_luminosity_arrays\ZTF21abzciqh_epoch_1_gaussian_adjusted_13x13_lum.npy
ZTF21abzciqh,2,01:07:50.22,+27:18:53.2,SN II,0.076,325.7142857142857,85.08554702541586,3.602120624370708e+28,1.4120359677397489e+28,0.2837705833371728,0.1112400540003152,final_luminosity_arrays\ZTF21abzciqh_epoch_2_lum.npy,dillon_extracting_files\dillon_fits\ztf_cutouts\ztf_cutouts_no_interp\ZTF21abzciqh_epoch_2.fits,2.5616297004898808e+28,False,False,False,Original Detection is False; no Gaussian subtraction attempted,,,,,False,5,1,3.7864219329460405e+28,3.602120624370708e+28,1.41205648611766e+28,2.5509748793934297,False,,,,,C:\Research\bts_vlass_cross_matching\gaussian_adjusted_luminosity_arrays\ZTF21abzciqh_epoch_2_gaussian_adjusted_13x13_lum.npy
ZTF21abzciqh,3,01:07:50.22,+27:18:53.2,SN II,0.076,325.7142857142857,976.3494875458618,5.35783687409079e+29,1.5688722467114294e+28,4.220837261527777,0.1235956005590512,final_luminosity_arrays\ZTF21abzciqh_epoch_3_lum.npy,dillon_extracting_files\dillon_fits\ztf_cutouts\ztf_cutouts_no_interp\ZTF21abzciqh_epoch_3.fits,5.35783687409079e+29,True,False,False,,True,14.0,14.0,5.35783687409079e+29,True,6,6,5.35783687409079e+29,5.35783687409079e+29,1.568895044086559e+28,34.150384337597465,True,,,,,C:\Research\bts_vlass_cross_matching\gaussian_adjusted_luminosity_arrays\ZTF21abzciqh_epoch_3_gaussian_adjusted_13x13_lum.npy
ZTF21acdalyp,1,22:56:09.41,+13:05:52.8,SN Ia-91T,0.03743,160.4142857142857,-1390.2335133006638,3.079083158754035e+28,4.599107412843881e+27,1.0000416077673435,0.1493745172500606,final_luminosity_arrays\ZTF21acdalyp_epoch_1_lum.npy,dillon_extracting_files\dillon_fits\ztf_cutouts\ztf_cutouts_no_interp\ZTF21acdalyp_epoch_1.fits,1.9063851997094968e+28,True,False,False,,True,13.0,14.0,3.079083158754035e+28,True,5,6,3.079083158754035e+28,3.079083158754035e+28,4.599174242744894e+27,6.694860851621848,True,,,,,C:\Research\bts_vlass_cross_matching\gaussian_adjusted_luminosity_arrays\ZTF21acdalyp_epoch_1_gaussian_adjusted_13x13_lum.npy
ZTF21acdalyp,2,22:56:09.41,+13:05:52.8,SN Ia-91T,0.03743,160.4142857142857,-391.6119195545799,4.023897997914554e+28,6.491507772262166e+27,1.3069037813693285,0.2108378327930984,final_luminosity_arrays\ZTF21acdalyp_epoch_2_lum.npy,dillon_extracting_files\dillon_fits\ztf_cutouts\ztf_cutouts_no_interp\ZTF21acdalyp_epoch_2.fits,2.6546986635382946e+28,True,False,False,,True,13.0,14.0,4.023897997914554e+28,True,5,6,4.023897997914554e+28,4.023897997914554e+28,6.491602100744392e+27,6.198620826518516,True,,,,,C:\Research\bts_vlass_cross_matching\gaussian_adjusted_luminosity_arrays\ZTF21acdalyp_epoch_2_gaussian_adjusted_13x13_lum.npy
ZTF21acdalyp,3,22:56:09.41,+13:05:52.8,SN Ia-91T,0.03743,160.4142857142857,480.7360942873179,2.790001667297244e+28,4.820691370082684e+27,0.9061521268449726,0.1565713477807999,final_luminosity_arrays\ZTF21acdalyp_epoch_3_lum.npy,dillon_extracting_files\dillon_fits\ztf_cutouts\ztf_cutouts_no_interp\ZTF21acdalyp_epoch_3.fits,2.790001667297244e+28,True,False,False,,True,14.0,14.0,2.7900016672972437e+28,True,6,6,2.7900016672972437e+28,2.7900016672972437e+28,4.820761419833246e+27,5.787470949752482,True,,,,,C:\Research\bts_vlass_cross_matching\gaussian_adjusted_luminosity_arrays\ZTF21acdalyp_epoch_3_gaussian_adjusted_13x13_lum.npy
ZTF21acdenty,1,18:31:36.14,+20:19:33.1,SN Ia,0.056,240.0,-863.7812499999364,3.2381906993536814e+28,1.0762912506385465e+28,0.4698537231888622,0.1561695547447532,final_luminosity_arrays\ZTF21acdenty_epoch_1_lum.npy,dillon_extracting_files\dillon_fits\ztf_cutouts\ztf_cutouts_no_interp\ZTF21acdenty_epoch_1.fits,1.4896825623770075e+28,False,False,False,Original Detection is False; no Gaussian subtraction attempted,,,,,True,7,5,3.2381906993536814e+28,3.2381906993536814e+28,1.0763068902901758e+28,3.00861281161236,False,,,,,C:\Research\bts_vlass_cross_matching\gaussian_adjusted_luminosity_arrays\ZTF21acdenty_epoch_1_gaussian_adjusted_13x13_lum.npy
ZTF21acdenty,2,18:31:36.14,+20:19:33.1,SN Ia,0.056,240.0,10.271780303093802,3.208686029236365e+28,9.24668744340412e+27,0.4655726661439985,0.1341691721496006,final_luminosity_arrays\ZTF21acdenty_epoch_2_lum.npy,dillon_extracting_files\dillon_fits\ztf_cutouts\ztf_cutouts_no_interp\ZTF21acdenty_epoch_2.fits,2.169036462525146e+25,False,False,False,Original Detection is False; no Gaussian subtraction attempted,,,,,True,7,5,3.208686029236365e+28,3.208686029236365e+28,9.246821807564613e+27,3.47004202742548,False,,,,,C:\Research\bts_vlass_cross_matching\gaussian_adjusted_luminosity_arrays\ZTF21acdenty_epoch_2_gaussian_adjusted_13x13_lum.npy
ZTF21acdenty,3,18:31:36.14,+20:19:33.1,SN Ia,0.056,240.0,931.6732954546088,3.565559632652222e+28,8.41399157327214e+27,0.5173541721887887,0.1220867787268952,final_luminosity_arrays\ZTF21acdenty_epoch_3_lum.npy,dillon_extracting_files\dillon_fits\ztf_cutouts\ztf_cutouts_no_interp\ZTF21acdenty_epoch_3.fits,1.440338922065883e+28,True,False,False,,True,15.0,13.0,3.565559632652222e+28,True,7,5,3.565559632652222e+28,3.565559632652222e+28,8.414113837479843e+27,4.237593763908668,True,,,,,C:\Research\bts_vlass_cross_matching\gaussian_adjusted_luminosity_arrays\ZTF21acdenty_epoch_3_gaussian_adjusted_13x13_lum.npy
ZTF21acinyte,1,05:22:18.08,+17:31:19.6,SN Ia,0.03374,144.6,-905.7849612073172,2.466706973729149e+28,4.2029875872408747e+27,0.9859700221568348,0.1680004972478493,final_luminosity_arrays\ZTF21acinyte_epoch_1_lum.npy,dillon_extracting_files\dillon_fits\ztf_cutouts\ztf_cutouts_no_interp\ZTF21acinyte_epoch_1.fits,1.837632210053772e+27,True,True,True,,False,16.0,13.0,3.411588235448077e+28,False,11,0,1.201829348466843e+28,7.288620584316279e+27,4.054380793132788e+27,1.7977148561530203,False,2.794860596305641e+28,1.0707782479318138,1.1271698615504555,6.167276391424363e+27,C:\Research\bts_vlass_cross_matching\gaussian_adjusted_luminosity_arrays\ZTF21acinyte_epoch_1_gaussian_adjusted_13x13_lum.npy
ZTF21acinyte,2,05:22:18.08,+17:31:19.6,SN Ia,0.03374,144.6,27.71862770285352,1.3581968048149388e+28,2.833626182181662e+27,0.5428862641565502,0.1132648140732568,final_luminosity_arrays\ZTF21acinyte_epoch_2_lum.npy,dillon_extracting_files\dillon_fits\ztf_cutouts\ztf_cutouts_no_interp\ZTF21acinyte_epoch_2.fits,-1.9085917472770028e+26,True,True,True,,False,16.0,12.0,4.610245556050297e+28,False,12,1,9.986580237271245e+27,1.8509186703035054e+27,2.7977744716706514e+27,0.6615682175405138,False,4.30305818098953e+28,1.129824573860304,1.1080743780294495,3.071873750607664e+27,C:\Research\bts_vlass_cross_matching\gaussian_adjusted_luminosity_arrays\ZTF21acinyte_epoch_2_gaussian_adjusted_13x13_lum.npy
ZTF21acinyte,3,05:22:18.08,+17:31:19.6,SN Ia,0.03374,144.6,920.5930448677112,2.4498908563466827e+28,4.179114128096611e+27,0.979248434305191,0.1670462348513963,final_luminosity_arrays\ZTF21acinyte_epoch_3_lum.npy,dillon_extracting_files\dillon_fits\ztf_cutouts\ztf_cutouts_no_interp\ZTF21acinyte_epoch_3.fits,8.261307209271511e+27,True,True,True,,False,16.0,13.0,3.4388246487831204e+28,False,12,5,1.0263960895565472e+28,5.704994034358901e+27,4.140195782554018e+27,1.377952718660948,False,3.2249851666986017e+28,1.096965103772809,1.1450049990177273,2.1383948208451863e+27,C:\Research\bts_vlass_cross_matching\gaussian_adjusted_luminosity_arrays\ZTF21acinyte_epoch_3_gaussian_adjusted_13x13_lum.npy
ZTF21acipdhn,1,10:30:12.32,+78:48:23.1,SN Ia,0.079,338.57142857142856,-1379.5070559804028,1.0498812774089124e+29,2.5976096721440752e+28,0.7654596702195702,0.1893923035718278,final_luminosity_arrays\ZTF21acipdhn_epoch_1_lum.npy,dillon_extracting_files\dillon_fits\ztf_cutouts\ztf_cutouts_no_interp\ZTF21acipdhn_epoch_1.fits,5.44408933250379e+28,True,True,True,,False,16.0,15.0,1.1142095030691214e+29,False,9,9,8.574554446935005e+28,8.521648817215205e+28,2.489737782708934e+28,3.422709361763917,False,6.619870209128532e+28,1.3860625301465401,0.8850818411282254,4.522224821562682e+28,C:\Research\bts_vlass_cross_matching\gaussian_adjusted_luminosity_arrays\ZTF21acipdhn_epoch_1_gaussian_adjusted_13x13_lum.npy
ZTF21acipdhn,2,10:30:12.32,+78:48:23.1,SN Ia,0.079,338.57142857142856,-376.7267038024603,8.176602276707237e+28,2.7492017635380074e+28,0.5961492424830794,0.2004449169418228,final_luminosity_arrays\ZTF21acipdhn_epoch_2_lum.npy,dillon_extracting_files\dillon_fits\ztf_cutouts\ztf_cutouts_no_interp\ZTF21acipdhn_epoch_2.fits,6.10980107564784e+28,False,False,False,Original Detection is False; no Gaussian subtraction attempted,,,,,False,8,4,9.64300026484507e+28,8.176602276707237e+28,2.7492417123509467e+28,2.9741300082760698,False,,,,,C:\Research\bts_vlass_cross_matching\gaussian_adjusted_luminosity_arrays\ZTF21acipdhn_epoch_2_gaussian_adjusted_13x13_lum.npy
ZTF21acipdhn,3,10:30:12.32,+78:48:23.1,SN Ia,0.079,338.57142857142856,483.3289032410986,5.373818604214012e+28,2.931301464024279e+28,0.3918006259482354,0.2137218469304488,final_luminosity_arrays\ZTF21acipdhn_epoch_3_lum.npy,dillon_extracting_files\dillon_fits\ztf_cutouts\ztf_cutouts_no_interp\ZTF21acipdhn_epoch_3.fits,4.073071649119978e+28,False,False,False,Original Detection is False; no Gaussian subtraction attempted,,,,,False,8,4,8.81948455563549e+28,5.373818604214012e+28,2.9313440589387045e+28,1.8332268393494577,False,,,,,C:\Research\bts_vlass_cross_matching\gaussian_adjusted_luminosity_arrays\ZTF21acipdhn_epoch_3_gaussian_adjusted_13x13_lum.npy
ZTF21acjnzdh,1,06:48:24.45,+77:51:45.7,SN Ia,0.095,407.1428571428572,-1324.6114493173347,3.51379577295008e+29,2.7450081366542965e+28,1.7715997528284788,0.1384009406350797,final_luminosity_arrays\ZTF21acjnzdh_epoch_1_lum.npy,dillon_extracting_files\dillon_fits\ztf_cutouts\ztf_cutouts_no_interp\ZTF21acjnzdh_epoch_1.fits,3.51379577295008e+29,True,False,False,,True,14.0,14.0,3.51379577295008e+29,True,6,6,3.51379577295008e+29,3.51379577295008e+29,2.7450480245293955e+28,12.800489250283613,True,,,,,C:\Research\bts_vlass_cross_matching\gaussian_adjusted_luminosity_arrays\ZTF21acjnzdh_epoch_1_gaussian_adjusted_13x13_lum.npy
ZTF21acjnzdh,2,06:48:24.45,+77:51:45.7,SN Ia,0.095,407.1428571428572,-377.5794858470151,3.780571242889352e+29,3.1137177769224404e+28,1.906103687360883,0.1569909624105815,final_luminosity_arrays\ZTF21acjnzdh_epoch_2_lum.npy,dillon_extracting_files\dillon_fits\ztf_cutouts\ztf_cutouts_no_interp\ZTF21acjnzdh_epoch_2.fits,3.780571242889352e+29,True,False,False,,True,14.0,14.0,3.7805712428893515e+29,True,6,6,3.7805712428893515e+29,3.7805712428893515e+29,3.1137630225390635e+28,12.141486733330627,True,,,,,C:\Research\bts_vlass_cross_matching\gaussian_adjusted_luminosity_arrays\ZTF21acjnzdh_epoch_2_gaussian_adjusted_13x13_lum.npy
ZTF21acjnzdh,3,06:48:24.45,+77:51:45.7,SN Ia,0.095,407.1428571428572,430.6396922351767,3.910126063319189e+29,3.659269751568302e+28,1.9714231602847576,0.1844972220271159,final_luminosity_arrays\ZTF21acjnzdh_epoch_3_lum.npy,dillon_extracting_files\dillon_fits\ztf_cutouts\ztf_cutouts_no_interp\ZTF21acjnzdh_epoch_3.fits,3.910126063319189e+29,True,False,False,,True,14.0,14.0,3.910126063319189e+29,True,6,6,3.910126063319189e+29,3.910126063319189e+29,3.659322924632839e+28,10.685381268206918,True,,,,,C:\Research\bts_vlass_cross_matching\gaussian_adjusted_luminosity_arrays\ZTF21acjnzdh_epoch_3_gaussian_adjusted_13x13_lum.npy
ZTF21acpocmd,1,09:49:00.14,+39:14:24.0,SN Ia,0.04114,176.31428571428572,-896.5883454673273,1.9651946157736728e+28,4.866391432885037e+27,0.5283397622406482,0.1308341389146074,final_luminosity_arrays\ZTF21acpocmd_epoch_1_lum.npy,dillon_extracting_files\dillon_fits\ztf_cutouts\ztf_cutouts_no_interp\ZTF21acpocmd_epoch_1.fits,1.6701360641204445e+28,True,False,False,,True,14.0,13.0,1.9651946157736734e+28,True,6,5,1.9651946157736734e+28,1.9651946157736734e+28,4.866462146705908e+27,4.038240833957595,True,,,,,C:\Research\bts_vlass_cross_matching\gaussian_adjusted_luminosity_arrays\ZTF21acpocmd_epoch_1_gaussian_adjusted_13x13_lum.npy
ZTF21acpocmd,2,09:49:00.14,+39:14:24.0,SN Ia,0.04114,176.31428571428572,20.675423094057404,2.138217456310634e+28,4.631474821783503e+27,0.5748567054979502,0.1245183476441987,final_luminosity_arrays\ZTF21acpocmd_epoch_2_lum.npy,dillon_extracting_files\dillon_fits\ztf_cutouts\ztf_cutouts_no_interp\ZTF21acpocmd_epoch_2.fits,1.947022730404817e+28,True,False,False,,True,15.0,14.0,2.138217456310634e+28,True,7,6,2.138217456310634e+28,2.138217456310634e+28,4.6315421220172456e+27,4.616642578172955,True,,,,,C:\Research\bts_vlass_cross_matching\gaussian_adjusted_luminosity_arrays\ZTF21acpocmd_epoch_2_gaussian_adjusted_13x13_lum.npy
ZTF21acpocmd,3,09:49:00.14,+39:14:24.0,SN Ia,0.04114,176.31428571428572,953.306961599926,2.217351933765523e+28,5.26241061363206e+27,0.5961318966001271,0.1414812126696234,final_luminosity_arrays\ZTF21acpocmd_epoch_3_lum.npy,dillon_extracting_files\dillon_fits\ztf_cutouts\ztf_cutouts_no_interp\ZTF21acpocmd_epoch_3.fits,1.9283966128539104e+28,True,False,False,,True,15.0,14.0,2.217351933765523e+28,True,7,6,2.217351933765523e+28,2.217351933765523e+28,5.262487082030998e+27,4.213505704055355,True,,,,,C:\Research\bts_vlass_cross_matching\gaussian_adjusted_luminosity_arrays\ZTF21acpocmd_epoch_3_gaussian_adjusted_13x13_lum.npy
ZTF22aaaeewn,1,15:04:46.55,+18:19:52.6,SN Ia,0.072,308.57142857142856,-967.7742537312598,1.0043926325282706e+29,1.9271526811164683e+28,0.8816065965220332,0.1691584694356024,final_luminosity_arrays\ZTF22aaaeewn_epoch_1_lum.npy,dillon_extracting_files\dillon_fits\ztf_cutouts\ztf_cutouts_no_interp\ZTF22aaaeewn_epoch_1.fits,3.4167723676547883e+28,True,True,True,,False,12.0,12.0,1.275088365244724e+29,True,5,5,5.547261402636905e+28,5.547261402636905e+28,1.8738461748027024e+28,2.960361142355229,False,1.004371047141857e+29,1.1385232454455214,1.0938560438824734,2.7071731810286695e+28,C:\Research\bts_vlass_cross_matching\gaussian_adjusted_luminosity_arrays\ZTF22aaaeewn_epoch_1_gaussian_adjusted_13x13_lum.npy
ZTF22aaaeewn,2,15:04:46.55,+18:19:52.6,SN Ia,0.072,308.57142857142856,-39.60261194021511,6.27068539284768e+28,1.7484864373450368e+28,0.5504100117832422,0.1534757948699969,final_luminosity_arrays\ZTF22aaaeewn_epoch_2_lum.npy,dillon_extracting_files\dillon_fits\ztf_cutouts\ztf_cutouts_no_interp\ZTF22aaaeewn_epoch_2.fits,2.348165266296827e+28,False,False,False,Original Detection is False; no Gaussian subtraction attempted,,,,,False,4,5,9.807807397446209e+28,6.2706853928476795e+28,1.7485118447045622e+28,3.586298492537354,False,,,,,C:\Research\bts_vlass_cross_matching\gaussian_adjusted_luminosity_arrays\ZTF22aaaeewn_epoch_2_gaussian_adjusted_13x13_lum.npy
ZTF22aaaeewn,3,15:04:46.55,+18:19:52.6,SN Ia,0.072,308.57142857142856,817.67350746277,9.163569490340856e+28,1.460077058133191e+28,0.8043331908993423,0.1281602660920258,final_luminosity_arrays\ZTF22aaaeewn_epoch_3_lum.npy,dillon_extracting_files\dillon_fits\ztf_cutouts\ztf_cutouts_no_interp\ZTF22aaaeewn_epoch_3.fits,4.668542083061243e+28,True,False,False,,True,13.0,13.0,9.163569490340856e+28,True,5,5,9.163569490340856e+28,9.163569490340856e+28,1.46009827459902e+28,6.275995013320185,True,,,,,C:\Research\bts_vlass_cross_matching\gaussian_adjusted_luminosity_arrays\ZTF22aaaeewn_epoch_3_gaussian_adjusted_13x13_lum.npy
ZTF22aaafdwm,1,12:27:40.49,+30:56:00.0,SN Ia,0.03,128.57142857142858,-1482.0582524272024,3.1061997698807005e+27,2.5045027621229594e+27,0.1570446620462462,0.1266256307864981,final_luminosity_arrays\ZTF22aaafdwm_epoch_1_lum.npy,dillon_extracting_files\dillon_fits\ztf_cutouts\ztf_cutouts_no_interp\ZTF22aaafdwm_epoch_1.fits,-1.4178947615746044e+27,False,False,False,Original Detection is False; no Gaussian subtraction attempted,,,,,False,1,10,8.104056075757093e+27,3.1061997698807005e+27,2.504539155200281e+27,1.24022807286968,False,,,,,C:\Research\bts_vlass_cross_matching\gaussian_adjusted_luminosity_arrays\ZTF22aaafdwm_epoch_1_gaussian_adjusted_13x13_lum.npy
ZTF22aaafdwm,2,12:27:40.49,+30:56:00.0,SN Ia,0.03,128.57142857142858,-479.14563106797925,1.2033143728357944e+28,2.878436144979884e+27,0.6083771586418152,0.1455313997049764,final_luminosity_arrays\ZTF22aaafdwm_epoch_2_lum.npy,dillon_extracting_files\dillon_fits\ztf_cutouts\ztf_cutouts_no_interp\ZTF22aaafdwm_epoch_2.fits,7.853895368672805e+27,True,False,False,,True,13.0,14.0,1.2033143728357944e+28,True,5,6,1.2033143728357944e+28,1.2033143728357944e+28,2.878477971705241e+27,4.180384163659026,True,,,,,C:\Research\bts_vlass_cross_matching\gaussian_adjusted_luminosity_arrays\ZTF22aaafdwm_epoch_2_gaussian_adjusted_13x13_lum.npy
ZTF22aaafdwm,3,12:27:40.49,+30:56:00.0,SN Ia,0.03,128.57142857142858,348.0388349514382,1.773505966706269e+27,2.454892638525615e+27,0.0896657220437191,0.1241173831259585,final_luminosity_arrays\ZTF22aaafdwm_epoch_3_lum.npy,dillon_extracting_files\dillon_fits\ztf_cutouts\ztf_cutouts_no_interp\ZTF22aaafdwm_epoch_3.fits,5.395453271012341e+26,False,False,False,Original Detection is False; no Gaussian subtraction attempted,,,,,False,1,6,6.822180834347731e+27,1.773505966706269e+27,2.454928310715305e+27,0.7224267849147553,False,,,,,C:\Research\bts_vlass_cross_matching\gaussian_adjusted_luminosity_arrays\ZTF22aaafdwm_epoch_3_gaussian_adjusted_13x13_lum.npy
ZTF22aaagqyx,1,04:54:21.30,-14:19:55.6,SN Ia,0.056,240.0,-1412.0549242423183,5.607872673522075e+28,9.674148941800568e+27,0.8136889082379639,0.1403716263491951,final_luminosity_arrays\ZTF22aaagqyx_epoch_1_lum.npy,dillon_extracting_files\dillon_fits\ztf_cutouts\ztf_cutouts_no_interp\ZTF22aaagqyx_epoch_1.fits,3.442821280078614e+28,True,False,False,,True,13.0,14.0,5.607872673522075e+28,True,5,6,5.607872673522075e+28,5.607872673522075e+28,9.674289517429303e+27,5.796676503653185,True,,,,,C:\Research\bts_vlass_cross_matching\gaussian_adjusted_luminosity_arrays\ZTF22aaagqyx_epoch_1_gaussian_adjusted_13x13_lum.npy
ZTF22aaagqyx,2,04:54:21.30,-14:19:55.6,SN Ia,0.056,240.0,-452.77462121201535,5.228838273969196e+28,1.182172664495675e+28,0.7586919236928225,0.1715329178195737,final_luminosity_arrays\ZTF22aaagqyx_epoch_2_lum.npy,dillon_extracting_files\dillon_fits\ztf_cutouts\ztf_cutouts_no_interp\ZTF22aaagqyx_epoch_2.fits,3.26635448515236e+28,True,False,False,,True,13.0,14.0,5.228838273969196e+28,True,5,6,5.228838273969196e+28,5.228838273969196e+28,1.1821898427163726e+28,4.42301065787763,True,,,,,C:\Research\bts_vlass_cross_matching\gaussian_adjusted_luminosity_arrays\ZTF22aaagqyx_epoch_2_gaussian_adjusted_13x13_lum.npy
ZTF22aaagqyx,3,04:54:21.30,-14:19:55.6,SN Ia,0.056,240.0,383.39962121222703,4.120331915595988e+28,1.0662252731202063e+28,0.5978503031656146,0.1547089842661051,final_luminosity_arrays\ZTF22aaagqyx_epoch_3_lum.npy,dillon_extracting_files\dillon_fits\ztf_cutouts\ztf_cutouts_no_interp\ZTF22aaagqyx_epoch_3.fits,1.5231825061369232e+28,False,False,False,Original Detection is False; no Gaussian subtraction attempted,,,,,False,4,6,5.18023066582071e+28,4.120331915595988e+28,1.0662407665025228e+28,3.8643541356156157,False,,,,,C:\Research\bts_vlass_cross_matching\gaussian_adjusted_luminosity_arrays\ZTF22aaagqyx_epoch_3_gaussian_adjusted_13x13_lum.npy
ZTF22aaagrce,1,02:45:09.38,+13:14:19.1,SN Ib,0.035,150.00000000000003,-1413.3545893721357,1.6889572764855125e+27,3.196195201249148e+27,0.0627362969680689,0.1187243560486312,final_luminosity_arrays\ZTF22aaagrce_epoch_1_lum.npy,dillon_extracting_files\dillon_fits\ztf_cutouts\ztf_cutouts_no_interp\ZTF22aaagrce_epoch_1.fits,1.6889572764855125e+27,False,False,False,Original Detection is False; no Gaussian subtraction attempted,,,,,False,0,12,8.347264228546006e+27,1.6889572764855125e+27,3.1962416453500894e+27,0.528419770433383,False,,,,,C:\Research\bts_vlass_cross_matching\gaussian_adjusted_luminosity_arrays\ZTF22aaagrce_epoch_1_gaussian_adjusted_13x13_lum.npy
ZTF22aaagrce,2,02:45:09.38,+13:14:19.1,SN Ib,0.035,150.00000000000003,-504.1758454107828,1.18735535203085e+28,5.069778961987872e+27,0.4410429974086582,0.1883196127494557,final_luminosity_arrays\ZTF22aaagrce_epoch_2_lum.npy,dillon_extracting_files\dillon_fits\ztf_cutouts\ztf_cutouts_no_interp\ZTF22aaagrce_epoch_2.fits,1.18735535203085e+28,False,False,False,Original Detection is False; no Gaussian subtraction attempted,,,,,False,6,1,1.5295168494248714e+28,1.18735535203085e+28,5.069852631244922e+27,2.3419918455091078,False,,,,,C:\Research\bts_vlass_cross_matching\gaussian_adjusted_luminosity_arrays\ZTF22aaagrce_epoch_2_gaussian_adjusted_13x13_lum.npy
ZTF22aaagrce,3,02:45:09.38,+13:14:19.1,SN Ib,0.035,150.00000000000003,376.9835748790723,2.568155299599819e+28,3.67090725928445e+27,0.9539409657008946,0.1363577857517779,final_luminosity_arrays\ZTF22aaagrce_epoch_3_lum.npy,dillon_extracting_files\dillon_fits\ztf_cutouts\ztf_cutouts_no_interp\ZTF22aaagrce_epoch_3.fits,2.323264485431227e+28,True,False,False,,True,13.0,14.0,2.568155299599819e+28,True,5,6,2.568155299599819e+28,2.568155299599819e+28,3.6709606014543e+27,6.995867235901169,True,,,,,C:\Research\bts_vlass_cross_matching\gaussian_adjusted_luminosity_arrays\ZTF22aaagrce_epoch_3_gaussian_adjusted_13x13_lum.npy
ZTF22aaagxev,1,03:06:52.09,+24:30:19.7,SN Ia,0.051,218.57142857142856,-1005.932445290076,4.205812664477095e+28,7.926213615055188e+27,0.735776440706104,0.1386653769724695,final_luminosity_arrays\ZTF22aaagxev_epoch_1_lum.npy,dillon_extracting_files\dillon_fits\ztf_cutouts\ztf_cutouts_no_interp\ZTF22aaagxev_epoch_1.fits,2.4291452580373653e+28,True,False,False,,True,15.0,15.0,4.205812664477095e+28,True,7,7,4.205812664477095e+28,4.205812664477095e+28,7.926328791332619e+27,5.30612945185433,True,,,,,C:\Research\bts_vlass_cross_matching\gaussian_adjusted_luminosity_arrays\ZTF22aaagxev_epoch_1_gaussian_adjusted_13x13_lum.npy
ZTF22aaagxev,2,03:06:52.09,+24:30:19.7,SN Ia,0.051,218.57142857142856,-55.40913415782076,4.558724081041154e+28,6.478411965381675e+27,0.7975157350301743,0.1133367684737011,final_luminosity_arrays\ZTF22aaagxev_epoch_2_lum.npy,dillon_extracting_files\dillon_fits\ztf_cutouts\ztf_cutouts_no_interp\ZTF22aaagxev_epoch_2.fits,3.433180838400569e+28,True,False,False,,True,15.0,14.0,4.558724081041154e+28,True,7,6,4.558724081041154e+28,4.558724081041154e+28,6.478506103567959e+27,7.036690261865296,True,,,,,C:\Research\bts_vlass_cross_matching\gaussian_adjusted_luminosity_arrays\ZTF22aaagxev_epoch_2_gaussian_adjusted_13x13_lum.npy
ZTF22aaagxev,3,03:06:52.09,+24:30:19.7,SN Ia,0.051,218.57142857142856,857.0551855377074,3.349535343060781e+28,7.117786448251566e+27,0.5859769298695028,0.124522324150037,final_luminosity_arrays\ZTF22aaagxev_epoch_3_lum.npy,dillon_extracting_files\dillon_fits\ztf_cutouts\ztf_cutouts_no_interp\ZTF22aaagxev_epoch_3.fits,2.3078215921597788e+28,True,False,False,,True,15.0,15.0,3.349535343060781e+28,True,7,7,3.349535343060781e+28,3.349535343060781e+28,7.117889877226164e+27,4.705798208226976,True,,,,,C:\Research\bts_vlass_cross_matching\gaussian_adjusted_luminosity_arrays\ZTF22aaagxev_epoch_3_gaussian_adjusted_13x13_lum.npy
ZTF22aaaifln,1,04:33:14.20,+76:33:59.1,SN II,0.0263,112.71428571428572,-1550.201695410764,1.4306766242924809e+28,2.927762841137816e+27,0.9411661303602156,0.1926047590010009,final_luminosity_arrays\ZTF22aaaifln_epoch_1_lum.npy,dillon_extracting_files\dillon_fits\ztf_cutouts\ztf_cutouts_no_interp\ZTF22aaaifln_epoch_1.fits,8.987990542384975e+27,True,True,True,,False,16.0,13.0,1.5749934679237196e+28,False,10,3,1.2202596099377303e+28,9.371147614216123e+27,2.8726732542888463e+27,3.262169688190322,False,7.191868403537345e+27,1.0598849409482534,1.2270108915753264,8.558066275699851e+27,C:\Research\bts_vlass_cross_matching\gaussian_adjusted_luminosity_arrays\ZTF22aaaifln_epoch_1_gaussian_adjusted_13x13_lum.npy
ZTF22aaaifln,2,04:33:14.20,+76:33:59.1,SN II,0.0263,112.71428571428572,-497.8778135048885,1.256757834290355e+28,3.184427695856424e+27,0.8267541998066006,0.209489621324034,final_luminosity_arrays\ZTF22aaaifln_epoch_2_lum.npy,dillon_extracting_files\dillon_fits\ztf_cutouts\ztf_cutouts_no_interp\ZTF22aaaifln_epoch_2.fits,1.1662366815133531e+28,False,False,False,Original Detection is False; no Gaussian subtraction attempted,,,,,False,7,9,1.2854551398429087e+28,1.256757834290355e+28,3.1844739689630497e+27,3.9465162740821182,False,,,,,C:\Research\bts_vlass_cross_matching\gaussian_adjusted_luminosity_arrays\ZTF22aaaifln_epoch_2_gaussian_adjusted_13x13_lum.npy
ZTF22aaaifln,3,04:33:14.20,+76:33:59.1,SN II,0.0263,112.71428571428572,370.2893890674588,1.2101429953778905e+28,3.0479858462438905e+27,0.7960887742228804,0.2005137066109216,final_luminosity_arrays\ZTF22aaaifln_epoch_3_lum.npy,dillon_extracting_files\dillon_fits\ztf_cutouts\ztf_cutouts_no_interp\ZTF22aaaifln_epoch_3.fits,7.331758134619239e+27,False,False,False,Original Detection is False; no Gaussian subtraction attempted,,,,,False,8,4,1.6500540578262846e+28,1.2101429953778905e+28,3.048030136705954e+27,3.970246162610806,False,,,,,C:\Research\bts_vlass_cross_matching\gaussian_adjusted_luminosity_arrays\ZTF22aaaifln_epoch_3_gaussian_adjusted_13x13_lum.npy
ZTF22aaaiykj,1,10:30:26.96,+07:10:21.1,SN Ia,0.03,128.57142857142858,-1477.139805825156,2.8290302743634266e+27,2.3945846702063035e+27,0.1430314005119726,0.1210682611024668,final_luminosity_arrays\ZTF22aaaiykj_epoch_1_lum.npy,dillon_extracting_files\dillon_fits\ztf_cutouts\ztf_cutouts_no_interp\ZTF22aaaiykj_epoch_1.fits,2.8290302743634266e+27,False,False,False,Original Detection is False; no Gaussian subtraction attempted,,,,,False,11,8,4.7852968703546404e+27,2.8290302743634266e+27,2.3946194660573492e+27,1.1814112072768366,False,,,,,C:\Research\bts_vlass_cross_matching\gaussian_adjusted_luminosity_arrays\ZTF22aaaiykj_epoch_1_gaussian_adjusted_13x13_lum.npy
ZTF22aaaiykj,2,10:30:26.96,+07:10:21.1,SN Ia,0.03,128.57142857142858,-519.8582524270977,1.158881320947108e+28,2.8921196029570145e+27,0.5859124939888716,0.1462232242555015,final_luminosity_arrays\ZTF22aaaiykj_epoch_2_lum.npy,dillon_extracting_files\dillon_fits\ztf_cutouts\ztf_cutouts_no_interp\ZTF22aaaiykj_epoch_2.fits,6.477597301587828e+27,True,False,False,,True,15.0,14.0,1.158881320947108e+28,True,7,6,1.158881320947108e+28,1.158881320947108e+28,2.892161628517507e+27,4.006972879801116,True,,,,,C:\Research\bts_vlass_cross_matching\gaussian_adjusted_luminosity_arrays\ZTF22aaaiykj_epoch_2_gaussian_adjusted_13x13_lum.npy
ZTF22aaaiykj,3,10:30:26.96,+07:10:21.1,SN Ia,0.03,128.57142857142858,352.95728155348485,5.156777803824818e+27,5.592120869992753e+27,0.2607187198009341,0.2827331010794902,final_luminosity_arrays\ZTF22aaaiykj_epoch_3_lum.npy,dillon_extracting_files\dillon_fits\ztf_cutouts\ztf_cutouts_no_interp\ZTF22aaaiykj_epoch_3.fits,-1.8433161351932189e+27,False,False,False,Original Detection is False; no Gaussian subtraction attempted,,,,,False,0,12,1.296993922916774e+28,5.156777803824818e+27,5.59220212943087e+27,0.9221372340397922,False,,,,,C:\Research\bts_vlass_cross_matching\gaussian_adjusted_luminosity_arrays\ZTF22aaaiykj_epoch_3_gaussian_adjusted_13x13_lum.npy
ZTF22aabdvnv,1,10:10:38.27,+16:41:06.0,SN Ib,0.018,77.14285714285714,-1018.8654223969296,4.8436985413440623e+27,1.0638403003184304e+27,0.68024976644665,0.1494080660565172,final_luminosity_arrays\ZTF22aabdvnv_epoch_1_lum.npy,dillon_extracting_files\dillon_fits\ztf_cutouts\ztf_cutouts_no_interp\ZTF22aabdvnv_epoch_1.fits,2.4169979467862315e+27,True,True,True,,False,14.0,12.0,4.8631407243563624e+27,False,1,6,2.3911379108272834e+27,1.254204626670724e+27,9.576688114286021e+26,1.3096433878845493,False,4.152098800096778e+27,2.637495304136405,1.7037531882002084,0.0,C:\Research\bts_vlass_cross_matching\gaussian_adjusted_luminosity_arrays\ZTF22aabdvnv_epoch_1_gaussian_adjusted_13x13_lum.npy
ZTF22aabdvnv,2,10:10:38.27,+16:41:06.0,SN Ib,0.018,77.14285714285714,-88.61001964643862,5.384815331905923e+27,9.52476580969954e+26,0.7562442915514112,0.1337679009567966,final_luminosity_arrays\ZTF22aabdvnv_epoch_2_lum.npy,dillon_extracting_files\dillon_fits\ztf_cutouts\ztf_cutouts_no_interp\ZTF22aabdvnv_epoch_2.fits,5.186215685057691e+27,True,False,False,,True,15.0,15.0,5.384815331905923e+27,True,7,7,5.384815331905923e+27,5.384815331905923e+27,9.524904214633174e+26,5.653406281643436,True,,,,,C:\Research\bts_vlass_cross_matching\gaussian_adjusted_luminosity_arrays\ZTF22aabdvnv_epoch_2_gaussian_adjusted_13x13_lum.npy
ZTF22aabdvnv,3,10:10:38.27,+16:41:06.0,SN Ib,0.018,77.14285714285714,818.0697445971763,5.667938676774371e+27,1.092094585572512e+27,0.7960061775520444,0.1533761598731906,final_luminosity_arrays\ZTF22aabdvnv_epoch_3_lum.npy,dillon_extracting_files\dillon_fits\ztf_cutouts\ztf_cutouts_no_interp\ZTF22aabdvnv_epoch_3.fits,5.667938676774371e+27,True,False,False,,True,14.0,14.0,5.667938676774371e+27,True,6,6,5.667938676774371e+27,5.667938676774371e+27,1.0921104548633332e+27,5.189895080240448,True,,,,,C:\Research\bts_vlass_cross_matching\gaussian_adjusted_luminosity_arrays\ZTF22aabdvnv_epoch_3_gaussian_adjusted_13x13_lum.npy
ZTF22aabnvrz,1,10:21:42.95,+24:40:06.2,SN Ia,0.059,252.8571428571429,-981.5110198298612,3.584308306236739e+28,1.044074414920734e+28,0.4685302556026725,0.1364803245161224,final_luminosity_arrays\ZTF22aabnvrz_epoch_1_lum.npy,dillon_extracting_files\dillon_fits\ztf_cutouts\ztf_cutouts_no_interp\ZTF22aabnvrz_epoch_1.fits,1.769431303455088e+28,False,False,False,Original Detection is False; no Gaussian subtraction attempted,,,,,True,5,7,3.584308306236739e+28,3.584308306236739e+28,1.0440895864276233e+28,3.4329509199498225,False,,,,,C:\Research\bts_vlass_cross_matching\gaussian_adjusted_luminosity_arrays\ZTF22aabnvrz_epoch_1_gaussian_adjusted_13x13_lum.npy
ZTF22aabnvrz,2,10:21:42.95,+24:40:06.2,SN Ia,0.059,252.8571428571429,-78.77258734638619,4.122662671489415e+28,8.626954095108383e+27,0.5389023572206495,0.1127706490705906,final_luminosity_arrays\ZTF22aabnvrz_epoch_2_lum.npy,dillon_extracting_files\dillon_fits\ztf_cutouts\ztf_cutouts_no_interp\ZTF22aabnvrz_epoch_2.fits,2.810562518185072e+28,True,False,False,,True,13.0,14.0,4.122662671489415e+28,True,5,6,4.122662671489415e+28,4.122662671489415e+28,8.627079453887049e+27,4.778746612368213,True,,,,,C:\Research\bts_vlass_cross_matching\gaussian_adjusted_luminosity_arrays\ZTF22aabnvrz_epoch_2_gaussian_adjusted_13x13_lum.npy
ZTF22aabnvrz,3,10:21:42.95,+24:40:06.2,SN Ia,0.059,252.8571428571429,787.1386496696667,3.039474898040609e+28,1.0037644778547253e+28,0.3973112325184045,0.1312110513557308,final_luminosity_arrays\ZTF22aabnvrz_epoch_3_lum.npy,dillon_extracting_files\dillon_fits\ztf_cutouts\ztf_cutouts_no_interp\ZTF22aabnvrz_epoch_3.fits,1.591717946265642e+28,False,False,False,Original Detection is False; no Gaussian subtraction attempted,,,,,True,5,6,3.0394748980406095e+28,3.0394748980406095e+28,1.0037790636155423e+28,3.028031773339277,False,,,,,C:\Research\bts_vlass_cross_matching\gaussian_adjusted_luminosity_arrays\ZTF22aabnvrz_epoch_3_gaussian_adjusted_13x13_lum.npy
ZTF22aabseql,1,12:00:13.17,+56:15:03.1,SN Ia,0.06484,277.8857142857143,-1459.891570564579,8.085486072868674e+28,3.1271483804391554e+28,0.8750974666327238,0.3384582405996638,final_luminosity_arrays\ZTF22aabseql_epoch_1_lum.npy,dillon_extracting_files\dillon_fits\ztf_cutouts\ztf_cutouts_no_interp\ZTF22aabseql_epoch_1.fits,5.913083720238623e+28,False,False,False,Original Detection is False; no Gaussian subtraction attempted,,,,,False,5,0,1.8172935670643886e+29,8.085486072868674e+28,3.127193821216672e+28,2.5855404350098516,False,,,,,C:\Research\bts_vlass_cross_matching\gaussian_adjusted_luminosity_arrays\ZTF22aabseql_epoch_1_gaussian_adjusted_13x13_lum.npy
ZTF22aabseql,2,12:00:13.17,+56:15:03.1,SN Ia,0.06484,277.8857142857143,-516.087806618822,1.020647152211331e+29,3.944736664932405e+28,1.104653114452958,0.4269476432885193,final_luminosity_arrays\ZTF22aabseql_epoch_2_lum.npy,dillon_extracting_files\dillon_fits\ztf_cutouts\ztf_cutouts_no_interp\ZTF22aabseql_epoch_2.fits,5.95776507596914e+28,False,False,False,Original Detection is False; no Gaussian subtraction attempted,,,,,False,6,0,1.9020293810817436e+29,1.020647152211331e+29,3.944793986133495e+28,2.587326881451982,False,,,,,C:\Research\bts_vlass_cross_matching\gaussian_adjusted_luminosity_arrays\ZTF22aabseql_epoch_2_gaussian_adjusted_13x13_lum.npy
ZTF22aabseql,3,12:00:13.17,+56:15:03.1,SN Ia,0.06484,277.8857142857143,329.1095939296172,1.2067170326457596e+29,2.891991410736015e+28,1.3060377677902577,0.3130066775307901,final_luminosity_arrays\ZTF22aabseql_epoch_3_lum.npy,dillon_extracting_files\dillon_fits\ztf_cutouts\ztf_cutouts_no_interp\ZTF22aabseql_epoch_3.fits,7.342230973933023e+28,True,True,True,,False,13.0,8.0,1.4801802674346496e+29,False,4,6,1.3012546394235088e+29,1.205799477220175e+29,2.6945271098883866e+28,4.474994787750055,False,1.0804272888934172e+29,1.329565855225449,1.0124423845117396,3.997529785412325e+28,C:\Research\bts_vlass_cross_matching\gaussian_adjusted_luminosity_arrays\ZTF22aabseql_epoch_3_gaussian_adjusted_13x13_lum.npy
ZTF22aacmgor,1,08:00:27.02,-03:22:56.1,SN Ia,0.054,231.42857142857144,-1428.1646110059116,5.486841222189848e+28,1.1769406225471473e+28,0.856192025821656,0.183657914972439,final_luminosity_arrays\ZTF22aacmgor_epoch_1_lum.npy,dillon_extracting_files\dillon_fits\ztf_cutouts\ztf_cutouts_no_interp\ZTF22aacmgor_epoch_1.fits,2.624603876448631e+28,True,False,False,,True,14.0,13.0,5.486841222189848e+28,True,6,5,5.486841222189848e+28,5.486841222189848e+28,1.1769577247407344e+28,4.661884710768617,True,,,,,C:\Research\bts_vlass_cross_matching\gaussian_adjusted_luminosity_arrays\ZTF22aacmgor_epoch_1_gaussian_adjusted_13x13_lum.npy
ZTF22aacmgor,2,08:00:27.02,-03:22:56.1,SN Ia,0.054,231.42857142857144,-560.0431688806746,5.965366111781999e+28,1.231617014246048e+28,0.9308632579632105,0.1921899954404442,final_luminosity_arrays\ZTF22aacmgor_epoch_2_lum.npy,dillon_extracting_files\dillon_fits\ztf_cutouts\ztf_cutouts_no_interp\ZTF22aacmgor_epoch_2.fits,1.580708851146588e+28,True,False,False,,True,14.0,13.0,5.965366111781999e+28,True,6,5,5.965366111781999e+28,5.965366111781999e+28,1.231634910945507e+28,4.843453249634244,True,,,,,C:\Research\bts_vlass_cross_matching\gaussian_adjusted_luminosity_arrays\ZTF22aacmgor_epoch_2_gaussian_adjusted_13x13_lum.npy
ZTF22aacmgor,3,08:00:27.02,-03:22:56.1,SN Ia,0.054,231.42857142857144,318.5147058821338,6.37368391036465e+28,9.062424528144898e+27,0.9945790516212584,0.1414163095018421,final_luminosity_arrays\ZTF22aacmgor_epoch_3_lum.npy,dillon_extracting_files\dillon_fits\ztf_cutouts\ztf_cutouts_no_interp\ZTF22aacmgor_epoch_3.fits,3.076893942103068e+28,True,False,False,,True,14.0,13.0,6.37368391036465e+28,True,6,5,6.37368391036465e+28,6.37368391036465e+28,9.062556214770104e+27,7.032986896099862,True,,,,,C:\Research\bts_vlass_cross_matching\gaussian_adjusted_luminosity_arrays\ZTF22aacmgor_epoch_3_gaussian_adjusted_13x13_lum.npy
ZTF22aadpgmo,1,11:55:24.94,+54:34:04.0,SN Ia,0.078,334.2857142857143,-1532.867346938651,6.932307369422426e+28,1.724427129582964e+28,0.5184715264476836,0.1289728383651077,final_luminosity_arrays\ZTF22aadpgmo_epoch_1_lum.npy,dillon_extracting_files\dillon_fits\ztf_cutouts\ztf_cutouts_no_interp\ZTF22aadpgmo_epoch_1.fits,6.932307369422426e+28,True,False,False,,True,14.0,14.0,6.932307369422426e+28,True,6,6,6.932307369422426e+28,6.932307369422426e+28,1.7244521873352696e+28,4.020005553261907,True,,,,,C:\Research\bts_vlass_cross_matching\gaussian_adjusted_luminosity_arrays\ZTF22aadpgmo_epoch_1_gaussian_adjusted_13x13_lum.npy
ZTF22aadpgmo,2,11:55:24.94,+54:34:04.0,SN Ia,0.078,334.2857142857143,-564.4072356213969,4.516828357431296e+28,2.7850542383599974e+28,0.3378163673914969,0.2082989440144858,final_luminosity_arrays\ZTF22aadpgmo_epoch_2_lum.npy,dillon_extracting_files\dillon_fits\ztf_cutouts\ztf_cutouts_no_interp\ZTF22aadpgmo_epoch_2.fits,2.6103466048431125e+28,False,False,False,Original Detection is False; no Gaussian subtraction attempted,,,,,False,12,0,8.45656273293836e+28,4.516828357431296e+28,2.785094708147363e+28,1.6217862696798118,False,,,,,C:\Research\bts_vlass_cross_matching\gaussian_adjusted_luminosity_arrays\ZTF22aadpgmo_epoch_2_gaussian_adjusted_13x13_lum.npy
ZTF22aadpgmo,3,11:55:24.94,+54:34:04.0,SN Ia,0.078,334.2857142857143,289.9526901671003,2.0279640501253807e+28,1.6513088029393766e+28,0.1516726770205423,0.1235041943372147,final_luminosity_arrays\ZTF22aadpgmo_epoch_3_lum.npy,dillon_extracting_files\dillon_fits\ztf_cutouts\ztf_cutouts_no_interp\ZTF22aadpgmo_epoch_3.fits,-1.5502045093176695e+28,False,False,False,Original Detection is False; no Gaussian subtraction attempted,,,,,False,5,12,4.252497002123986e+28,2.0279640501253807e+28,1.6513327982049657e+28,1.2280771340155183,False,,,,,C:\Research\bts_vlass_cross_matching\gaussian_adjusted_luminosity_arrays\ZTF22aadpgmo_epoch_3_gaussian_adjusted_13x13_lum.npy
ZTF22aadqlhy,1,15:21:33.14,-07:26:52.0,SN Ib-pec,0.006,25.714285714285715,-1015.3081510933469,3.5427966420581136e+26,1.253446523965163e+26,0.4477958136703819,0.1584331021257224,final_luminosity_arrays\ZTF22aadqlhy_epoch_1_lum.npy,dillon_extracting_files\dillon_fits\ztf_cutouts\ztf_cutouts_no_interp\ZTF22aadqlhy_epoch_1.fits,2.064305433864888e+26,False,False,False,Original Detection is False; no Gaussian subtraction attempted,,,,,False,2,3,4.2321020931517645e+26,3.5427966420581136e+26,1.2534647378705154e+26,2.8264031169132813,False,,,,,C:\Research\bts_vlass_cross_matching\gaussian_adjusted_luminosity_arrays\ZTF22aadqlhy_epoch_1_gaussian_adjusted_13x13_lum.npy
ZTF22aadqlhy,2,15:21:33.14,-07:26:52.0,SN Ib-pec,0.006,25.714285714285715,-140.55666003966886,2.921167723305568e+26,1.004652608288897e+26,0.3692243190016598,0.1269860550463595,final_luminosity_arrays\ZTF22aadqlhy_epoch_2_lum.npy,dillon_extracting_files\dillon_fits\ztf_cutouts\ztf_cutouts_no_interp\ZTF22aadqlhy_epoch_2.fits,2.526773673279934e+26,False,False,False,Original Detection is False; no Gaussian subtraction attempted,,,,,False,12,3,3.165739702510309e+26,2.921167723305568e+26,1.00466720695519e+26,2.907597364662324,False,,,,,C:\Research\bts_vlass_cross_matching\gaussian_adjusted_luminosity_arrays\ZTF22aadqlhy_epoch_2_gaussian_adjusted_13x13_lum.npy
ZTF22aadqlhy,3,15:21:33.14,-07:26:52.0,SN Ib-pec,0.006,25.714285714285715,788.8667992048639,5.851820730020487e+26,1.2935464669541784e+26,0.7396475411951542,0.1635016537083752,final_luminosity_arrays\ZTF22aadqlhy_epoch_3_lum.npy,dillon_extracting_files\dillon_fits\ztf_cutouts\ztf_cutouts_no_interp\ZTF22aadqlhy_epoch_3.fits,5.164830531747174e+26,True,False,False,,True,14.0,15.0,5.851820730020487e+26,True,6,7,5.851820730020487e+26,5.851820730020487e+26,1.2935652635541671e+26,4.523792416891416,True,,,,,C:\Research\bts_vlass_cross_matching\gaussian_adjusted_luminosity_arrays\ZTF22aadqlhy_epoch_3_gaussian_adjusted_13x13_lum.npy
ZTF22aaedtvn,1,17:57:40.56,+31:16:48.3,SN Ia,0.078,334.2857142857143,-1519.1125046381474,1.9467570138250613e+29,2.1115957738493054e+28,1.45599152892828,0.157929839864543,final_luminosity_arrays\ZTF22aaedtvn_epoch_1_lum.npy,dillon_extracting_files\dillon_fits\ztf_cutouts\ztf_cutouts_no_interp\ZTF22aaedtvn_epoch_1.fits,1.262609134582908e+29,True,False,False,,True,15.0,14.0,1.9467570138250613e+29,True,7,6,1.9467570138250613e+29,1.9467570138250613e+29,2.111626457572011e+28,9.219230071891976,True,,,,,C:\Research\bts_vlass_cross_matching\gaussian_adjusted_luminosity_arrays\ZTF22aaedtvn_epoch_1_gaussian_adjusted_13x13_lum.npy
ZTF22aaedtvn,2,17:57:40.56,+31:16:48.3,SN Ia,0.078,334.2857142857143,-520.9677922077207,2.0337038667297285e+29,2.2770296301777265e+28,1.521019614301622,0.1703029193912621,final_luminosity_arrays\ZTF22aaedtvn_epoch_2_lum.npy,dillon_extracting_files\dillon_fits\ztf_cutouts\ztf_cutouts_no_interp\ZTF22aaedtvn_epoch_2.fits,1.236309045153358e+29,True,False,False,,True,15.0,14.0,2.0337038667297285e+29,True,7,6,2.0337038667297285e+29,2.0337038667297285e+29,2.277062717829554e+28,8.931259779564659,True,,,,,C:\Research\bts_vlass_cross_matching\gaussian_adjusted_luminosity_arrays\ZTF22aaedtvn_epoch_2_gaussian_adjusted_13x13_lum.npy
ZTF22aaedtvn,3,17:57:40.56,+31:16:48.3,SN Ia,0.078,334.2857142857143,275.87821892400467,2.251133805779143e+29,1.829327581577436e+28,1.6836368013173342,0.1368185216111036,final_luminosity_arrays\ZTF22aaedtvn_epoch_3_lum.npy,dillon_extracting_files\dillon_fits\ztf_cutouts\ztf_cutouts_no_interp\ZTF22aaedtvn_epoch_3.fits,1.4509753298869318e+29,True,False,False,,True,15.0,13.0,2.251133805779143e+29,True,7,5,2.251133805779143e+29,2.251133805779143e+29,1.8293541636443946e+28,12.305620478073472,True,,,,,C:\Research\bts_vlass_cross_matching\gaussian_adjusted_luminosity_arrays\ZTF22aaedtvn_epoch_3_gaussian_adjusted_13x13_lum.npy
ZTF22aaemvhi,1,16:53:57.60,-09:42:10.2,SN Ia-CSM,0.023,98.57142857142856,-980.0700879763205,5.94289950629682e+27,2.091454311063688e+27,0.5111860809847715,0.1799017242640911,final_luminosity_arrays\ZTF22aaemvhi_epoch_1_lum.npy,dillon_extracting_files\dillon_fits\ztf_cutouts\ztf_cutouts_no_interp\ZTF22aaemvhi_epoch_1.fits,1.3294883641711865e+27,False,False,False,Original Detection is False; no Gaussian subtraction attempted,,,,,False,3,4,1.0269752556789454e+28,5.94289950629682e+27,2.091484702109611e+27,2.841474049655929,False,,,,,C:\Research\bts_vlass_cross_matching\gaussian_adjusted_luminosity_arrays\ZTF22aaemvhi_epoch_1_gaussian_adjusted_13x13_lum.npy
ZTF22aaemvhi,2,16:53:57.60,-09:42:10.2,SN Ia-CSM,0.023,98.57142857142856,-56.316422287170816,8.634265037286862e+27,2.173496658764608e+27,0.7426873198710385,0.1869588039889468,final_luminosity_arrays\ZTF22aaemvhi_epoch_2_lum.npy,dillon_extracting_files\dillon_fits\ztf_cutouts\ztf_cutouts_no_interp\ZTF22aaemvhi_epoch_2.fits,3.758901142962456e+27,False,False,False,Original Detection is False; no Gaussian subtraction attempted,,,,,False,4,5,1.0535567773095039e+28,8.634265037286862e+27,2.173528241972723e+27,3.972465078001604,False,,,,,C:\Research\bts_vlass_cross_matching\gaussian_adjusted_luminosity_arrays\ZTF22aaemvhi_epoch_2_gaussian_adjusted_13x13_lum.npy
ZTF22aaemvhi,3,16:53:57.60,-09:42:10.2,SN Ia-CSM,0.023,98.57142857142856,831.2691104596523,1.5486474299040595e+28,2.388435926659592e+27,1.3320888392627244,0.2054473479183157,final_luminosity_arrays\ZTF22aaemvhi_epoch_3_lum.npy,dillon_extracting_files\dillon_fits\ztf_cutouts\ztf_cutouts_no_interp\ZTF22aaemvhi_epoch_3.fits,1.5486474299040595e+28,True,False,False,,True,14.0,14.0,1.5486474299040597e+28,True,6,6,1.5486474299040597e+28,1.5486474299040597e+28,2.3884706331628826e+27,6.4838453879305,True,,,,,C:\Research\bts_vlass_cross_matching\gaussian_adjusted_luminosity_arrays\ZTF22aaemvhi_epoch_3_gaussian_adjusted_13x13_lum.npy
ZTF22aafokgy,1,08:36:33.75,+40:23:54.3,SN Ia,0.06,257.1428571428572,-995.555544625704,4.397069670637063e+28,1.294661591305788e+28,0.5557726253755388,0.1636426031680478,final_luminosity_arrays\ZTF22aafokgy_epoch_1_lum.npy,dillon_extracting_files\dillon_fits\ztf_cutouts\ztf_cutouts_no_interp\ZTF22aafokgy_epoch_1.fits,1.86549371860815e+28,False,False,False,Original Detection is False; no Gaussian subtraction attempted,,,,,False,7,4,6.389062540307568e+28,4.397069670637063e+28,1.2946804041097143e+28,3.396258765236123,False,,,,,C:\Research\bts_vlass_cross_matching\gaussian_adjusted_luminosity_arrays\ZTF22aafokgy_epoch_1_gaussian_adjusted_13x13_lum.npy
ZTF22aafokgy,2,08:36:33.75,+40:23:54.3,SN Ia,0.06,257.1428571428572,-175.74422387098716,5.410820214742551e+28,1.1778802182244788e+28,0.6839067791588603,0.1488816741184034,final_luminosity_arrays\ZTF22aafokgy_epoch_2_lum.npy,dillon_extracting_files\dillon_fits\ztf_cutouts\ztf_cutouts_no_interp\ZTF22aafokgy_epoch_2.fits,1.5467357891377907e+28,True,True,True,,False,15.0,12.0,6.488955740809558e+28,False,3,2,4.26768383363542e+28,2.52147713060001e+28,1.155442492326144e+28,2.1822610362232364,False,4.184819127373738e+28,1.1617947175698398,1.0612045222899762,2.3041366134358196e+28,C:\Research\bts_vlass_cross_matching\gaussian_adjusted_luminosity_arrays\ZTF22aafokgy_epoch_2_gaussian_adjusted_13x13_lum.npy
ZTF22aafokgy,3,08:36:33.75,+40:23:54.3,SN Ia,0.06,257.1428571428572,748.7840780158052,5.538803614405592e+28,1.209327270773218e+28,0.7000833866186439,0.1528565178734018,final_luminosity_arrays\ZTF22aafokgy_epoch_3_lum.npy,dillon_extracting_files\dillon_fits\ztf_cutouts\ztf_cutouts_no_interp\ZTF22aafokgy_epoch_3.fits,2.770696783021949e+28,True,True,True,,False,16.0,12.0,9.37663899068037e+28,True,5,5,3.8732527014098907e+28,3.8732527014098907e+28,1.1841481488608573e+28,3.2709190189892494,False,7.043383611763414e+28,1.175003539459401,1.0358451820424102,2.3332553789169574e+28,C:\Research\bts_vlass_cross_matching\gaussian_adjusted_luminosity_arrays\ZTF22aafokgy_epoch_3_gaussian_adjusted_13x13_lum.npy
ZTF22aagyuao,1,09:54:45.24,+55:26:25.3,TDE,0.12,514.2857142857143,-1490.42862312968,4.252271848104564e+28,5.594904239763813e+28,0.1343676849501208,0.1767961412502136,final_luminosity_arrays\ZTF22aagyuao_epoch_1_lum.npy,dillon_extracting_files\dillon_fits\ztf_cutouts\ztf_cutouts_no_interp\ZTF22aagyuao_epoch_1.fits,2.809195373355331e+28,False,False,False,Original Detection is False; no Gaussian subtraction attempted,,,,,False,7,0,1.6651814063717854e+29,4.2522718481045635e+28,5.5949855396472394e+28,0.7600148057527718,False,,,,,C:\Research\bts_vlass_cross_matching\gaussian_adjusted_luminosity_arrays\ZTF22aagyuao_epoch_1_gaussian_adjusted_13x13_lum.npy
ZTF22aagyuao,2,09:54:45.24,+55:26:25.3,TDE,0.12,514.2857142857143,-497.5714802725373,8.426119716526826e+27,4.443812663975701e+28,0.0266257247858447,0.1404222302583863,final_luminosity_arrays\ZTF22aagyuao_epoch_2_lum.npy,dillon_extracting_files\dillon_fits\ztf_cutouts\ztf_cutouts_no_interp\ZTF22aagyuao_epoch_2.fits,-2.3747293742174617e+28,False,False,False,Original Detection is False; no Gaussian subtraction attempted,,,,,False,7,1,1.4720790516104652e+29,8.426119716526826e+27,4.443877237279562e+28,0.18961189219720886,False,,,,,C:\Research\bts_vlass_cross_matching\gaussian_adjusted_luminosity_arrays\ZTF22aagyuao_epoch_2_gaussian_adjusted_13x13_lum.npy
ZTF22aagyuao,3,09:54:45.24,+55:26:25.3,TDE,0.12,514.2857142857143,261.357091156034,1.7328371693638714e+29,4.200654508510503e+28,0.5475598154589534,0.1327385556578035,final_luminosity_arrays\ZTF22aagyuao_epoch_3_lum.npy,dillon_extracting_files\dillon_fits\ztf_cutouts\ztf_cutouts_no_interp\ZTF22aagyuao_epoch_3.fits,1.7328371693638714e+29,True,False,False,,True,14.0,14.0,1.7328371693638714e+29,True,6,6,1.7328371693638714e+29,1.7328371693638714e+29,4.200715548468868e+28,4.12509999634581,True,,,,,C:\Research\bts_vlass_cross_matching\gaussian_adjusted_luminosity_arrays\ZTF22aagyuao_epoch_3_gaussian_adjusted_13x13_lum.npy
ZTF22aahieds,1,16:25:17.08,+08:14:50.8,SN Ia,0.051,218.57142857142856,-1078.337066506455,3.6222542744786782e+28,8.861463409956048e+27,0.6336871301755309,0.1550271319883858,final_luminosity_arrays\ZTF22aahieds_epoch_1_lum.npy,dillon_extracting_files\dillon_fits\ztf_cutouts\ztf_cutouts_no_interp\ZTF22aahieds_epoch_1.fits,3.3553260724315496e+28,True,False,False,,True,15.0,14.0,3.6222542744786782e+28,True,7,6,3.6222542744786782e+28,3.6222542744786782e+28,8.861592176403398e+27,4.08758855335726,True,,,,,C:\Research\bts_vlass_cross_matching\gaussian_adjusted_luminosity_arrays\ZTF22aahieds_epoch_1_gaussian_adjusted_13x13_lum.npy
ZTF22aahieds,2,16:25:17.08,+08:14:50.8,SN Ia,0.051,218.57142857142856,-165.8727468109267,3.3804370892289097e+28,9.549667306583578e+27,0.5913829663768411,0.1670669352783851,final_luminosity_arrays\ZTF22aahieds_epoch_2_lum.npy,dillon_extracting_files\dillon_fits\ztf_cutouts\ztf_cutouts_no_interp\ZTF22aahieds_epoch_2.fits,3.3804370892289097e+28,False,False,False,Original Detection is False; no Gaussian subtraction attempted,,,,,True,6,6,3.3804370892289097e+28,3.3804370892289097e+28,9.549806073362331e+27,3.539796581480437,False,,,,,C:\Research\bts_vlass_cross_matching\gaussian_adjusted_luminosity_arrays\ZTF22aahieds_epoch_2_gaussian_adjusted_13x13_lum.npy
ZTF22aahieds,3,16:25:17.08,+08:14:50.8,SN Ia,0.051,218.57142857142856,756.1063207437832,3.360109313378123e+28,8.728992398888032e+27,0.5878267693333328,0.152709613993062,final_luminosity_arrays\ZTF22aahieds_epoch_3_lum.npy,dillon_extracting_files\dillon_fits\ztf_cutouts\ztf_cutouts_no_interp\ZTF22aahieds_epoch_3.fits,3.360109313378123e+28,False,False,False,Original Detection is False; no Gaussian subtraction attempted,,,,,True,6,6,3.360109313378123e+28,3.360109313378123e+28,8.72911924039131e+27,3.8493108191606007,False,,,,,C:\Research\bts_vlass_cross_matching\gaussian_adjusted_luminosity_arrays\ZTF22aahieds_epoch_3_gaussian_adjusted_13x13_lum.npy
ZTF22aaipocw,1,15:25:05.98,+37:57:37.6,SN Ia,0.02978,127.62857142857143,-1597.900561284811,2.312045320784653e+28,2.7664688434652343e+27,1.18626921903342,0.1419446449690146,final_luminosity_arrays\ZTF22aaipocw_epoch_1_lum.npy,dillon_extracting_files\dillon_fits\ztf_cutouts\ztf_cutouts_no_interp\ZTF22aaipocw_epoch_1.fits,1.3220729601806677e+28,True,True,True,,False,13.0,17.0,3.513285141362934e+28,True,6,7,1.5983428789664076e+28,1.5983428789664076e+28,2.723626836580526e+27,5.868435636994618,True,2.7311729718653396e+28,1.2446419925034635,1.0806793084027988,7.821121694975942e+27,C:\Research\bts_vlass_cross_matching\gaussian_adjusted_luminosity_arrays\ZTF22aaipocw_epoch_1_gaussian_adjusted_13x13_lum.npy
ZTF22aaipocw,2,15:25:05.98,+37:57:37.6,SN Ia,0.02978,127.62857142857143,-570.49664976973,2.847665627120453e+28,3.213886970008363e+27,1.461086445488036,0.1649012046551581,final_luminosity_arrays\ZTF22aaipocw_epoch_2_lum.npy,dillon_extracting_files\dillon_fits\ztf_cutouts\ztf_cutouts_no_interp\ZTF22aaipocw_epoch_2.fits,1.7588319854075006e+28,True,True,True,,False,13.0,17.0,4.53008795751054e+28,True,6,7,1.9247903517729137e+28,1.9247903517729137e+28,3.233039113584803e+27,5.95350159447561,True,3.554377820395478e+28,1.2303248868070735,1.0949352603517362,9.757101371150622e+27,C:\Research\bts_vlass_cross_matching\gaussian_adjusted_luminosity_arrays\ZTF22aaipocw_epoch_2_gaussian_adjusted_13x13_lum.npy
ZTF22aaipocw,3,15:25:05.98,+37:57:37.6,SN Ia,0.02978,127.62857142857143,305.41859426297617,2.646600233962196e+28,3.05453285218762e+27,1.357923378236592,0.1567249102675145,final_luminosity_arrays\ZTF22aaipocw_epoch_3_lum.npy,dillon_extracting_files\dillon_fits\ztf_cutouts\ztf_cutouts_no_interp\ZTF22aaipocw_epoch_3.fits,1.6266271398458346e+28,True,True,True,,False,13.0,17.0,4.263898055190726e+28,True,6,7,2.0630587757386004e+28,2.0630587757386004e+28,3.018561808342905e+27,6.834575227303874,True,3.241335191689118e+28,1.2512387986351234,1.0694625514039224,1.0225628635016083e+28,C:\Research\bts_vlass_cross_matching\gaussian_adjusted_luminosity_arrays\ZTF22aaipocw_epoch_3_gaussian_adjusted_13x13_lum.npy
ZTF22aaluvun,1,19:41:08.96,+42:10:40.0,SN Ia,0.028,120.0,-1662.828793774127,7.608699134677288e+27,2.075169118246096e+27,0.4416016163304448,0.1204425798404602,final_luminosity_arrays\ZTF22aaluvun_epoch_1_lum.npy,dillon_extracting_files\dillon_fits\ztf_cutouts\ztf_cutouts_no_interp\ZTF22aaluvun_epoch_1.fits,4.313571197625053e+27,False,False,False,Original Detection is False; no Gaussian subtraction attempted,,,,,True,5,5,7.608699134677288e+27,7.608699134677288e+27,2.0751992726509205e+27,3.6664908449768836,False,,,,,C:\Research\bts_vlass_cross_matching\gaussian_adjusted_luminosity_arrays\ZTF22aaluvun_epoch_1_gaussian_adjusted_13x13_lum.npy
ZTF22aaluvun,2,19:41:08.96,+42:10:40.0,SN Ia,0.028,120.0,-613.2178988324928,8.327838361292638e+27,2.415398856972819e+27,0.4833397688344121,0.1401894752189566,final_luminosity_arrays\ZTF22aaluvun_epoch_2_lum.npy,dillon_extracting_files\dillon_fits\ztf_cutouts\ztf_cutouts_no_interp\ZTF22aaluvun_epoch_2.fits,5.555922582757917e+27,False,False,False,Original Detection is False; no Gaussian subtraction attempted,,,,,True,5,6,8.327838361292638e+27,8.327838361292638e+27,2.4154339552760395e+27,3.4477607400948043,False,,,,,C:\Research\bts_vlass_cross_matching\gaussian_adjusted_luminosity_arrays\ZTF22aaluvun_epoch_2_gaussian_adjusted_13x13_lum.npy
ZTF22aaluvun,3,19:41:08.96,+42:10:40.0,SN Ia,0.028,120.0,253.5136186772349,1.099082358614839e+28,2.210497930661068e+27,0.6378968828357756,0.1282970487368463,final_luminosity_arrays\ZTF22aaluvun_epoch_3_lum.npy,dillon_extracting_files\dillon_fits\ztf_cutouts\ztf_cutouts_no_interp\ZTF22aaluvun_epoch_3.fits,5.119117731825164e+27,True,False,False,,True,13.0,14.0,1.099082358614839e+28,True,5,6,1.099082358614839e+28,1.099082358614839e+28,2.210530051536846e+27,4.972030838715423,True,,,,,C:\Research\bts_vlass_cross_matching\gaussian_adjusted_luminosity_arrays\ZTF22aaluvun_epoch_3_gaussian_adjusted_13x13_lum.npy
ZTF22aaoippk,1,18:05:00.65,+09:28:47.8,SN Ia,0.02095,89.78571428571429,-1163.9445741349873,8.81671957570661e+27,1.568713916561553e+27,0.9140612091869116,0.1626366091403061,final_luminosity_arrays\ZTF22aaoippk_epoch_1_lum.npy,dillon_extracting_files\dillon_fits\ztf_cutouts\ztf_cutouts_no_interp\ZTF22aaoippk_epoch_1.fits,-3.962022838030469e+26,True,True,True,,False,18.0,14.0,2.2630429832038802e+29,False,10,7,7.971249046812421e+28,9.77984174210878e+26,1.5745253525894602e+27,0.6211295185577596,False,2.047195733102337e+29,1.1743018674943266,1.1790189168282896,2.1584725010154297e+28,C:\Research\bts_vlass_cross_matching\gaussian_adjusted_luminosity_arrays\ZTF22aaoippk_epoch_1_gaussian_adjusted_13x13_lum.npy
ZTF22aaoippk,2,18:05:00.65,+09:28:47.8,SN Ia,0.02095,89.78571428571429,-249.11035110741508,3.399133282705339e+27,1.4086890716870256e+27,0.3524004423525185,0.1460460135741989,final_luminosity_arrays\ZTF22aaoippk_epoch_2_lum.npy,dillon_extracting_files\dillon_fits\ztf_cutouts\ztf_cutouts_no_interp\ZTF22aaoippk_epoch_2.fits,-4.253098360965281e+26,False,False,False,Original Detection is False; no Gaussian subtraction attempted,,,,,False,10,6,2.7840799758709102e+29,3.399133282705339e+27,1.4087095414309933e+27,2.412941193862034,False,,,,,C:\Research\bts_vlass_cross_matching\gaussian_adjusted_luminosity_arrays\ZTF22aaoippk_epoch_2_gaussian_adjusted_13x13_lum.npy
ZTF22aaoippk,3,18:05:00.65,+09:28:47.8,SN Ia,0.02095,89.78571428571429,742.1233038218174,9.375169105966256e+27,1.93636619301274e+27,0.9719576919451356,0.2007530043309579,final_luminosity_arrays\ZTF22aaoippk_epoch_3_lum.npy,dillon_extracting_files\dillon_fits\ztf_cutouts\ztf_cutouts_no_interp\ZTF22aaoippk_epoch_3.fits,4.1350659108643815e+27,True,True,True,,False,18.0,15.0,2.261754250927353e+29,False,10,6,1.2067142600420023e+29,1.975437826489317e+27,1.9544844903873678e+27,1.0107206458813067,False,1.8399329619785664e+29,0.7902512112786166,2.1282791461139454,0.0,C:\Research\bts_vlass_cross_matching\gaussian_adjusted_luminosity_arrays\ZTF22aaoippk_epoch_3_gaussian_adjusted_13x13_lum.npy
ZTF22aaotgrc,1,18:56:51.48,+36:37:07.8,SN IIb,0.009,38.57142857142857,-1696.211783944586,5.843845484203952e+26,2.5362463879100608e+26,0.3282842226326465,0.1424784031013098,final_luminosity_arrays\ZTF22aaotgrc_epoch_1_lum.npy,dillon_extracting_files\dillon_fits\ztf_cutouts\ztf_cutouts_no_interp\ZTF22aaotgrc_epoch_1.fits,5.82315223573678e+26,False,False,False,Original Detection is False; no Gaussian subtraction attempted,,,,,False,3,5,7.342278721339104e+26,5.843845484203952e+26,2.5362832422558805e+26,2.304098133379686,False,,,,,C:\Research\bts_vlass_cross_matching\gaussian_adjusted_luminosity_arrays\ZTF22aaotgrc_epoch_1_gaussian_adjusted_13x13_lum.npy
ZTF22aaotgrc,2,18:56:51.48,+36:37:07.8,SN IIb,0.009,38.57142857142857,-641.7023686819496,1.4887879669928086e+26,2.4154737660064308e+26,0.0836342442198656,0.1356937742934727,final_luminosity_arrays\ZTF22aaotgrc_epoch_2_lum.npy,dillon_extracting_files\dillon_fits\ztf_cutouts\ztf_cutouts_no_interp\ZTF22aaotgrc_epoch_2.fits,-1.2612293255287517e+26,False,False,False,Original Detection is False; no Gaussian subtraction attempted,,,,,False,1,3,6.863800583505545e+26,1.4887879669928086e+26,2.4155088653981593e+26,0.6163454783045911,False,,,,,C:\Research\bts_vlass_cross_matching\gaussian_adjusted_luminosity_arrays\ZTF22aaotgrc_epoch_2_gaussian_adjusted_13x13_lum.npy
ZTF22aaotgrc,3,18:56:51.48,+36:37:07.8,SN IIb,0.009,38.57142857142857,258.1985232903004,1.0592228463252836e+27,2.1011320806640965e+26,0.5950296763330698,0.1180350398861047,final_luminosity_arrays\ZTF22aaotgrc_epoch_3_lum.npy,dillon_extracting_files\dillon_fits\ztf_cutouts\ztf_cutouts_no_interp\ZTF22aaotgrc_epoch_3.fits,9.737455657821916e+26,True,False,False,,True,15.0,14.0,1.0592228463252835e+27,True,7,6,1.0592228463252835e+27,1.0592228463252835e+27,2.1011626123382595e+26,5.041127422053912,True,,,,,C:\Research\bts_vlass_cross_matching\gaussian_adjusted_luminosity_arrays\ZTF22aaotgrc_epoch_3_gaussian_adjusted_13x13_lum.npy
ZTF22aasdtcq,1,23:42:32.91,+46:07:03.1,SN Ia,0.045,192.8571428571429,-1088.4493288035956,1.5618655662439364e+28,6.655068188623507e+27,0.3509578236844389,0.1495443806351559,final_luminosity_arrays\ZTF22aasdtcq_epoch_1_lum.npy,dillon_extracting_files\dillon_fits\ztf_cutouts\ztf_cutouts_no_interp\ZTF22aasdtcq_epoch_1.fits,2.56271304073921e+27,False,False,False,Original Detection is False; no Gaussian subtraction attempted,,,,,False,2,4,1.6311605161442322e+28,1.5618655662439364e+28,6.655164893811785e+27,2.3468472850255235,False,,,,,C:\Research\bts_vlass_cross_matching\gaussian_adjusted_luminosity_arrays\ZTF22aasdtcq_epoch_1_gaussian_adjusted_13x13_lum.npy
ZTF22aasdtcq,2,23:42:32.91,+46:07:03.1,SN Ia,0.045,192.8571428571429,-204.238802487806,2.066551033380586e+28,4.93240496137409e+27,0.4643627908080814,0.1108348440743808,final_luminosity_arrays\ZTF22aasdtcq_epoch_2_lum.npy,dillon_extracting_files\dillon_fits\ztf_cutouts\ztf_cutouts_no_interp\ZTF22aasdtcq_epoch_2.fits,7.098573781865341e+27,True,False,False,,True,15.0,13.0,2.066551033380586e+28,True,7,5,2.066551033380586e+28,2.066551033380586e+28,4.932476634441433e+27,4.189682357440316,True,,,,,C:\Research\bts_vlass_cross_matching\gaussian_adjusted_luminosity_arrays\ZTF22aasdtcq_epoch_2_gaussian_adjusted_13x13_lum.npy
ZTF22aasdtcq,3,23:42:32.91,+46:07:03.1,SN Ia,0.045,192.8571428571429,635.9525850720026,1.0859528430890948e+28,5.358975840630567e+27,0.2440182142890989,0.1204202121168077,final_luminosity_arrays\ZTF22aasdtcq_epoch_3_lum.npy,dillon_extracting_files\dillon_fits\ztf_cutouts\ztf_cutouts_no_interp\ZTF22aasdtcq_epoch_3.fits,1.0859528430890948e+28,False,False,False,Original Detection is False; no Gaussian subtraction attempted,,,,,False,12,8,1.5106638681298131e+28,1.0859528430890948e+28,5.359053712224511e+27,2.0263891750365053,False,,,,,C:\Research\bts_vlass_cross_matching\gaussian_adjusted_luminosity_arrays\ZTF22aasdtcq_epoch_3_gaussian_adjusted_13x13_lum.npy
ZTF22aavzfwp,1,18:08:04.92,+66:10:52.6,SN Ia,0.08,342.85714285714283,-1615.0908993483797,4.297118240228238e+28,1.8418125932542985e+28,0.3055157721973955,0.130950777214035,final_luminosity_arrays\ZTF22aavzfwp_epoch_1_lum.npy,dillon_extracting_files\dillon_fits\ztf_cutouts\ztf_cutouts_no_interp\ZTF22aavzfwp_epoch_1.fits,-1.8916088596198624e+28,False,False,False,Original Detection is False; no Gaussian subtraction attempted,,,,,False,9,4,8.230548815389458e+29,4.297118240228238e+28,1.841839356741698e+28,2.3330581054745436,False,,,,,C:\Research\bts_vlass_cross_matching\gaussian_adjusted_luminosity_arrays\ZTF22aavzfwp_epoch_1_gaussian_adjusted_13x13_lum.npy
ZTF22aavzfwp,2,18:08:04.92,+66:10:52.6,SN Ia,0.08,342.85714285714283,-663.2390474965279,1.058293536923722e+29,1.976858691121321e+28,0.7524237153120338,0.1405524009298132,final_luminosity_arrays\ZTF22aavzfwp_epoch_2_lum.npy,dillon_extracting_files\dillon_fits\ztf_cutouts\ztf_cutouts_no_interp\ZTF22aavzfwp_epoch_2.fits,2.2836682127437888e+27,True,True,True,,False,17.0,12.0,8.58358783719138e+29,False,9,3,1.63140390878506e+29,1.8969031356389266e+28,2.0242823111963273e+28,0.9370744017013511,False,7.51504002390763e+29,1.16196036016045,1.132430004649554,1.0685478132837502e+29,C:\Research\bts_vlass_cross_matching\gaussian_adjusted_luminosity_arrays\ZTF22aavzfwp_epoch_2_gaussian_adjusted_13x13_lum.npy
ZTF22aavzfwp,3,18:08:04.92,+66:10:52.6,SN Ia,0.08,342.85714285714283,202.50169324421287,7.903754636855701e+28,2.0837014220936875e+28,0.5619397852569818,0.14814879738825,final_luminosity_arrays\ZTF22aavzfwp_epoch_3_lum.npy,dillon_extracting_files\dillon_fits\ztf_cutouts\ztf_cutouts_no_interp\ZTF22aavzfwp_epoch_3.fits,-2.325374385726425e+28,False,False,False,Original Detection is False; no Gaussian subtraction attempted,,,,,False,9,4,9.094974217991472e+29,7.903754636855701e+28,2.083731700481923e+28,3.793076927815481,False,,,,,C:\Research\bts_vlass_cross_matching\gaussian_adjusted_luminosity_arrays\ZTF22aavzfwp_epoch_3_gaussian_adjusted_13x13_lum.npy
ZTF22abajudi,1,02:20:08.01,-22:43:15.2,TDE,0.03275,140.35714285714286,-1032.3473638344285,4.201493099994932e+27,3.674053649603984e+27,0.1782449980964884,0.1558710644806821,final_luminosity_arrays\ZTF22abajudi_epoch_1_lum.npy,dillon_extracting_files\dillon_fits\ztf_cutouts\ztf_cutouts_no_interp\ZTF22abajudi_epoch_1.fits,3.7423059537694113e+27,False,False,False,Original Detection is False; no Gaussian subtraction attempted,,,,,False,4,2,9.759815443632315e+27,4.2014930999949315e+27,3.674107037494215e+27,1.143541289657255,False,,,,,C:\Research\bts_vlass_cross_matching\gaussian_adjusted_luminosity_arrays\ZTF22abajudi_epoch_1_gaussian_adjusted_13x13_lum.npy
ZTF22abajudi,2,02:20:08.01,-22:43:15.2,TDE,0.03275,140.35714285714286,-102.79035584604776,4.061270030038045e+27,3.023354414815731e+27,0.1722961460473016,0.1282652666191995,final_luminosity_arrays\ZTF22abajudi_epoch_2_lum.npy,dillon_extracting_files\dillon_fits\ztf_cutouts\ztf_cutouts_no_interp\ZTF22abajudi_epoch_2.fits,1.0197585404362074e+27,False,False,False,Original Detection is False; no Gaussian subtraction attempted,,,,,False,11,0,6.411951831587192e+27,4.0612700300380444e+27,3.0233983473570123e+27,1.3432798339617789,False,,,,,C:\Research\bts_vlass_cross_matching\gaussian_adjusted_luminosity_arrays\ZTF22abajudi_epoch_2_gaussian_adjusted_13x13_lum.npy
ZTF22abajudi,3,02:20:08.01,-22:43:15.2,TDE,0.03275,140.35714285714286,827.7349406923206,2.259017619666273e+29,3.435246883797713e+27,9.583702310919762,0.1457397304443856,final_luminosity_arrays\ZTF22abajudi_epoch_3_lum.npy,dillon_extracting_files\dillon_fits\ztf_cutouts\ztf_cutouts_no_interp\ZTF22abajudi_epoch_3.fits,2.259017619666273e+29,True,False,False,,True,14.0,14.0,2.259017619666273e+29,True,6,6,2.259017619666273e+29,2.259017619666273e+29,3.435296801572749e+27,65.75902316888742,True,,,,,C:\Research\bts_vlass_cross_matching\gaussian_adjusted_luminosity_arrays\ZTF22abajudi_epoch_3_gaussian_adjusted_13x13_lum.npy
ZTF22abbbwtl,1,23:27:35.83,+16:39:18.3,SN Ia,0.05076,217.5428571428572,-1159.4559246601111,3.965354738534021e+28,7.738099866623421e+27,0.7002854836173352,0.136657578116993,final_luminosity_arrays\ZTF22abbbwtl_epoch_1_lum.npy,dillon_extracting_files\dillon_fits\ztf_cutouts\ztf_cutouts_no_interp\ZTF22abbbwtl_epoch_1.fits,4.197532569934196e+27,True,True,True,,False,12.0,13.0,5.127481460752185e+28,False,7,4,2.3374022919616823e+28,8.373200255987467e+27,7.483405591097517e+27,1.1189023705929393,False,4.363656150961315e+28,1.066688782245596,1.2255318801636257,7.638253097908704e+27,C:\Research\bts_vlass_cross_matching\gaussian_adjusted_luminosity_arrays\ZTF22abbbwtl_epoch_1_gaussian_adjusted_13x13_lum.npy
ZTF22abbbwtl,2,23:27:35.83,+16:39:18.3,SN Ia,0.05076,217.5428571428572,-273.4305715823388,4.231047853169764e+28,6.337819057690958e+27,0.7472071447409687,0.1119281242031454,final_luminosity_arrays\ZTF22abbbwtl_epoch_2_lum.npy,dillon_extracting_files\dillon_fits\ztf_cutouts\ztf_cutouts_no_interp\ZTF22abbbwtl_epoch_2.fits,5.990916103339371e+27,True,True,True,,False,12.0,13.0,5.481671818420602e+28,False,2,0,2.0459672826605415e+28,8.909425625915696e+27,6.067707848861224e+27,1.4683346409942595,False,4.747777763773641e+28,1.1120976273189556,1.2208534339725956,7.338940546469602e+27,C:\Research\bts_vlass_cross_matching\gaussian_adjusted_luminosity_arrays\ZTF22abbbwtl_epoch_2_gaussian_adjusted_13x13_lum.npy
ZTF22abbbwtl,3,23:27:35.83,+16:39:18.3,SN Ia,0.05076,217.5428571428572,644.0006210782117,3.219472146794455e+28,7.389427364554342e+27,0.5685618962161241,0.1304998985173441,final_luminosity_arrays\ZTF22abbbwtl_epoch_3_lum.npy,dillon_extracting_files\dillon_fits\ztf_cutouts\ztf_cutouts_no_interp\ZTF22abbbwtl_epoch_3.fits,1.1484263256549433e+28,True,True,True,,False,12.0,13.0,5.136195093257539e+28,False,0,4,1.9991167892543218e+28,1.4675613458600291e+28,7.094040887615524e+27,2.068724115224703,False,4.226980425627595e+28,1.0526030798456334,1.1878992837418882,9.092146676299437e+27,C:\Research\bts_vlass_cross_matching\gaussian_adjusted_luminosity_arrays\ZTF22abbbwtl_epoch_3_gaussian_adjusted_13x13_lum.npy
ZTF22abcsgeq,1,02:45:54.70,-05:38:30.5,SN Ic,0.02936,125.82857142857142,-1681.082627067216,1.492698020268744e+28,3.685162041527824e+27,0.7879454642534256,0.1945302311763945,final_luminosity_arrays\ZTF22abcsgeq_epoch_1_lum.npy,dillon_extracting_files\dillon_fits\ztf_cutouts\ztf_cutouts_no_interp\ZTF22abcsgeq_epoch_1.fits,1.1012254819303733e+28,True,True,True,,False,19.0,12.0,6.574814306597832e+28,False,9,5,3.545303629869255e+28,1.4706187496492132e+28,3.826727649414448e+27,3.843019112881582,False,4.584238731092159e+28,1.1614566651327796,1.2693501059638836,1.9905755755056723e+28,C:\Research\bts_vlass_cross_matching\gaussian_adjusted_luminosity_arrays\ZTF22abcsgeq_epoch_1_gaussian_adjusted_13x13_lum.npy
ZTF22abcsgeq,2,02:45:54.70,-05:38:30.5,SN Ic,0.02936,125.82857142857142,-690.1756557452296,1.5938064556999256e+28,4.257195611152772e+27,0.8413172326982021,0.224726412860081,final_luminosity_arrays\ZTF22abcsgeq_epoch_2_lum.npy,dillon_extracting_files\dillon_fits\ztf_cutouts\ztf_cutouts_no_interp\ZTF22abcsgeq_epoch_2.fits,7.377571308390231e+27,False,False,False,Original Detection is False; no Gaussian subtraction attempted,,,,,False,11,4,6.840061301890311e+28,1.5938064556999256e+28,4.257257472713234e+27,3.7437398745915202,False,,,,,C:\Research\bts_vlass_cross_matching\gaussian_adjusted_luminosity_arrays\ZTF22abcsgeq_epoch_2_gaussian_adjusted_13x13_lum.npy
ZTF22abcsgeq,3,02:45:54.70,-05:38:30.5,SN Ic,0.02936,125.82857142857142,253.1289218563868,1.2349761558046132e+28,4.0293661503082096e+27,0.6519026937894523,0.2126998812754586,final_luminosity_arrays\ZTF22abcsgeq_epoch_3_lum.npy,dillon_extracting_files\dillon_fits\ztf_cutouts\ztf_cutouts_no_interp\ZTF22abcsgeq_epoch_3.fits,1.0470528763508045e+28,False,False,False,Original Detection is False; no Gaussian subtraction attempted,,,,,False,11,4,6.31266985780809e+28,1.2349761558046132e+28,4.0294247012653407e+27,3.064894488329313,False,,,,,C:\Research\bts_vlass_cross_matching\gaussian_adjusted_luminosity_arrays\ZTF22abcsgeq_epoch_3_gaussian_adjusted_13x13_lum.npy
ZTF22abgntys,1,02:43:41.64,+42:01:17.5,SN II,0.01963,84.12857142857145,-1252.7475652934424,2.471398289171349e+27,1.0703490637681854e+27,0.291835720418021,0.1263942888130567,final_luminosity_arrays\ZTF22abgntys_epoch_1_lum.npy,dillon_extracting_files\dillon_fits\ztf_cutouts\ztf_cutouts_no_interp\ZTF22abgntys_epoch_1.fits,1.3464195193046568e+27,False,False,False,Original Detection is False; no Gaussian subtraction attempted,,,,,False,8,4,3.696075909192747e+27,2.4713982891713494e+27,1.0703646170735471e+27,2.308931227499212,False,,,,,C:\Research\bts_vlass_cross_matching\gaussian_adjusted_luminosity_arrays\ZTF22abgntys_epoch_1_gaussian_adjusted_13x13_lum.npy
ZTF22abgntys,2,02:43:41.64,+42:01:17.5,SN II,0.01963,84.12857142857145,-346.5364887264525,6.53096084241454e+27,1.008352816246717e+27,0.7712102378718555,0.1190733391529827,final_luminosity_arrays\ZTF22abgntys_epoch_2_lum.npy,dillon_extracting_files\dillon_fits\ztf_cutouts\ztf_cutouts_no_interp\ZTF22abgntys_epoch_2.fits,6.53096084241454e+27,True,False,False,,True,14.0,14.0,6.53096084241454e+27,True,6,6,6.53096084241454e+27,6.53096084241454e+27,1.0083674686809498e+27,6.476766699899313,True,,,,,C:\Research\bts_vlass_cross_matching\gaussian_adjusted_luminosity_arrays\ZTF22abgntys_epoch_2_gaussian_adjusted_13x13_lum.npy
ZTF22abgntys,3,02:43:41.64,+42:01:17.5,SN II,0.01963,84.12857142857145,579.2895462077884,4.094838776492192e+27,1.1505154327779058e+27,0.4835401196032763,0.1358608932514599,final_luminosity_arrays\ZTF22abgntys_epoch_3_lum.npy,dillon_extracting_files\dillon_fits\ztf_cutouts\ztf_cutouts_no_interp\ZTF22abgntys_epoch_3.fits,3.244079905136377e+27,False,False,False,Original Detection is False; no Gaussian subtraction attempted,,,,,True,5,5,4.0948387764921914e+27,4.0948387764921914e+27,1.1505321509855025e+27,3.5590824410988486,False,,,,,C:\Research\bts_vlass_cross_matching\gaussian_adjusted_luminosity_arrays\ZTF22abgntys_epoch_3_gaussian_adjusted_13x13_lum.npy
ZTF22abilaka,1,02:03:08.29,+36:43:50.4,SN Ia,0.096,411.4285714285714,-1140.865875912378,1.225672574292551e+29,2.823169618178556e+28,0.6051573436707262,0.1393917664849854,final_luminosity_arrays\ZTF22abilaka_epoch_1_lum.npy,dillon_extracting_files\dillon_fits\ztf_cutouts\ztf_cutouts_no_interp\ZTF22abilaka_epoch_1.fits,1.225672574292551e+29,True,False,False,,True,14.0,14.0,1.225672574292551e+29,True,6,6,1.225672574292551e+29,1.225672574292551e+29,2.8232106418227525e+28,4.341413836203234,True,,,,,C:\Research\bts_vlass_cross_matching\gaussian_adjusted_luminosity_arrays\ZTF22abilaka_epoch_1_gaussian_adjusted_13x13_lum.npy
ZTF22abilaka,2,02:03:08.29,+36:43:50.4,SN Ia,0.096,411.4285714285714,-289.58850364960443,1.189219509710809e+28,2.382279698480336e+28,0.0587159192946274,0.1176231754883847,final_luminosity_arrays\ZTF22abilaka_epoch_2_lum.npy,dillon_extracting_files\dillon_fits\ztf_cutouts\ztf_cutouts_no_interp\ZTF22abilaka_epoch_2.fits,-1.7402597570790362e+28,False,False,False,Original Detection is False; no Gaussian subtraction attempted,,,,,False,9,10,6.267048113397514e+28,1.189219509710809e+28,2.3823143155271124e+28,0.49918665306247867,False,,,,,C:\Research\bts_vlass_cross_matching\gaussian_adjusted_luminosity_arrays\ZTF22abilaka_epoch_2_gaussian_adjusted_13x13_lum.npy
ZTF22abilaka,3,02:03:08.29,+36:43:50.4,SN Ia,0.096,411.4285714285714,596.3604014598845,2.543631955856724e+28,2.6377523316276253e+28,0.1255879906238988,0.1302369346453519,final_luminosity_arrays\ZTF22abilaka_epoch_3_lum.npy,dillon_extracting_files\dillon_fits\ztf_cutouts\ztf_cutouts_no_interp\ZTF22abilaka_epoch_3.fits,-1.6695376460811483e+28,False,False,False,Original Detection is False; no Gaussian subtraction attempted,,,,,False,10,4,7.727359961050617e+28,2.543631955856724e+28,2.6377906609622984e+28,0.9643039508407296,False,,,,,C:\Research\bts_vlass_cross_matching\gaussian_adjusted_luminosity_arrays\ZTF22abilaka_epoch_3_gaussian_adjusted_13x13_lum.npy
ZTF22abiwpck,1,23:51:32.85,+08:44:16.8,SN Ia,0.042,180.0,-1726.7115547025894,6.069606990968999e+28,5.565522045267345e+27,1.5656630275771022,0.1435654520656886,final_luminosity_arrays\ZTF22abiwpck_epoch_1_lum.npy,dillon_extracting_files\dillon_fits\ztf_cutouts\ztf_cutouts_no_interp\ZTF22abiwpck_epoch_1.fits,5.295363035127057e+28,True,False,False,,True,14.0,15.0,6.069606990968999e+28,True,6,7,6.069606990968999e+28,6.069606990968999e+28,5.565602918196371e+27,10.905569585506756,True,,,,,C:\Research\bts_vlass_cross_matching\gaussian_adjusted_luminosity_arrays\ZTF22abiwpck_epoch_1_gaussian_adjusted_13x13_lum.npy
ZTF22abiwpck,2,23:51:32.85,+08:44:16.8,SN Ia,0.042,180.0,-729.590633397407,6.467388397479986e+28,6.728473126497264e+27,1.6682712594047189,0.1735643625630478,final_luminosity_arrays\ZTF22abiwpck_epoch_2_lum.npy,dillon_extracting_files\dillon_fits\ztf_cutouts\ztf_cutouts_no_interp\ZTF22abiwpck_epoch_2.fits,6.467388397479986e+28,True,False,False,,True,14.0,14.0,6.467388397479986e+28,True,6,6,6.467388397479986e+28,6.467388397479986e+28,6.728570898337027e+27,9.611830647542716,True,,,,,C:\Research\bts_vlass_cross_matching\gaussian_adjusted_luminosity_arrays\ZTF22abiwpck_epoch_2_gaussian_adjusted_13x13_lum.npy
ZTF22abiwpck,3,23:51:32.85,+08:44:16.8,SN Ia,0.042,180.0,136.0523608444355,6.030998097432131e+28,5.56373649594474e+27,1.5557038132101295,0.1435193929191071,final_luminosity_arrays\ZTF22abiwpck_epoch_3_lum.npy,dillon_extracting_files\dillon_fits\ztf_cutouts\ztf_cutouts_no_interp\ZTF22abiwpck_epoch_3.fits,6.030998097432131e+28,True,False,False,,True,14.0,14.0,6.030998097432131e+28,True,6,6,6.030998097432131e+28,6.030998097432131e+28,5.563817342927842e+27,10.839676656707864,True,,,,,C:\Research\bts_vlass_cross_matching\gaussian_adjusted_luminosity_arrays\ZTF22abiwpck_epoch_3_gaussian_adjusted_13x13_lum.npy
ZTF22abjrrea,1,17:29:45.54,+05:29:22.4,SN II,0.03,128.57142857142858,-1166.18624271834,1.5516439869615932e+28,3.280824377963275e+27,0.7844872307032347,0.1658758227949297,final_luminosity_arrays\ZTF22abjrrea_epoch_1_lum.npy,dillon_extracting_files\dillon_fits\ztf_cutouts\ztf_cutouts_no_interp\ZTF22abjrrea_epoch_1.fits,1.5516439869615932e+28,True,False,False,,True,14.0,14.0,1.5516439869615932e+28,True,6,6,1.5516439869615932e+28,1.5516439869615932e+28,3.280872051815773e+27,4.729364517896539,True,,,,,C:\Research\bts_vlass_cross_matching\gaussian_adjusted_luminosity_arrays\ZTF22abjrrea_epoch_1_gaussian_adjusted_13x13_lum.npy
ZTF22abjrrea,2,17:29:45.54,+05:29:22.4,SN II,0.03,128.57142857142858,-356.4775048542623,1.4955351991444227e+28,2.7222622190181833e+27,0.7561194943264127,0.1376353725229016,final_luminosity_arrays\ZTF22abjrrea_epoch_2_lum.npy,dillon_extracting_files\dillon_fits\ztf_cutouts\ztf_cutouts_no_interp\ZTF22abjrrea_epoch_2.fits,1.247725089615224e+28,True,False,False,,True,14.0,13.0,1.4955351991444227e+28,True,6,5,1.4955351991444227e+28,1.4955351991444227e+28,2.722301776371014e+27,5.493642226315034,True,,,,,C:\Research\bts_vlass_cross_matching\gaussian_adjusted_luminosity_arrays\ZTF22abjrrea_epoch_2_gaussian_adjusted_13x13_lum.npy
ZTF22abjrrea,3,17:29:45.54,+05:29:22.4,SN II,0.03,128.57142857142858,638.6681262136989,1.5397192260778436e+28,2.9924622092590784e+27,0.7784582558088005,0.1512964651438405,final_luminosity_arrays\ZTF22abjrrea_epoch_3_lum.npy,dillon_extracting_files\dillon_fits\ztf_cutouts\ztf_cutouts_no_interp\ZTF22abjrrea_epoch_3.fits,1.2996412090108e+28,True,False,False,,True,14.0,13.0,1.5397192260778436e+28,True,6,5,1.5397192260778436e+28,1.5397192260778436e+28,2.9925056929038994e+27,5.145250783411925,True,,,,,C:\Research\bts_vlass_cross_matching\gaussian_adjusted_luminosity_arrays\ZTF22abjrrea_epoch_3_gaussian_adjusted_13x13_lum.npy
ZTF22abmsaxp,1,02:16:32.50,-11:20:59.4,SN II,0.0134,57.42857142857143,-1193.3613380699178,3.6570410614683776e+27,1.0310744283814336e+27,0.9267370915040374,0.2612901484439302,final_luminosity_arrays\ZTF22abmsaxp_epoch_1_lum.npy,dillon_extracting_files\dillon_fits\ztf_cutouts\ztf_cutouts_no_interp\ZTF22abmsaxp_epoch_1.fits,2.2044501976178995e+27,False,False,False,Original Detection is False; no Gaussian subtraction attempted,,,,,False,11,8,1.0323461767410567e+28,3.6570410614683776e+27,1.0310894109847525e+27,3.5467739485130423,False,,,,,C:\Research\bts_vlass_cross_matching\gaussian_adjusted_luminosity_arrays\ZTF22abmsaxp_epoch_1_gaussian_adjusted_13x13_lum.npy
ZTF22abmsaxp,2,02:16:32.50,-11:20:59.4,SN II,0.0134,57.42857142857143,-251.975902901179,3.80033989919144e+27,9.063313322284016e+26,0.963050697464496,0.2296783256559798,final_luminosity_arrays\ZTF22abmsaxp_epoch_2_lum.npy,dillon_extracting_files\dillon_fits\ztf_cutouts\ztf_cutouts_no_interp\ZTF22abmsaxp_epoch_2.fits,1.7514219187377498e+27,True,True,True,,False,19.0,16.0,9.945742309268936e+27,False,4,3,2.130999081805227e+27,1.1490029615622155e+27,7.704608916314899e+26,1.4913189936599425,False,8.999435436850033e+27,2.0492438587176363,2.6930889567918146,0.0,C:\Research\bts_vlass_cross_matching\gaussian_adjusted_luminosity_arrays\ZTF22abmsaxp_epoch_2_gaussian_adjusted_13x13_lum.npy
ZTF22abmsaxp,3,02:16:32.50,-11:20:59.4,SN II,0.0134,57.42857142857143,651.9119992105241,3.526522279674379e+27,1.0525304569839772e+27,0.8936621015891434,0.266727436717461,final_luminosity_arrays\ZTF22abmsaxp_epoch_3_lum.npy,dillon_extracting_files\dillon_fits\ztf_cutouts\ztf_cutouts_no_interp\ZTF22abmsaxp_epoch_3.fits,1.641282914838864e+27,False,False,False,Original Detection is False; no Gaussian subtraction attempted,,,,,False,11,8,1.0873574507536564e+28,3.526522279674379e+27,1.0525457513661129e+27,3.350469350237042,False,,,,,C:\Research\bts_vlass_cross_matching\gaussian_adjusted_luminosity_arrays\ZTF22abmsaxp_epoch_3_gaussian_adjusted_13x13_lum.npy
ZTF22abobobs,1,20:42:26.61,+07:34:43.5,SN Ia,0.059,252.8571428571429,-1720.756902738463,2.527140235660328e+29,1.9935922674971726e+28,3.303403500467538,0.2606003132846649,final_luminosity_arrays\ZTF22abobobs_epoch_1_lum.npy,dillon_extracting_files\dillon_fits\ztf_cutouts\ztf_cutouts_no_interp\ZTF22abobobs_epoch_1.fits,1.3994857440472409e+29,True,True,True,,False,14.0,10.0,5.5002402554278215e+29,False,5,4,3.080233811766486e+29,2.322379409896718e+29,2.0210154203249926e+28,11.49115136154312,False,4.001511336931564e+29,1.3296303295751997,1.0818353231232132,1.4987289184962576e+29,C:\Research\bts_vlass_cross_matching\gaussian_adjusted_luminosity_arrays\ZTF22abobobs_epoch_1_gaussian_adjusted_13x13_lum.npy
ZTF22abobobs,2,20:42:26.61,+07:34:43.5,SN Ia,0.059,252.8571428571429,-755.6955240793505,1.344439171786595e+29,2.1662756793553404e+28,1.757411402650177,0.2831733097609201,final_luminosity_arrays\ZTF22abobobs_epoch_2_lum.npy,dillon_extracting_files\dillon_fits\ztf_cutouts\ztf_cutouts_no_interp\ZTF22abobobs_epoch_2.fits,9.532752588282426e+28,True,True,True,,False,14.0,10.0,4.95231396141916e+29,False,5,1,2.174696631357939e+29,1.1665263740216668e+29,2.127971928403215e+28,5.481869184698331,False,3.8846660945435936e+29,1.2777566053426785,1.104040824243734,1.067647866875566e+29,C:\Research\bts_vlass_cross_matching\gaussian_adjusted_luminosity_arrays\ZTF22abobobs_epoch_2_gaussian_adjusted_13x13_lum.npy
ZTF22abobobs,3,20:42:26.61,+07:34:43.5,SN Ia,0.059,252.8571428571429,130.9900283285815,9.892772743725455e+28,1.7956719842363038e+28,1.2931542005389924,0.2347283791564667,final_luminosity_arrays\ZTF22abobobs_epoch_3_lum.npy,dillon_extracting_files\dillon_fits\ztf_cutouts\ztf_cutouts_no_interp\ZTF22abobobs_epoch_3.fits,8.359322656359985e+28,True,True,True,,False,14.0,10.0,4.138469220737193e+29,False,5,2,1.904053717391703e+29,8.744432561164891e+28,1.7829826810055934e+28,4.904384464482333,False,3.2484299553911114e+29,1.2408948914505096,1.0910634115411182,8.900392653460815e+28,C:\Research\bts_vlass_cross_matching\gaussian_adjusted_luminosity_arrays\ZTF22abobobs_epoch_3_gaussian_adjusted_13x13_lum.npy
ZTF22absibqa,1,05:43:05.31,+00:37:14.7,SN Ic,0.01441,61.75714285714286,-1745.1110300569374,6.517130984355544e+27,7.234921109236826e+26,1.4281203038990498,0.1585435047695234,final_luminosity_arrays\ZTF22absibqa_epoch_1_lum.npy,dillon_extracting_files\dillon_fits\ztf_cutouts\ztf_cutouts_no_interp\ZTF22absibqa_epoch_1.fits,1.7127462559170332e+27,True,True,True,,False,12.0,11.0,2.6064932663804476e+28,False,5,3,5.843600216338286e+27,3.979119662556804e+27,7.418657954442947e+26,5.363665082002812,False,2.285095421484959e+28,1.1562406303601978,1.1911351290926686,3.2139784489548893e+27,C:\Research\bts_vlass_cross_matching\gaussian_adjusted_luminosity_arrays\ZTF22absibqa_epoch_1_gaussian_adjusted_13x13_lum.npy
ZTF22absibqa,2,05:43:05.31,+00:37:14.7,SN Ic,0.01441,61.75714285714286,-779.0322256287475,1.1144086475633323e+28,8.288965548506172e+26,2.442040247842669,0.1816414621710543,final_luminosity_arrays\ZTF22absibqa_epoch_2_lum.npy,dillon_extracting_files\dillon_fits\ztf_cutouts\ztf_cutouts_no_interp\ZTF22absibqa_epoch_2.fits,5.017867218325382e+27,True,True,True,,False,12.0,11.0,2.834412915274561e+28,False,5,4,9.322266757826848e+27,7.254964994831758e+27,8.346846061279696e+26,8.691863898732864,False,2.3443929270749417e+28,1.1842802263694805,1.161811960568551,4.900199881996189e+27,C:\Research\bts_vlass_cross_matching\gaussian_adjusted_luminosity_arrays\ZTF22absibqa_epoch_2_gaussian_adjusted_13x13_lum.npy
ZTF22absibqa,3,05:43:05.31,+00:37:14.7,SN Ic,0.01441,61.75714285714286,81.56654607105823,6.364186291027826e+27,7.708154015450339e+26,1.3946050312370062,0.168913763462126,final_luminosity_arrays\ZTF22absibqa_epoch_3_lum.npy,dillon_extracting_files\dillon_fits\ztf_cutouts\ztf_cutouts_no_interp\ZTF22absibqa_epoch_3.fits,1.987738736256604e+27,True,True,True,,False,12.0,11.0,2.6650012761533788e+28,False,5,2,1.0239980177289908e+28,2.9255769091279956e+27,8.405342381296862e+26,3.480615989704167,False,2.185383656364048e+28,1.2023246632752003,1.1999177443372724,4.7961761978933113e+27,C:\Research\bts_vlass_cross_matching\gaussian_adjusted_luminosity_arrays\ZTF22absibqa_epoch_3_gaussian_adjusted_13x13_lum.npy
ZTF22abtcsar,1,09:53:51.04,-07:47:33.8,SN Ia-91bg,0.01932,82.8,-1250.285536626829,4.179845820670963e+27,1.1671256393777225e+27,0.5095447413623333,0.142280696281537,final_luminosity_arrays\ZTF22abtcsar_epoch_1_lum.npy,dillon_extracting_files\dillon_fits\ztf_cutouts\ztf_cutouts_no_interp\ZTF22abtcsar_epoch_1.fits,4.0122334642790337e+27,False,False,False,Original Detection is False; no Gaussian subtraction attempted,,,,,True,7,6,4.179845820670963e+27,4.179845820670963e+27,1.1671425989492105e+27,3.5812640412869152,False,,,,,C:\Research\bts_vlass_cross_matching\gaussian_adjusted_luminosity_arrays\ZTF22abtcsar_epoch_1_gaussian_adjusted_13x13_lum.npy
ZTF22abtcsar,2,09:53:51.04,-07:47:33.8,SN Ia-91bg,0.01932,82.8,-396.77535336740135,4.345994691087667e+27,1.1971252595354306e+27,0.5297991447150707,0.1459378576874813,final_luminosity_arrays\ZTF22abtcsar_epoch_2_lum.npy,dillon_extracting_files\dillon_fits\ztf_cutouts\ztf_cutouts_no_interp\ZTF22abtcsar_epoch_2.fits,4.345994691087667e+27,False,False,False,Original Detection is False; no Gaussian subtraction attempted,,,,,True,6,6,4.345994691087667e+27,4.345994691087667e+27,1.1971426550331684e+27,3.630306440770215,False,,,,,C:\Research\bts_vlass_cross_matching\gaussian_adjusted_luminosity_arrays\ZTF22abtcsar_epoch_2_gaussian_adjusted_13x13_lum.npy
ZTF22abtcsar,3,09:53:51.04,-07:47:33.8,SN Ia-91bg,0.01932,82.8,565.6309567216776,5.793434843736317e+27,1.439123504776916e+27,0.7062495569698513,0.1754391193084896,final_luminosity_arrays\ZTF22abtcsar_epoch_3_lum.npy,dillon_extracting_files\dillon_fits\ztf_cutouts\ztf_cutouts_no_interp\ZTF22abtcsar_epoch_3.fits,4.001907890310274e+27,True,False,False,,True,15.0,14.0,5.793434843736317e+27,True,7,6,5.793434843736317e+27,5.793434843736317e+27,1.4391444167654253e+27,4.025610478173869,True,,,,,C:\Research\bts_vlass_cross_matching\gaussian_adjusted_luminosity_arrays\ZTF22abtcsar_epoch_3_gaussian_adjusted_13x13_lum.npy
ZTF22abtprtn,1,22:34:34.84,-27:29:11.5,SN Ia-pec,0.04,171.42857142857142,-1664.5826923078855,4.564425646506688e+28,4.554284468895501e+27,1.2980829924345016,0.1295217750253121,final_luminosity_arrays\ZTF22abtprtn_epoch_1_lum.npy,dillon_extracting_files\dillon_fits\ztf_cutouts\ztf_cutouts_no_interp\ZTF22abtprtn_epoch_1.fits,4.059607353588209e+28,True,False,False,,True,14.0,13.0,4.564425646506688e+28,True,6,5,4.564425646506688e+28,4.564425646506688e+28,4.554350647471674e+27,10.022121702554033,True,,,,,C:\Research\bts_vlass_cross_matching\gaussian_adjusted_luminosity_arrays\ZTF22abtprtn_epoch_1_gaussian_adjusted_13x13_lum.npy
ZTF22abtprtn,2,22:34:34.84,-27:29:11.5,SN Ia-pec,0.04,171.42857142857142,-722.2750000001934,4.932030536673692e+28,5.503663575510673e+27,1.4026266289874911,0.1565216842098526,final_luminosity_arrays\ZTF22abtprtn_epoch_2_lum.npy,dillon_extracting_files\dillon_fits\ztf_cutouts\ztf_cutouts_no_interp\ZTF22abtprtn_epoch_2.fits,4.932030536673692e+28,True,False,False,,True,14.0,14.0,4.932030536673692e+28,True,6,6,4.932030536673692e+28,4.932030536673692e+28,5.503743549570626e+27,8.961228829527247,True,,,,,C:\Research\bts_vlass_cross_matching\gaussian_adjusted_luminosity_arrays\ZTF22abtprtn_epoch_2_gaussian_adjusted_13x13_lum.npy
ZTF22abtprtn,3,22:34:34.84,-27:29:11.5,SN Ia-pec,0.04,171.42857142857142,197.91730769211424,4.773842905687106e+28,5.013569969998352e+27,1.357639441266656,0.1425836453921093,final_luminosity_arrays\ZTF22abtprtn_epoch_3_lum.npy,dillon_extracting_files\dillon_fits\ztf_cutouts\ztf_cutouts_no_interp\ZTF22abtprtn_epoch_3.fits,3.5446421156388574e+28,True,False,False,,True,15.0,13.0,4.773842905687106e+28,True,7,5,4.773842905687106e+28,4.773842905687106e+28,5.013642822479224e+27,9.521705224558582,True,,,,,C:\Research\bts_vlass_cross_matching\gaussian_adjusted_luminosity_arrays\ZTF22abtprtn_epoch_3_gaussian_adjusted_13x13_lum.npy
ZTF22abudhzo,1,02:30:38.55,+42:13:57.6,SN Ia,0.019,81.42857142857143,-1262.4926398429652,7.2904412801162e+27,1.0794862678380716e+27,0.9189310367219152,0.1360669144077079,final_luminosity_arrays\ZTF22abudhzo_epoch_1_lum.npy,dillon_extracting_files\dillon_fits\ztf_cutouts\ztf_cutouts_no_interp\ZTF22abudhzo_epoch_1.fits,4.243799745885913e+27,True,True,True,,False,12.0,15.0,9.012369824775704e+27,False,4,6,3.501976191139421e+27,3.239549614195258e+27,1.0573189633679446e+27,3.063928413689013,False,8.027622500977036e+27,1.1145201631596804,1.1979901388093737,9.847473237986666e+26,C:\Research\bts_vlass_cross_matching\gaussian_adjusted_luminosity_arrays\ZTF22abudhzo_epoch_1_gaussian_adjusted_13x13_lum.npy
ZTF22abudhzo,2,02:30:38.55,+42:13:57.6,SN Ia,0.019,81.42857142857143,-355.7212953876167,5.202725232406585e+27,1.071443051498062e+27,0.6557827582582831,0.1350530843462189,final_luminosity_arrays\ZTF22abudhzo_epoch_2_lum.npy,dillon_extracting_files\dillon_fits\ztf_cutouts\ztf_cutouts_no_interp\ZTF22abudhzo_epoch_2.fits,2.72121900835511e+27,True,True,True,,False,12.0,14.0,7.958444858690737e+27,False,0,8,3.7161454640102265e+27,2.210871778392789e+27,1.0330376739985708e+27,2.140165682278735,False,5.999598902009288e+27,1.107780283580773,1.160044930268427,1.958845956681449e+27,C:\Research\bts_vlass_cross_matching\gaussian_adjusted_luminosity_arrays\ZTF22abudhzo_epoch_2_gaussian_adjusted_13x13_lum.npy
ZTF22abudhzo,3,02:30:38.55,+42:13:57.6,SN Ia,0.019,81.42857142857143,570.6771344455532,3.91175158852161e+27,9.73614557858526e+26,0.4930606810376048,0.1227220138478932,final_luminosity_arrays\ZTF22abudhzo_epoch_3_lum.npy,dillon_extracting_files\dillon_fits\ztf_cutouts\ztf_cutouts_no_interp\ZTF22abudhzo_epoch_3.fits,4.261502789018139e+26,True,True,True,,False,12.0,15.0,6.164485228498979e+27,False,8,0,2.025475057143013e+27,1.788138550637896e+27,9.474571403063197e+26,1.8873028389017976,False,5.421536163951143e+27,1.0810030691258057,1.0606300386866074,7.429490645478356e+26,C:\Research\bts_vlass_cross_matching\gaussian_adjusted_luminosity_arrays\ZTF22abudhzo_epoch_3_gaussian_adjusted_13x13_lum.npy
ZTF22abxacvm,1,09:54:02.30,+72:09:30.4,SN Ia,0.048,205.7142857142857,-2289.415177951375,7.159644919784613e+28,7.073642397593723e+27,1.4139866689220075,0.139702198965973,final_luminosity_arrays\ZTF22abxacvm_epoch_1_lum.npy,dillon_extracting_files\dillon_fits\ztf_cutouts\ztf_cutouts_no_interp\ZTF22abxacvm_epoch_1.fits,7.159644919784613e+28,True,False,False,,True,14.0,14.0,7.159644919784613e+28,True,6,6,7.159644919784613e+28,7.159644919784613e+28,7.07374518510852e+27,10.121434590062599,True,,,,,C:\Research\bts_vlass_cross_matching\gaussian_adjusted_luminosity_arrays\ZTF22abxacvm_epoch_1_gaussian_adjusted_13x13_lum.npy
ZTF22abxacvm,2,09:54:02.30,+72:09:30.4,SN Ia,0.048,205.7142857142857,-1251.2472390200771,8.079616372904672e+28,8.033021962438538e+27,1.595675479620696,0.1586496417851678,final_luminosity_arrays\ZTF22abxacvm_epoch_2_lum.npy,dillon_extracting_files\dillon_fits\ztf_cutouts\ztf_cutouts_no_interp\ZTF22abxacvm_epoch_2.fits,6.022484174832105e+28,True,False,False,,True,13.0,13.0,8.079616372904672e+28,True,5,5,8.079616372904672e+28,8.079616372904672e+28,8.033138690754362e+27,10.057857437720829,True,,,,,C:\Research\bts_vlass_cross_matching\gaussian_adjusted_luminosity_arrays\ZTF22abxacvm_epoch_2_gaussian_adjusted_13x13_lum.npy
ZTF22abxacvm,3,09:54:02.30,+72:09:30.4,SN Ia,0.048,205.7142857142857,-402.0105977987032,7.553724887517153e+28,7.654738787545594e+27,1.4918150845915084,0.1511786687851259,final_luminosity_arrays\ZTF22abxacvm_epoch_3_lum.npy,dillon_extracting_files\dillon_fits\ztf_cutouts\ztf_cutouts_no_interp\ZTF22abxacvm_epoch_3.fits,7.553724887517153e+28,True,False,False,,True,14.0,14.0,7.553724887517153e+28,True,6,6,7.553724887517153e+28,7.553724887517153e+28,7.654850019006296e+27,9.867894039415459,True,,,,,C:\Research\bts_vlass_cross_matching\gaussian_adjusted_luminosity_arrays\ZTF22abxacvm_epoch_3_gaussian_adjusted_13x13_lum.npy
ZTF22abxomzd,1,02:30:43.15,-02:55:56.9,SN II,0.01915,82.07142857142857,-1791.9069813080184,4.4048809886067886e+27,1.4077786651353935e+27,0.5465538124553859,0.1746784939478283,final_luminosity_arrays\ZTF22abxomzd_epoch_1_lum.npy,dillon_extracting_files\dillon_fits\ztf_cutouts\ztf_cutouts_no_interp\ZTF22abxomzd_epoch_1.fits,4.219407041536839e+27,False,False,False,Original Detection is False; no Gaussian subtraction attempted,,,,,False,6,4,4.6754593716294395e+27,4.4048809886067886e+27,1.40779912165019e+27,3.1289130110008077,False,,,,,C:\Research\bts_vlass_cross_matching\gaussian_adjusted_luminosity_arrays\ZTF22abxomzd_epoch_1_gaussian_adjusted_13x13_lum.npy
ZTF22abxomzd,2,02:30:43.15,-02:55:56.9,SN II,0.01915,82.07142857142857,-780.2796448021068,6.154369783250895e+27,1.453214423878201e+27,0.7636288646608591,0.1803162054042718,final_luminosity_arrays\ZTF22abxomzd_epoch_2_lum.npy,dillon_extracting_files\dillon_fits\ztf_cutouts\ztf_cutouts_no_interp\ZTF22abxomzd_epoch_2.fits,6.154369783250895e+27,True,False,False,,True,14.0,14.0,6.154369783250895e+27,True,6,6,6.154369783250895e+27,6.154369783250895e+27,1.4532355406226872e+27,4.234943070972411,True,,,,,C:\Research\bts_vlass_cross_matching\gaussian_adjusted_luminosity_arrays\ZTF22abxomzd_epoch_2_gaussian_adjusted_13x13_lum.npy
ZTF22abxomzd,3,02:30:43.15,-02:55:56.9,SN II,0.01915,82.07142857142857,94.95952509437564,3.49692660869143e+27,1.214240338857548e+27,0.4338956205174327,0.1506640773405514,final_luminosity_arrays\ZTF22abxomzd_epoch_3_lum.npy,dillon_extracting_files\dillon_fits\ztf_cutouts\ztf_cutouts_no_interp\ZTF22abxomzd_epoch_3.fits,2.926053376179141e+27,False,False,False,Original Detection is False; no Gaussian subtraction attempted,,,,,False,5,3,4.023412202004834e+27,3.49692660869143e+27,1.2142579830555128e+27,2.879887682427993,False,,,,,C:\Research\bts_vlass_cross_matching\gaussian_adjusted_luminosity_arrays\ZTF22abxomzd_epoch_3_gaussian_adjusted_13x13_lum.npy
ZTF22abybbud,1,07:37:35.25,+35:36:19.9,SN II,0.01334,57.17142857142857,-1258.6846566796787,3.118119019610778e+27,5.545480238391802e+26,0.7972918683663011,0.1417980044886847,final_luminosity_arrays\ZTF22abybbud_epoch_1_lum.npy,dillon_extracting_files\dillon_fits\ztf_cutouts\ztf_cutouts_no_interp\ZTF22abybbud_epoch_1.fits,2.3789631144166468e+27,True,True,True,,False,16.0,15.0,3.443821052905068e+27,True,5,6,1.3703594466267817e+27,1.3703594466267817e+27,5.1079834026370187e+26,2.6827797559391593,False,3.4488287434639764e+27,1.8558556073034789,1.6889766099971302,0.0,C:\Research\bts_vlass_cross_matching\gaussian_adjusted_luminosity_arrays\ZTF22abybbud_epoch_1_gaussian_adjusted_13x13_lum.npy
ZTF22abybbud,2,07:37:35.25,+35:36:19.9,SN II,0.01334,57.17142857142857,-345.86171472534943,3.136449112291204e+27,5.569154510385622e+26,0.8019788074307144,0.1424033559428664,final_luminosity_arrays\ZTF22abybbud_epoch_2_lum.npy,dillon_extracting_files\dillon_fits\ztf_cutouts\ztf_cutouts_no_interp\ZTF22abybbud_epoch_2.fits,1.993701312508756e+27,True,True,True,,False,16.0,15.0,3.482888797290126e+27,False,0,6,1.2336112407160769e+27,7.342573767153754e+26,4.934597058178325e+26,1.4879783861956029,False,3.0954539257758334e+27,1.7569107915746125,2.3367345001213153,0.0,C:\Research\bts_vlass_cross_matching\gaussian_adjusted_luminosity_arrays\ZTF22abybbud_epoch_2_gaussian_adjusted_13x13_lum.npy
ZTF22abybbud,3,07:37:35.25,+35:36:19.9,SN II,0.01334,57.17142857142857,576.8295833582159,2.774981305455855e+27,7.070898027477827e+26,0.7095527835190296,0.1808029579292307,final_luminosity_arrays\ZTF22abybbud_epoch_3_lum.npy,dillon_extracting_files\dillon_fits\ztf_cutouts\ztf_cutouts_no_interp\ZTF22abybbud_epoch_3.fits,2.3737864982847944e+27,False,False,False,Original Detection is False; no Gaussian subtraction attempted,,,,,False,8,6,2.841141145815753e+27,2.774981305455855e+27,7.071000775114016e+26,3.9244534030066065,False,,,,,C:\Research\bts_vlass_cross_matching\gaussian_adjusted_luminosity_arrays\ZTF22abybbud_epoch_3_gaussian_adjusted_13x13_lum.npy
ZTF22abyngnw,1,05:47:34.69,-25:32:46.1,SN Ia,0.04271,183.0428571428572,-1207.7528703138755,3.936248786005742e+28,7.249500083071577e+27,0.9818829130381342,0.1808387650534192,final_luminosity_arrays\ZTF22abyngnw_epoch_1_lum.npy,dillon_extracting_files\dillon_fits\ztf_cutouts\ztf_cutouts_no_interp\ZTF22abyngnw_epoch_1.fits,2.052460113855664e+28,True,True,True,,False,16.0,14.0,6.672725996259231e+28,False,4,5,3.0523868060557345e+28,1.3484168408004815e+28,6.93402031305834e+27,1.9446393000336406,False,6.101255727026212e+28,0.8896832259562049,1.9924900230157192,0.0,C:\Research\bts_vlass_cross_matching\gaussian_adjusted_luminosity_arrays\ZTF22abyngnw_epoch_1_gaussian_adjusted_13x13_lum.npy
ZTF22abyngnw,2,05:47:34.69,-25:32:46.1,SN Ia,0.04271,183.0428571428572,-283.2388635430571,5.6847456633977485e+28,5.56957824747786e+27,1.4180390862748025,0.1389331182289661,final_luminosity_arrays\ZTF22abyngnw_epoch_2_lum.npy,dillon_extracting_files\dillon_fits\ztf_cutouts\ztf_cutouts_no_interp\ZTF22abyngnw_epoch_2.fits,1.241018530625381e+28,True,True,True,,False,16.0,14.0,7.11406435315677e+28,False,8,5,2.4872970049813824e+28,9.939312627737952e+27,5.687146192593688e+27,1.7476801705364662,False,5.451397832081945e+28,0.8984927610235351,2.3414015576831675,-549755813888.0,C:\Research\bts_vlass_cross_matching\gaussian_adjusted_luminosity_arrays\ZTF22abyngnw_epoch_2_gaussian_adjusted_13x13_lum.npy
ZTF22abyngnw,3,05:47:34.69,-25:32:46.1,SN Ia,0.04271,183.0428571428572,629.7666701144316,4.400978820663782e+28,5.609020020300117e+27,1.0978081263601775,0.139916993173026,final_luminosity_arrays\ZTF22abyngnw_epoch_3_lum.npy,dillon_extracting_files\dillon_fits\ztf_cutouts\ztf_cutouts_no_interp\ZTF22abyngnw_epoch_3.fits,2.849529596761268e+28,True,True,True,,False,16.0,14.0,5.38360663063641e+28,False,1,4,1.42379899765287e+28,1.0652656697685115e+28,5.391048838518359e+27,1.975989648168875,False,4.845524423167908e+28,0.9780493693084438,1.5747408148505975,0.0,C:\Research\bts_vlass_cross_matching\gaussian_adjusted_luminosity_arrays\ZTF22abyngnw_epoch_3_gaussian_adjusted_13x13_lum.npy
ZTF22abzsylr,1,01:02:12.19,-20:37:20.9,SN Ia,0.05475,234.6428571428572,-1683.871211187393,3.025650495971212e+28,8.396601689922757e+27,0.4592898185364901,0.1274611760436046,final_luminosity_arrays\ZTF22abzsylr_epoch_1_lum.npy,dillon_extracting_files\dillon_fits\ztf_cutouts\ztf_cutouts_no_interp\ZTF22abzsylr_epoch_1.fits,2.263841826132627e+28,False,False,False,Original Detection is False; no Gaussian subtraction attempted,,,,,False,6,8,3.7401859351604304e+28,3.0256504959712117e+28,8.396723701437039e+27,3.6033703186558266,False,,,,,C:\Research\bts_vlass_cross_matching\gaussian_adjusted_luminosity_arrays\ZTF22abzsylr_epoch_1_gaussian_adjusted_13x13_lum.npy
ZTF22abzsylr,2,01:02:12.19,-20:37:20.9,SN Ia,0.05475,234.6428571428572,-743.363981986161,2.615869661097372e+28,9.935802302540236e+27,0.397085619624704,0.1508263810987304,final_luminosity_arrays\ZTF22abzsylr_epoch_2_lum.npy,dillon_extracting_files\dillon_fits\ztf_cutouts\ztf_cutouts_no_interp\ZTF22abzsylr_epoch_2.fits,-7.338878544769075e+26,False,False,False,Original Detection is False; no Gaussian subtraction attempted,,,,,False,6,8,3.139192641480449e+28,2.6158696610973716e+28,9.935946680269384e+27,2.632733191183399,False,,,,,C:\Research\bts_vlass_cross_matching\gaussian_adjusted_luminosity_arrays\ZTF22abzsylr_epoch_2_gaussian_adjusted_13x13_lum.npy
ZTF22abzsylr,3,01:02:12.19,-20:37:20.9,SN Ia,0.05475,234.6428571428572,160.16766058316824,4.339663247582881e+28,9.16529842041653e+27,0.658755248878151,0.1391300622082539,final_luminosity_arrays\ZTF22abzsylr_epoch_3_lum.npy,dillon_extracting_files\dillon_fits\ztf_cutouts\ztf_cutouts_no_interp\ZTF22abzsylr_epoch_3.fits,1.214975768620351e+28,True,True,True,,False,14.0,16.0,4.360828700339166e+28,False,4,4,2.725472611950999e+28,2.1348065986035132e+28,9.010816834818119e+27,2.369159908294378,False,4.151504495123486e+28,1.0153730331240827,1.1447356185822843,-1.6342916949139806e+27,C:\Research\bts_vlass_cross_matching\gaussian_adjusted_luminosity_arrays\ZTF22abzsylr_epoch_3_gaussian_adjusted_13x13_lum.npy
ZTF22abzwebp,1,02:54:02.11,+50:39:18.7,SN Ia,0.04,171.42857142857142,-1250.274769230656,2.994223358420044e+28,6.47802745035745e+27,0.8515311055816711,0.184232148817985,final_luminosity_arrays\ZTF22abzwebp_epoch_1_lum.npy,dillon_extracting_files\dillon_fits\ztf_cutouts\ztf_cutouts_no_interp\ZTF22abzwebp_epoch_1.fits,2.5092191984398564e+28,True,True,True,,False,14.0,16.0,3.335190880484679e+28,True,7,5,2.9692079885647823e+28,2.9692079885647823e+28,6.376104249584805e+27,4.656774532439819,True,1.7219357632747123e+28,1.082080170105037,1.134448838616325,1.6132551172099669e+28,C:\Research\bts_vlass_cross_matching\gaussian_adjusted_luminosity_arrays\ZTF22abzwebp_epoch_1_gaussian_adjusted_13x13_lum.npy
ZTF22abzwebp,2,02:54:02.11,+50:39:18.7,SN Ia,0.04,171.42857142857142,-362.77476923065615,2.5632205292641573e+28,5.400655982332983e+27,0.728957646060735,0.153592195197785,final_luminosity_arrays\ZTF22abzwebp_epoch_2_lum.npy,dillon_extracting_files\dillon_fits\ztf_cutouts\ztf_cutouts_no_interp\ZTF22abzwebp_epoch_2.fits,1.7886465132111005e+28,True,True,True,,False,16.0,14.0,3.1799871996272916e+28,True,5,7,2.553930873758432e+28,2.553930873758432e+28,5.537155408160995e+27,4.6123518043114595,True,1.7574357436649172e+28,1.1463448742108135,0.9391122409608867,1.4225514559623744e+28,C:\Research\bts_vlass_cross_matching\gaussian_adjusted_luminosity_arrays\ZTF22abzwebp_epoch_2_gaussian_adjusted_13x13_lum.npy
ZTF22abzwebp,3,02:54:02.11,+50:39:18.7,SN Ia,0.04,171.42857142857142,508.3790769231899,2.542129431866296e+28,5.240148684416479e+27,0.722959521226585,0.1490274407840793,final_luminosity_arrays\ZTF22abzwebp_epoch_3_lum.npy,dillon_extracting_files\dillon_fits\ztf_cutouts\ztf_cutouts_no_interp\ZTF22abzwebp_epoch_3.fits,1.8208774318368808e+28,True,False,False,,True,14.0,15.0,2.5421294318662956e+28,True,6,7,2.5421294318662956e+28,2.5421294318662956e+28,5.240224829326012e+27,4.851183898903932,True,,,,,C:\Research\bts_vlass_cross_matching\gaussian_adjusted_luminosity_arrays\ZTF22abzwebp_epoch_3_gaussian_adjusted_13x13_lum.npy
ZTF22acaczle,1,05:24:32.60,-25:38:45.3,SN Ia,0.062,265.7142857142857,-1199.7316195857543,1.0681563522454778e+29,1.4530603805373184e+28,1.2644095113500953,0.1720057236225137,final_luminosity_arrays\ZTF22acaczle_epoch_1_lum.npy,dillon_extracting_files\dillon_fits\ztf_cutouts\ztf_cutouts_no_interp\ZTF22acaczle_epoch_1.fits,1.0681563522454778e+29,True,False,False,,True,14.0,14.0,1.0681563522454778e+29,True,6,6,1.0681563522454778e+29,1.0681563522454778e+29,1.4530814950433914e+28,7.350973471818804,True,,,,,C:\Research\bts_vlass_cross_matching\gaussian_adjusted_luminosity_arrays\ZTF22acaczle_epoch_1_gaussian_adjusted_13x13_lum.npy
ZTF22acaczle,2,05:24:32.60,-25:38:45.3,SN Ia,0.062,265.7142857142857,-292.0103389831179,1.19970500321535e+29,1.2821562113679456e+28,1.4201276935637,0.151774977755496,final_luminosity_arrays\ZTF22acaczle_epoch_2_lum.npy,dillon_extracting_files\dillon_fits\ztf_cutouts\ztf_cutouts_no_interp\ZTF22acaczle_epoch_2.fits,1.19970500321535e+29,True,False,False,,True,14.0,14.0,1.1997050032153499e+29,True,6,6,1.1997050032153499e+29,1.1997050032153499e+29,1.2821748424554586e+28,9.356797243953306,True,,,,,C:\Research\bts_vlass_cross_matching\gaussian_adjusted_luminosity_arrays\ZTF22acaczle_epoch_2_gaussian_adjusted_13x13_lum.npy
ZTF22acaczle,3,05:24:32.60,-25:38:45.3,SN Ia,0.062,265.7142857142857,604.41150659127,1.4131618076532117e+29,1.1308605675921482e+28,1.672803075052798,0.1338653870480769,final_luminosity_arrays\ZTF22acaczle_epoch_3_lum.npy,dillon_extracting_files\dillon_fits\ztf_cutouts\ztf_cutouts_no_interp\ZTF22acaczle_epoch_3.fits,1.4131618076532117e+29,True,False,False,,True,14.0,14.0,1.4131618076532115e+29,True,6,6,1.4131618076532115e+29,1.4131618076532115e+29,1.13087700019374e+28,12.496158356842619,True,,,,,C:\Research\bts_vlass_cross_matching\gaussian_adjusted_luminosity_arrays\ZTF22acaczle_epoch_3_gaussian_adjusted_13x13_lum.npy
ZTF23aaabewy,1,11:32:43.95,+41:56:10.5,SN Ia,0.0695,297.8571428571429,-1260.9406825618285,3.628802407072276e+28,1.3497248170195784e+28,0.3418456180952489,0.1271505491805779,final_luminosity_arrays\ZTF23aaabewy_epoch_1_lum.npy,dillon_extracting_files\dillon_fits\ztf_cutouts\ztf_cutouts_no_interp\ZTF23aaabewy_epoch_1.fits,2.646454709527596e+28,False,False,False,Original Detection is False; no Gaussian subtraction attempted,,,,,True,5,7,3.628802407072276e+28,3.628802407072276e+28,1.3497444299504844e+28,2.688510748072062,False,,,,,C:\Research\bts_vlass_cross_matching\gaussian_adjusted_luminosity_arrays\ZTF23aaabewy_epoch_1_gaussian_adjusted_13x13_lum.npy
ZTF23aaabewy,2,11:32:43.95,+41:56:10.5,SN Ia,0.0695,297.8571428571429,-424.1010378680464,4.193340266174452e+28,1.2398575019463085e+28,0.395027018385008,0.1168005213286715,final_luminosity_arrays\ZTF23aaabewy_epoch_2_lum.npy,dillon_extracting_files\dillon_fits\ztf_cutouts\ztf_cutouts_no_interp\ZTF23aaabewy_epoch_2.fits,2.6678353607177763e+28,False,False,False,Original Detection is False; no Gaussian subtraction attempted,,,,,True,5,6,4.193340266174452e+28,4.193340266174452e+28,1.2398755183887808e+28,3.38206554124377,False,,,,,C:\Research\bts_vlass_cross_matching\gaussian_adjusted_luminosity_arrays\ZTF23aaabewy_epoch_2_gaussian_adjusted_13x13_lum.npy
ZTF23aaabewy,3,11:32:43.95,+41:56:10.5,SN Ia,0.0695,297.8571428571429,479.1247685835664,7.250066516492064e+28,1.2982040771684285e+28,0.6829811027273536,0.1222970484642401,final_luminosity_arrays\ZTF23aaabewy_epoch_3_lum.npy,dillon_extracting_files\dillon_fits\ztf_cutouts\ztf_cutouts_no_interp\ZTF23aaabewy_epoch_3.fits,3.877205997839501e+28,True,False,False,,True,13.0,15.0,7.250066516492064e+28,True,5,7,7.250066516492064e+28,7.250066516492064e+28,1.2982229414484261e+28,5.584608224842469,True,,,,,C:\Research\bts_vlass_cross_matching\gaussian_adjusted_luminosity_arrays\ZTF23aaabewy_epoch_3_gaussian_adjusted_13x13_lum.npy
ZTF23aabngtm,1,06:45:55.32,-18:13:53.5,SN II,0.035,150.00000000000003,-1723.203865,3.9011196441406094e+27,3.7111114908074007e+27,0.1449070405215025,0.1378511931306911,final_luminosity_arrays\ZTF23aabngtm_epoch_1_lum.npy,dillon_extracting_files\dillon_fits\ztf_cutouts\ztf_cutouts_no_interp\ZTF23aabngtm_epoch_1.fits,3.9011196441406094e+27,False,False,False,Original Detection is False; no Gaussian subtraction attempted,,,,,False,12,6,8.939904446091965e+27,3.9011196441406094e+27,3.711165417187309e+27,1.0511845217336786,False,,,,,C:\Research\bts_vlass_cross_matching\gaussian_adjusted_luminosity_arrays\ZTF23aabngtm_epoch_1_gaussian_adjusted_13x13_lum.npy
ZTF23aabngtm,2,06:45:55.32,-18:13:53.5,SN II,0.035,150.00000000000003,-769.580676,5.924538182030936e+27,4.09665271984958e+27,0.2200668968725949,0.1521723253726584,final_luminosity_arrays\ZTF23aabngtm_epoch_2_lum.npy,dillon_extracting_files\dillon_fits\ztf_cutouts\ztf_cutouts_no_interp\ZTF23aabngtm_epoch_2.fits,1.0221063798319652e+27,False,False,False,Original Detection is False; no Gaussian subtraction attempted,,,,,False,3,6,1.1747988216026433e+28,5.924538182030936e+27,4.096712248551822e+27,1.446168981998979,False,,,,,C:\Research\bts_vlass_cross_matching\gaussian_adjusted_luminosity_arrays\ZTF23aabngtm_epoch_2_gaussian_adjusted_13x13_lum.npy
ZTF23aabngtm,3,06:45:55.32,-18:13:53.5,SN II,0.035,150.00000000000003,148.29372,1.8455786779232425e+28,4.087679403785671e+27,0.6855399697087705,0.1518390068159908,final_luminosity_arrays\ZTF23aabngtm_epoch_3_lum.npy,dillon_extracting_files\dillon_fits\ztf_cutouts\ztf_cutouts_no_interp\ZTF23aabngtm_epoch_3.fits,1.013418517227879e+28,True,False,False,,True,14.0,13.0,1.8455786779232425e+28,True,6,5,1.8455786779232425e+28,1.8455786779232425e+28,4.0877388020961287e+27,4.514913421025968,True,,,,,C:\Research\bts_vlass_cross_matching\gaussian_adjusted_luminosity_arrays\ZTF23aabngtm_epoch_3_gaussian_adjusted_13x13_lum.npy
ZTF23aabzrgo,1,08:32:04.79,+21:37:42.7,SN Ia,0.0538,230.57142857142856,-1662.0399506549102,7.722056164641533e+28,8.041694233717084e+27,1.213960931636393,0.1264228629311772,final_luminosity_arrays\ZTF23aabzrgo_epoch_1_lum.npy,dillon_extracting_files\dillon_fits\ztf_cutouts\ztf_cutouts_no_interp\ZTF23aabzrgo_epoch_1.fits,7.722056164641533e+28,True,False,False,,True,14.0,14.0,7.722056164641533e+28,True,6,6,7.722056164641533e+28,7.722056164641533e+28,8.041811088050191e+27,9.602384438147519,True,,,,,C:\Research\bts_vlass_cross_matching\gaussian_adjusted_luminosity_arrays\ZTF23aabzrgo_epoch_1_gaussian_adjusted_13x13_lum.npy
ZTF23aabzrgo,2,08:32:04.79,+21:37:42.7,SN Ia,0.0538,230.57142857142856,-735.8680015184518,8.320556995930221e+28,8.033033199239994e+27,1.3080494245514276,0.1262867034674229,final_luminosity_arrays\ZTF23aabzrgo_epoch_2_lum.npy,dillon_extracting_files\dillon_fits\ztf_cutouts\ztf_cutouts_no_interp\ZTF23aabzrgo_epoch_2.fits,8.320556995930221e+28,True,False,False,,True,14.0,14.0,8.320556995930221e+28,True,6,6,8.320556995930221e+28,8.320556995930221e+28,8.033149927719101e+27,10.357776302941136,True,,,,,C:\Research\bts_vlass_cross_matching\gaussian_adjusted_luminosity_arrays\ZTF23aabzrgo_epoch_2_gaussian_adjusted_13x13_lum.npy
ZTF23aabzrgo,3,08:32:04.79,+21:37:42.7,SN Ia,0.0538,230.57142857142856,135.2650408045696,6.095019627953704e+28,8.548989108080835e+27,0.9581794729456306,0.1343980070368159,final_luminosity_arrays\ZTF23aabzrgo_epoch_3_lum.npy,dillon_extracting_files\dillon_fits\ztf_cutouts\ztf_cutouts_no_interp\ZTF23aabzrgo_epoch_3.fits,6.095019627953704e+28,True,False,False,,True,14.0,14.0,6.095019627953704e+28,True,6,6,6.095019627953704e+28,6.095019627953704e+28,8.549113333945677e+27,7.129417273897182,True,,,,,C:\Research\bts_vlass_cross_matching\gaussian_adjusted_luminosity_arrays\ZTF23aabzrgo_epoch_3_gaussian_adjusted_13x13_lum.npy
ZTF23aacrmex,1,12:44:00.56,-01:38:12.3,SN Ia,0.048,205.7142857142857,-1342.118024809165,1.875222394841092e+28,8.439999048491021e+27,0.3703451075125486,0.1666873104506967,final_luminosity_arrays\ZTF23aacrmex_epoch_1_lum.npy,dillon_extracting_files\dillon_fits\ztf_cutouts\ztf_cutouts_no_interp\ZTF23aacrmex_epoch_1.fits,1.1352880957096193e+28,False,False,False,Original Detection is False; no Gaussian subtraction attempted,,,,,False,0,8,2.308734615736057e+28,1.8752223948410922e+28,8.440121690614881e+27,2.2217954474830304,False,,,,,C:\Research\bts_vlass_cross_matching\gaussian_adjusted_luminosity_arrays\ZTF23aacrmex_epoch_1_gaussian_adjusted_13x13_lum.npy
ZTF23aacrmex,2,12:44:00.56,-01:38:12.3,SN Ia,0.048,205.7142857142857,-420.36229961832544,3.1940860416253494e+28,8.168363702603542e+27,0.6308127194643024,0.161322598325827,final_luminosity_arrays\ZTF23aacrmex_epoch_2_lum.npy,dillon_extracting_files\dillon_fits\ztf_cutouts\ztf_cutouts_no_interp\ZTF23aacrmex_epoch_2.fits,1.8873162532252104e+28,False,False,False,Original Detection is False; no Gaussian subtraction attempted,,,,,True,6,5,3.1940860416253494e+28,3.1940860416253494e+28,8.168482397578174e+27,3.910256380759718,False,,,,,C:\Research\bts_vlass_cross_matching\gaussian_adjusted_luminosity_arrays\ZTF23aacrmex_epoch_2_gaussian_adjusted_13x13_lum.npy
ZTF23aacrmex,3,12:44:00.56,-01:38:12.3,SN Ia,0.048,205.7142857142857,414.561364503812,3.2773803599699686e+28,8.065888196498695e+27,0.6472628447227182,0.1592987395076504,final_luminosity_arrays\ZTF23aacrmex_epoch_3_lum.npy,dillon_extracting_files\dillon_fits\ztf_cutouts\ztf_cutouts_no_interp\ZTF23aacrmex_epoch_3.fits,7.248699172680291e+27,True,False,False,,True,14.0,13.0,3.2773803599699686e+28,True,6,5,3.2773803599699686e+28,3.2773803599699686e+28,8.066005402395704e+27,4.063201295397776,True,,,,,C:\Research\bts_vlass_cross_matching\gaussian_adjusted_luminosity_arrays\ZTF23aacrmex_epoch_3_gaussian_adjusted_13x13_lum.npy
ZTF23aadbrci,1,12:46:44.11,-26:01:48.9,SN Ia,0.05966,255.68571428571428,-1757.5435512354577,7.7987565169955805e+28,1.5238247858937931e+28,0.9970000246539712,0.1948099574789312,final_luminosity_arrays\ZTF23aadbrci_epoch_1_lum.npy,dillon_extracting_files\dillon_fits\ztf_cutouts\ztf_cutouts_no_interp\ZTF23aadbrci_epoch_1.fits,4.7712781926091776e+28,True,True,True,,False,10.0,16.0,1.0990863929557593e+30,False,1,8,3.166082846271847e+29,6.865974786556427e+28,1.5063207766189186e+28,4.558109330449366,False,1.0347348033001035e+30,1.1457731308012322,1.1885623886183707,6.435158965565578e+28,C:\Research\bts_vlass_cross_matching\gaussian_adjusted_luminosity_arrays\ZTF23aadbrci_epoch_1_gaussian_adjusted_13x13_lum.npy
ZTF23aadbrci,3,12:46:44.11,-26:01:48.9,SN Ia,0.05966,255.68571428571428,81.72564831911663,5.940925253146059e+28,1.466166282503766e+28,0.7594932103529572,0.1874387356050714,final_luminosity_arrays\ZTF23aadbrci_epoch_3_lum.npy,dillon_extracting_files\dillon_fits\ztf_cutouts\ztf_cutouts_no_interp\ZTF23aadbrci_epoch_3.fits,5.776415548118645e+28,True,True,True,,False,10.0,16.0,1.0711331429716234e+30,False,1,8,2.373031100342261e+29,5.7227364355960625e+28,1.5056265847600065e+28,3.8009002321835688,False,1.0220061852434307e+30,1.1079085039658307,1.1622516436016448,4.912695772819259e+28,C:\Research\bts_vlass_cross_matching\gaussian_adjusted_luminosity_arrays\ZTF23aadbrci_epoch_3_gaussian_adjusted_13x13_lum.npy
ZTF23aadtvmb,1,08:05:16.57,+81:43:08.7,SN IIn,0.148,634.2857142857143,-1704.1533101043417,2.5269156611256974e+29,6.177660484471758e+28,0.5249326932244003,0.1283344405972843,final_luminosity_arrays\ZTF23aadtvmb_epoch_1_lum.npy,dillon_extracting_files\dillon_fits\ztf_cutouts\ztf_cutouts_no_interp\ZTF23aadtvmb_epoch_1.fits,2.5269156611256974e+29,True,False,False,,True,14.0,14.0,2.5269156611256974e+29,True,6,6,2.5269156611256974e+29,2.5269156611256974e+29,6.17775025242054e+28,4.090349330867838,True,,,,,C:\Research\bts_vlass_cross_matching\gaussian_adjusted_luminosity_arrays\ZTF23aadtvmb_epoch_1_gaussian_adjusted_13x13_lum.npy
ZTF23aadtvmb,2,08:05:16.57,+81:43:08.7,SN IIn,0.148,634.2857142857143,-806.9407665503345,3.059865375271755e+29,7.017980278121705e+28,0.6356458179652691,0.1457912061336818,final_luminosity_arrays\ZTF23aadtvmb_epoch_2_lum.npy,dillon_extracting_files\dillon_fits\ztf_cutouts\ztf_cutouts_no_interp\ZTF23aadtvmb_epoch_2.fits,2.327312223196512e+29,True,False,False,,True,13.0,14.0,3.059865375271755e+29,True,5,6,3.059865375271755e+29,3.059865375271755e+29,7.01808225680696e+28,4.359973655629268,True,,,,,C:\Research\bts_vlass_cross_matching\gaussian_adjusted_luminosity_arrays\ZTF23aadtvmb_epoch_2_gaussian_adjusted_13x13_lum.npy
ZTF23aadtvmb,3,08:05:16.57,+81:43:08.7,SN IIn,0.148,634.2857142857143,-36.03484320538671,2.993255802510432e+29,6.286528455767596e+28,0.6218085763975978,0.1305960589284198,final_luminosity_arrays\ZTF23aadtvmb_epoch_3_lum.npy,dillon_extracting_files\dillon_fits\ztf_cutouts\ztf_cutouts_no_interp\ZTF23aadtvmb_epoch_3.fits,2.654875743241687e+29,True,False,False,,True,13.0,13.0,2.993255802510432e+29,True,5,5,2.993255802510432e+29,2.993255802510432e+29,6.286619805683289e+28,4.761311953053755,True,,,,,C:\Research\bts_vlass_cross_matching\gaussian_adjusted_luminosity_arrays\ZTF23aadtvmb_epoch_3_gaussian_adjusted_13x13_lum.npy
ZTF23aaedrcn,1,08:46:02.49,+52:31:59.3,SN Ia,0.05297,227.01428571428573,-1912.8797591575017,1.591557188448086e+28,7.823982606168983e+27,0.2581063017714769,0.1268850767386805,final_luminosity_arrays\ZTF23aaedrcn_epoch_1_lum.npy,dillon_extracting_files\dillon_fits\ztf_cutouts\ztf_cutouts_no_interp\ZTF23aaedrcn_epoch_1.fits,8.748086891315689e+27,False,False,False,Original Detection is False; no Gaussian subtraction attempted,,,,,False,3,8,2.1625965580937775e+28,1.5915571884480859e+28,7.824096296921596e+27,2.034173824105778,False,,,,,C:\Research\bts_vlass_cross_matching\gaussian_adjusted_luminosity_arrays\ZTF23aaedrcn_epoch_1_gaussian_adjusted_13x13_lum.npy
ZTF23aaedrcn,2,08:46:02.49,+52:31:59.3,SN Ia,0.05297,227.01428571428573,-859.6683666202024,2.807560134134323e+28,9.164947909859198e+27,0.4553081525955349,0.148632119648577,final_luminosity_arrays\ZTF23aaedrcn_epoch_2_lum.npy,dillon_extracting_files\dillon_fits\ztf_cutouts\ztf_cutouts_no_interp\ZTF23aaedrcn_epoch_2.fits,2.109434372085942e+28,False,False,False,Original Detection is False; no Gaussian subtraction attempted,,,,,False,6,8,3.133688959740428e+28,2.807560134134323e+28,9.16508108625771e+27,3.0633227439133406,False,,,,,C:\Research\bts_vlass_cross_matching\gaussian_adjusted_luminosity_arrays\ZTF23aaedrcn_epoch_2_gaussian_adjusted_13x13_lum.npy
ZTF23aaedrcn,3,08:46:02.49,+52:31:59.3,SN Ia,0.05297,227.01428571428573,-52.42789443201089,3.1268098019439447e+28,7.446626498891182e+27,0.5070815677754581,0.1207653214887134,final_luminosity_arrays\ZTF23aaedrcn_epoch_3_lum.npy,dillon_extracting_files\dillon_fits\ztf_cutouts\ztf_cutouts_no_interp\ZTF23aaedrcn_epoch_3.fits,9.54403462897663e+27,True,True,True,,False,14.0,16.0,3.280996113532061e+28,False,3,8,2.9392592665296207e+28,1.8508794076749653e+28,7.247537856557852e+27,2.5538044013115684,False,2.0487169480559945e+28,1.02756084105145,1.0784019965143807,1.2322791654760663e+28,C:\Research\bts_vlass_cross_matching\gaussian_adjusted_luminosity_arrays\ZTF23aaedrcn_epoch_3_gaussian_adjusted_13x13_lum.npy
ZTF23aaemgsd,1,11:13:35.91,-14:47:37.2,SN Ia,0.023,98.57142857142856,-1850.6557771258736,1.727705114645546e+28,1.6544260059816942e+27,1.4861075906082994,0.14230963094388,final_luminosity_arrays\ZTF23aaemgsd_epoch_1_lum.npy,dillon_extracting_files\dillon_fits\ztf_cutouts\ztf_cutouts_no_interp\ZTF23aaemgsd_epoch_1.fits,1.3520665993427587e+28,True,False,False,,True,13.0,14.0,1.727705114645546e+28,True,5,6,1.727705114645546e+28,1.727705114645546e+28,1.6544500465435453e+27,10.44277594391589,True,,,,,C:\Research\bts_vlass_cross_matching\gaussian_adjusted_luminosity_arrays\ZTF23aaemgsd_epoch_1_gaussian_adjusted_13x13_lum.npy
ZTF23aaemgsd,2,11:13:35.91,-14:47:37.2,SN Ia,0.023,98.57142857142856,-890.7339784943974,2.148195785962919e+28,1.534455091615684e+27,1.8477980047464373,0.1319900297736264,final_luminosity_arrays\ZTF23aaemgsd_epoch_2_lum.npy,dillon_extracting_files\dillon_fits\ztf_cutouts\ztf_cutouts_no_interp\ZTF23aaemgsd_epoch_2.fits,1.82178703261523e+28,True,False,False,,True,13.0,14.0,2.148195785962919e+28,True,5,6,2.148195785962919e+28,2.148195785962919e+28,1.5344773888731036e+27,13.999527145463645,True,,,,,C:\Research\bts_vlass_cross_matching\gaussian_adjusted_luminosity_arrays\ZTF23aaemgsd_epoch_2_gaussian_adjusted_13x13_lum.npy
ZTF23aaemgsd,3,11:13:35.91,-14:47:37.2,SN Ia,0.023,98.57142857142856,-11.946099706518511,1.7561092740624972e+28,1.6290878026838702e+27,1.51053979061544,0.1401301013988553,final_luminosity_arrays\ZTF23aaemgsd_epoch_3_lum.npy,dillon_extracting_files\dillon_fits\ztf_cutouts\ztf_cutouts_no_interp\ZTF23aaemgsd_epoch_3.fits,1.4266235421692048e+28,True,False,False,,True,13.0,14.0,1.7561092740624972e+28,True,5,6,1.7561092740624972e+28,1.7561092740624972e+28,1.6291114750547947e+27,10.779552541077221,True,,,,,C:\Research\bts_vlass_cross_matching\gaussian_adjusted_luminosity_arrays\ZTF23aaemgsd_epoch_3_gaussian_adjusted_13x13_lum.npy
ZTF23aafqzkn,1,19:11:08.37,+45:07:28.0,SN Ia,0.07375,316.07142857142856,-1903.1105937134816,4.384825552609541e+28,1.600345622608769e+28,0.3668297722470015,0.1338851326550675,final_luminosity_arrays\ZTF23aafqzkn_epoch_1_lum.npy,dillon_extracting_files\dillon_fits\ztf_cutouts\ztf_cutouts_no_interp\ZTF23aafqzkn_epoch_1.fits,3.573544940485045e+28,False,False,False,Original Detection is False; no Gaussian subtraction attempted,,,,,False,5,9,1.1541268369014273e+29,4.384825552609541e+28,1.6003688773253793e+28,2.739884294636929,False,,,,,C:\Research\bts_vlass_cross_matching\gaussian_adjusted_luminosity_arrays\ZTF23aafqzkn_epoch_1_gaussian_adjusted_13x13_lum.npy
ZTF23aafqzkn,2,19:11:08.37,+45:07:28.0,SN Ia,0.07375,316.07142857142856,-908.4656577414212,6.38480529167168e+28,1.920794371320535e+28,0.5341459182091057,0.1606939185974987,final_luminosity_arrays\ZTF23aafqzkn_epoch_2_lum.npy,dillon_extracting_files\dillon_fits\ztf_cutouts\ztf_cutouts_no_interp\ZTF23aafqzkn_epoch_2.fits,3.0199920568905125e+28,False,False,False,Original Detection is False; no Gaussian subtraction attempted,,,,,False,5,9,1.5276433842821032e+29,6.38480529167168e+28,1.9208222824968088e+28,3.3239958479512732,False,,,,,C:\Research\bts_vlass_cross_matching\gaussian_adjusted_luminosity_arrays\ZTF23aafqzkn_epoch_2_gaussian_adjusted_13x13_lum.npy
ZTF23aafqzkn,3,19:11:08.37,+45:07:28.0,SN Ia,0.07375,316.07142857142856,-39.54831199054807,6.584907666393366e+28,1.2809208702224411e+28,0.5508862668648362,0.1071620143846272,final_luminosity_arrays\ZTF23aafqzkn_epoch_3_lum.npy,dillon_extracting_files\dillon_fits\ztf_cutouts\ztf_cutouts_no_interp\ZTF23aafqzkn_epoch_3.fits,1.881198285273253e+27,True,True,True,,False,13.0,17.0,1.3056635247141793e+29,False,4,9,4.605668357637198e+28,3.6588814080044986e+28,1.285140976587881e+28,2.8470661776881685,False,1.136361060412843e+29,1.2141203385809698,1.0952760766773935,1.6930246430133614e+28,C:\Research\bts_vlass_cross_matching\gaussian_adjusted_luminosity_arrays\ZTF23aafqzkn_epoch_3_gaussian_adjusted_13x13_lum.npy
ZTF23aafwykt,1,16:28:28.06,+41:13:08.9,SN Ic,0.02831,121.32857142857142,-1403.7287830475584,1.6494434658101758e+28,3.7216984935678615e+27,0.9364702855236828,0.2113022220929502,final_luminosity_arrays\ZTF23aafwykt_epoch_1_lum.npy,dillon_extracting_files\dillon_fits\ztf_cutouts\ztf_cutouts_no_interp\ZTF23aafwykt_epoch_1.fits,1.2857394754535913e+28,True,False,False,,True,15.0,13.0,1.6494434658101758e+28,True,7,5,1.6494434658101758e+28,1.6494434658101758e+28,3.7217525737881323e+27,4.431899845860289,True,,,,,C:\Research\bts_vlass_cross_matching\gaussian_adjusted_luminosity_arrays\ZTF23aafwykt_epoch_1_gaussian_adjusted_13x13_lum.npy
ZTF23aafwykt,2,16:28:28.06,+41:13:08.9,SN Ic,0.02831,121.32857142857142,-504.1945958860993,1.0669423547960066e+28,3.497377516605804e+27,0.6057557184249163,0.1985662304547066,final_luminosity_arrays\ZTF23aafwykt_epoch_2_lum.npy,dillon_extracting_files\dillon_fits\ztf_cutouts\ztf_cutouts_no_interp\ZTF23aafwykt_epoch_2.fits,9.830071552541826e+27,False,False,False,Original Detection is False; no Gaussian subtraction attempted,,,,,False,8,7,1.0960012160250604e+28,1.0669423547960066e+28,3.497428337204731e+27,3.0506482247145765,False,,,,,C:\Research\bts_vlass_cross_matching\gaussian_adjusted_luminosity_arrays\ZTF23aafwykt_epoch_2_gaussian_adjusted_13x13_lum.npy
ZTF23aafwykt,3,16:28:28.06,+41:13:08.9,SN Ic,0.02831,121.32857142857142,410.89910153977416,1.1850071271826558e+28,3.541258818685274e+27,0.6727869040332736,0.2010576242776476,final_luminosity_arrays\ZTF23aafwykt_epoch_3_lum.npy,dillon_extracting_files\dillon_fits\ztf_cutouts\ztf_cutouts_no_interp\ZTF23aafwykt_epoch_3.fits,8.667239343697325e+27,False,False,False,Original Detection is False; no Gaussian subtraction attempted,,,,,False,1,9,1.6623704535416176e+28,1.1850071271826558e+28,3.541310276925989e+27,3.3462392010769904,False,,,,,C:\Research\bts_vlass_cross_matching\gaussian_adjusted_luminosity_arrays\ZTF23aafwykt_epoch_3_gaussian_adjusted_13x13_lum.npy
ZTF23aakokgz,1,11:59:09.36,+54:13:26.5,SN Ia,0.08,342.85714285714283,-1912.205555555583,1.0531015169142993e+29,2.097195407621885e+28,0.7487323018722238,0.1491082043871512,final_luminosity_arrays\ZTF23aakokgz_epoch_1_lum.npy,dillon_extracting_files\dillon_fits\ztf_cutouts\ztf_cutouts_no_interp\ZTF23aakokgz_epoch_1.fits,2.4022128924554936e+27,True,True,True,,False,12.0,13.0,1.1386447499904911e+29,False,4,12,6.17825286664667e+28,4.007627091322056e+28,2.073022564551946e+28,1.9332288803080375,False,9.554767294640047e+28,1.096653113585882,1.1446018729503395,1.8316802052648648e+28,C:\Research\bts_vlass_cross_matching\gaussian_adjusted_luminosity_arrays\ZTF23aakokgz_epoch_1_gaussian_adjusted_13x13_lum.npy
ZTF23aakokgz,2,11:59:09.36,+54:13:26.5,SN Ia,0.08,342.85714285714283,-945.5388888889164,8.004213813631423e+28,2.9990365056647766e+28,0.5690822144970298,0.2132280790936273,final_luminosity_arrays\ZTF23aakokgz_epoch_2_lum.npy,dillon_extracting_files\dillon_fits\ztf_cutouts\ztf_cutouts_no_interp\ZTF23aakokgz_epoch_2.fits,-3.3117484819629946e+28,False,False,False,Original Detection is False; no Gaussian subtraction attempted,,,,,False,1,4,8.957645951887741e+28,8.004213813631423e+28,2.9990800848410866e+28,2.668889655227578,False,,,,,C:\Research\bts_vlass_cross_matching\gaussian_adjusted_luminosity_arrays\ZTF23aakokgz_epoch_2_gaussian_adjusted_13x13_lum.npy
ZTF23aakokgz,3,11:59:09.36,+54:13:26.5,SN Ia,0.08,342.85714285714283,-92.7611111111387,1.0754715436473209e+29,1.629523658660173e+28,0.7646369049325586,0.1158572758008856,final_luminosity_arrays\ZTF23aakokgz_epoch_3_lum.npy,dillon_extracting_files\dillon_fits\ztf_cutouts\ztf_cutouts_no_interp\ZTF23aakokgz_epoch_3.fits,1.7854318948745082e+28,True,True,True,,False,12.0,13.0,1.1366207643921915e+29,False,5,4,4.479002832287862e+28,2.112987689814806e+28,1.5841857107877102e+28,1.3338004979000586,False,1.1206485324259377e+29,0.9305524760194217,1.3870436037819889,0.0,C:\Research\bts_vlass_cross_matching\gaussian_adjusted_luminosity_arrays\ZTF23aakokgz_epoch_3_gaussian_adjusted_13x13_lum.npy
ZTF23aalfofn,1,15:01:19.24,+12:38:50.9,SN Ia,0.03247,139.15714285714284,-1783.3852965172166,4.054440593063783e+28,3.3429883775465454e+27,1.749857445247471,0.1442822498112461,final_luminosity_arrays\ZTF23aalfofn_epoch_1_lum.npy,dillon_extracting_files\dillon_fits\ztf_cutouts\ztf_cutouts_no_interp\ZTF23aalfofn_epoch_1.fits,2.8626609175677954e+28,True,False,False,,True,14.0,13.0,4.054440593063783e+28,True,6,5,4.054440593063783e+28,4.054440593063783e+28,3.3430369547077876e+27,12.128016076382796,True,,,,,C:\Research\bts_vlass_cross_matching\gaussian_adjusted_luminosity_arrays\ZTF23aalfofn_epoch_1_gaussian_adjusted_13x13_lum.npy
ZTF23aalfofn,2,15:01:19.24,+12:38:50.9,SN Ia,0.03247,139.15714285714284,-863.2617093911985,3.847687107265463e+28,2.936174422683072e+27,1.6606246354058385,0.1267242968561747,final_luminosity_arrays\ZTF23aalfofn_epoch_2_lum.npy,dillon_extracting_files\dillon_fits\ztf_cutouts\ztf_cutouts_no_interp\ZTF23aalfofn_epoch_2.fits,3.847687107265463e+28,True,False,False,,True,14.0,14.0,3.847687107265463e+28,True,6,6,3.847687107265463e+28,3.847687107265463e+28,2.936217088406747e+27,13.104232389551614,True,,,,,C:\Research\bts_vlass_cross_matching\gaussian_adjusted_luminosity_arrays\ZTF23aalfofn_epoch_2_gaussian_adjusted_13x13_lum.npy
ZTF23aalfofn,3,15:01:19.24,+12:38:50.9,SN Ia,0.03247,139.15714285714284,45.2392640027016,4.305755224158592e+28,3.2237317024391973e+27,1.8583224155008795,0.1391351719736243,final_luminosity_arrays\ZTF23aalfofn_epoch_3_lum.npy,dillon_extracting_files\dillon_fits\ztf_cutouts\ztf_cutouts_no_interp\ZTF23aalfofn_epoch_3.fits,3.139475012174789e+28,True,False,False,,True,14.0,13.0,4.305755224158592e+28,True,6,5,4.305755224158592e+28,4.305755224158592e+28,3.2237785466746606e+27,13.356237600749575,True,,,,,C:\Research\bts_vlass_cross_matching\gaussian_adjusted_luminosity_arrays\ZTF23aalfofn_epoch_3_gaussian_adjusted_13x13_lum.npy
ZTF23aalsied,1,18:16:04.40,+75:03:04.2,SN Ia,0.07,300.00000000000006,-1941.426261217185,3.5273152324919866e+28,1.6487757262316697e+28,0.3275552007835358,0.1531116093042171,final_luminosity_arrays\ZTF23aalsied_epoch_1_lum.npy,dillon_extracting_files\dillon_fits\ztf_cutouts\ztf_cutouts_no_interp\ZTF23aalsied_epoch_1.fits,1.192876345429577e+28,False,False,False,Original Detection is False; no Gaussian subtraction attempted,,,,,False,7,3,1.6023665390976493e+29,3.5273152324919866e+28,1.6487996846889719e+28,2.139323087726922,False,,,,,C:\Research\bts_vlass_cross_matching\gaussian_adjusted_luminosity_arrays\ZTF23aalsied_epoch_1_gaussian_adjusted_13x13_lum.npy
ZTF23aalsied,2,18:16:04.40,+75:03:04.2,SN Ia,0.07,300.00000000000006,,2.312300380494558e+28,1.60104224627008e+28,0.2147259219782427,0.1486788960986961,final_luminosity_arrays\ZTF23aalsied_epoch_2_lum.npy,dillon_extracting_files\dillon_fits\ztf_cutouts\ztf_cutouts_no_interp\ZTF23aalsied_epoch_2.fits,9.328906123878008e+26,False,False,False,Original Detection is False; no Gaussian subtraction attempted,,,,,False,7,3,1.2919688687223774e+29,2.312300380494558e+28,1.6010655111093702e+28,1.4442259635537191,False,,,,,C:\Research\bts_vlass_cross_matching\gaussian_adjusted_luminosity_arrays\ZTF23aalsied_epoch_2_gaussian_adjusted_13x13_lum.npy
ZTF23aalsied,3,18:16:04.40,+75:03:04.2,SN Ia,0.07,300.00000000000006,-28.3421490676527,7.559219049106967e+28,1.3273135076833736e+28,0.7019677432253957,0.1232594002806608,final_luminosity_arrays\ZTF23aalsied_epoch_3_lum.npy,dillon_extracting_files\dillon_fits\ztf_cutouts\ztf_cutouts_no_interp\ZTF23aalsied_epoch_3.fits,1.7733345549764535e+28,True,True,True,,False,15.0,12.0,1.315007984204317e+29,False,8,3,6.855732997322477e+28,9.533473906841457e+27,1.317845447629789e+28,0.7234136540053226,False,1.0894128476513837e+29,1.2602467194310063,1.1408550276647529,2.2559513655293333e+28,C:\Research\bts_vlass_cross_matching\gaussian_adjusted_luminosity_arrays\ZTF23aalsied_epoch_3_gaussian_adjusted_13x13_lum.npy
ZTF23aapwwak,1,15:08:28.98,+18:43:19.8,SN Ia,0.06759,289.6714285714286,-1459.5818077116576,6.322103963528836e+27,1.5586269293602893e+28,0.0629699061391875,0.1552458140326936,final_luminosity_arrays\ZTF23aapwwak_epoch_1_lum.npy,dillon_extracting_files\dillon_fits\ztf_cutouts\ztf_cutouts_no_interp\ZTF23aapwwak_epoch_1.fits,-9.232207400649284e+27,False,False,False,Original Detection is False; no Gaussian subtraction attempted,,,,,False,9,11,5.509799775894709e+28,6.322103963528836e+27,1.5586495778601082e+28,0.4056141966309413,False,,,,,C:\Research\bts_vlass_cross_matching\gaussian_adjusted_luminosity_arrays\ZTF23aapwwak_epoch_1_gaussian_adjusted_13x13_lum.npy
ZTF23aapwwak,2,15:08:28.98,+18:43:19.8,SN Ia,0.06759,289.6714285714286,-527.5760751738856,7.6612476400822e+28,1.7891983794721654e+28,0.7630814798176287,0.1782117026562196,final_luminosity_arrays\ZTF23aapwwak_epoch_2_lum.npy,dillon_extracting_files\dillon_fits\ztf_cutouts\ztf_cutouts_no_interp\ZTF23aapwwak_epoch_2.fits,2.119396262660361e+28,True,False,False,,True,15.0,15.0,7.6612476400822e+28,True,7,7,7.6612476400822e+28,7.6612476400822e+28,1.7892243784193225e+28,4.281881988915484,True,,,,,C:\Research\bts_vlass_cross_matching\gaussian_adjusted_luminosity_arrays\ZTF23aapwwak_epoch_2_gaussian_adjusted_13x13_lum.npy
ZTF23aapwwak,3,15:08:28.98,+18:43:19.8,SN Ia,0.06759,289.6714285714286,333.2412798032123,7.37944653254569e+27,1.372293195975573e+28,0.0735013309167698,0.1366861885211968,final_luminosity_arrays\ZTF23aapwwak_epoch_3_lum.npy,dillon_extracting_files\dillon_fits\ztf_cutouts\ztf_cutouts_no_interp\ZTF23aapwwak_epoch_3.fits,-2.169938655793357e+28,False,False,False,Original Detection is False; no Gaussian subtraction attempted,,,,,False,3,6,3.3023332708417666e+28,7.37944653254569e+27,1.3723131368489247e+28,0.5377378044700654,False,,,,,C:\Research\bts_vlass_cross_matching\gaussian_adjusted_luminosity_arrays\ZTF23aapwwak_epoch_3_gaussian_adjusted_13x13_lum.npy
ZTF23aaqdjhi,1,13:43:15.66,+19:15:00.9,TDE,0.0482,206.57142857142856,-1479.9656885127172,7.105125688088219e+27,6.968337496722095e+27,0.1391598634654656,0.1364827348805578,final_luminosity_arrays\ZTF23aaqdjhi_epoch_1_lum.npy,dillon_extracting_files\dillon_fits\ztf_cutouts\ztf_cutouts_no_interp\ZTF23aaqdjhi_epoch_1.fits,3.74825150753113e+27,False,False,False,Original Detection is False; no Gaussian subtraction attempted,,,,,False,12,11,2.189224489237271e+28,7.105125688088219e+27,6.968438754045168e+27,1.0196151446353323,False,,,,,C:\Research\bts_vlass_cross_matching\gaussian_adjusted_luminosity_arrays\ZTF23aaqdjhi_epoch_1_gaussian_adjusted_13x13_lum.npy
ZTF23aaqdjhi,2,13:43:15.66,+19:15:00.9,TDE,0.0482,206.57142857142856,-599.4085429298132,1.6342556795970403e+26,6.086744096103139e+27,0.0032008272228267,0.1192157356248923,final_luminosity_arrays\ZTF23aaqdjhi_epoch_2_lum.npy,dillon_extracting_files\dillon_fits\ztf_cutouts\ztf_cutouts_no_interp\ZTF23aaqdjhi_epoch_2.fits,-1.183939706562584e+27,False,False,False,Original Detection is False; no Gaussian subtraction attempted,,,,,False,3,12,1.5911377074448164e+28,1.6342556795970403e+26,6.086832542940524e+27,0.0268490330244495,False,,,,,C:\Research\bts_vlass_cross_matching\gaussian_adjusted_luminosity_arrays\ZTF23aaqdjhi_epoch_2_gaussian_adjusted_13x13_lum.npy
ZTF23aaqdjhi,3,13:43:15.66,+19:15:00.9,TDE,0.0482,206.57142857142856,352.6998333342585,1.218854526299745e+29,7.141504174712501e+27,2.3872291203588247,0.1398743992213606,final_luminosity_arrays\ZTF23aaqdjhi_epoch_3_lum.npy,dillon_extracting_files\dillon_fits\ztf_cutouts\ztf_cutouts_no_interp\ZTF23aaqdjhi_epoch_3.fits,1.218854526299745e+29,True,False,False,,True,14.0,14.0,1.218854526299745e+29,True,6,6,1.218854526299745e+29,1.218854526299745e+29,7.141607948330785e+27,17.066948159547586,True,,,,,C:\Research\bts_vlass_cross_matching\gaussian_adjusted_luminosity_arrays\ZTF23aaqdjhi_epoch_3_gaussian_adjusted_13x13_lum.npy
ZTF23aaqusyq,1,22:45:24.28,-04:25:32.1,SN Ia,0.075,321.42857142857144,-1912.0141257644568,9.395868138196955e+28,1.8106574393480304e+28,0.7600649259984492,0.1464725973478985,final_luminosity_arrays\ZTF23aaqusyq_epoch_1_lum.npy,dillon_extracting_files\dillon_fits\ztf_cutouts\ztf_cutouts_no_interp\ZTF23aaqusyq_epoch_1.fits,4.5028612827918506e+28,True,False,False,,True,13.0,13.0,9.395868138196957e+28,True,5,5,9.395868138196957e+28,9.395868138196957e+28,1.8106837501180522e+28,5.189127111559028,True,,,,,C:\Research\bts_vlass_cross_matching\gaussian_adjusted_luminosity_arrays\ZTF23aaqusyq_epoch_1_gaussian_adjusted_13x13_lum.npy
ZTF23aaqusyq,2,22:45:24.28,-04:25:32.1,SN Ia,0.075,321.42857142857144,-957.595521113294,4.7865988402866125e+28,1.931416915556088e+28,0.387204869184643,0.1562413994140336,final_luminosity_arrays\ZTF23aaqusyq_epoch_2_lum.npy,dillon_extracting_files\dillon_fits\ztf_cutouts\ztf_cutouts_no_interp\ZTF23aaqusyq_epoch_2.fits,7.052851316348048e+27,False,False,False,Original Detection is False; no Gaussian subtraction attempted,,,,,False,6,4,5.426574194831225e+28,4.7865988402866125e+28,1.9314449810891787e+28,2.4782475748221198,False,,,,,C:\Research\bts_vlass_cross_matching\gaussian_adjusted_luminosity_arrays\ZTF23aaqusyq_epoch_2_gaussian_adjusted_13x13_lum.npy
ZTF23aaqusyq,3,22:45:24.28,-04:25:32.1,SN Ia,0.075,321.42857142857144,-54.33970715980544,8.670847753672785e+28,1.7508602291565625e+28,0.7014154689386487,0.1416353197378077,final_luminosity_arrays\ZTF23aaqusyq_epoch_3_lum.npy,dillon_extracting_files\dillon_fits\ztf_cutouts\ztf_cutouts_no_interp\ZTF23aaqusyq_epoch_3.fits,4.340424451635915e+28,True,True,True,,False,13.0,12.0,9.241555127385881e+28,False,0,0,5.298568344151594e+28,4.137515101978792e+28,1.7035676817438203e+28,2.428735380647462,False,6.558721562879512e+28,1.163517184253739,1.0621121471986832,2.6828335645063693e+28,C:\Research\bts_vlass_cross_matching\gaussian_adjusted_luminosity_arrays\ZTF23aaqusyq_epoch_3_gaussian_adjusted_13x13_lum.npy
ZTF23aaqxlpn,1,19:41:40.47,-21:15:45.7,SN Ia,0.04827,206.87142857142857,-1399.7508438618272,8.668715313922614e+27,8.322493054198802e+27,0.1692920050118118,0.1625329657379033,final_luminosity_arrays\ZTF23aaqxlpn_epoch_1_lum.npy,dillon_extracting_files\dillon_fits\ztf_cutouts\ztf_cutouts_no_interp\ZTF23aaqxlpn_epoch_1.fits,-3.2952066810112816e+26,False,False,False,Original Detection is False; no Gaussian subtraction attempted,,,,,False,0,4,2.0912912121926023e+28,8.668715313922614e+27,8.322613988836134e+27,1.0415856515213535,False,,,,,C:\Research\bts_vlass_cross_matching\gaussian_adjusted_luminosity_arrays\ZTF23aaqxlpn_epoch_1_gaussian_adjusted_13x13_lum.npy
ZTF23aaqxlpn,2,19:41:40.47,-21:15:45.7,SN Ia,0.04827,206.87142857142857,-495.4036813941423,3.1264207926774983e+28,7.615427980719125e+27,0.6105611100792885,0.1487244371378871,final_luminosity_arrays\ZTF23aaqxlpn_epoch_2_lum.npy,dillon_extracting_files\dillon_fits\ztf_cutouts\ztf_cutouts_no_interp\ZTF23aaqxlpn_epoch_2.fits,1.0220371554237722e+28,True,False,False,,True,15.0,13.0,3.1264207926774983e+28,True,7,5,3.1264207926774983e+28,3.1264207926774983e+28,7.615538640952179e+27,4.105318008453567,True,,,,,C:\Research\bts_vlass_cross_matching\gaussian_adjusted_luminosity_arrays\ZTF23aaqxlpn_epoch_2_gaussian_adjusted_13x13_lum.npy
ZTF23aaqxlpn,3,19:41:40.47,-21:15:45.7,SN Ia,0.04827,206.87142857142857,420.39091350984233,5.875105405911259e+27,7.126739505502021e+27,0.1147353832493536,0.1391806638139914,final_luminosity_arrays\ZTF23aaqxlpn_epoch_3_lum.npy,dillon_extracting_files\dillon_fits\ztf_cutouts\ztf_cutouts_no_interp\ZTF23aaqxlpn_epoch_3.fits,1.367857251532187e+27,False,False,False,Original Detection is False; no Gaussian subtraction attempted,,,,,False,8,3,1.812600438445218e+28,5.875105405911259e+27,7.126843064574025e+27,0.8243629546320614,False,,,,,C:\Research\bts_vlass_cross_matching\gaussian_adjusted_luminosity_arrays\ZTF23aaqxlpn_epoch_3_gaussian_adjusted_13x13_lum.npy
ZTF23aasrkck,1,03:37:21.75,+87:21:07.3,SN II,0.0153,65.57142857142857,-2009.567743523923,1.903045450092448e+27,6.599838415206765e+26,0.3699155640788376,0.1282900745198388,final_luminosity_arrays\ZTF23aasrkck_epoch_1_lum.npy,dillon_extracting_files\dillon_fits\ztf_cutouts\ztf_cutouts_no_interp\ZTF23aasrkck_epoch_1.fits,1.7322690751691585e+27,False,False,False,Original Detection is False; no Gaussian subtraction attempted,,,,,False,3,5,5.230556623732181e+27,1.903045450092448e+27,6.599934317847952e+26,2.88343089255618,False,,,,,C:\Research\bts_vlass_cross_matching\gaussian_adjusted_luminosity_arrays\ZTF23aasrkck_epoch_1_gaussian_adjusted_13x13_lum.npy
ZTF23aasrkck,2,03:37:21.75,+87:21:07.3,SN II,0.0153,65.57142857142857,-995.089264256711,2.9946413236984227e+27,7.097306342030627e+26,0.582100881729275,0.1379600381444654,final_luminosity_arrays\ZTF23aasrkck_epoch_2_lum.npy,dillon_extracting_files\dillon_fits\ztf_cutouts\ztf_cutouts_no_interp\ZTF23aasrkck_epoch_2.fits,1.400711871514742e+27,True,True,True,,False,11.0,13.0,7.102074906259222e+27,False,0,10,2.090679458242291e+27,5.8124349789846905e+26,6.90289039387945e+26,0.8420291569656636,False,7.141975375216722e+27,1.0166496909494682,1.8239238930543664,0.0,C:\Research\bts_vlass_cross_matching\gaussian_adjusted_luminosity_arrays\ZTF23aasrkck_epoch_2_gaussian_adjusted_13x13_lum.npy
ZTF23aasrkck,3,03:37:21.75,+87:21:07.3,SN II,0.0153,65.57142857142857,-123.42571653682532,2.423466057768245e+27,7.277223286091114e+26,0.4710753564722835,0.1414573295490124,final_luminosity_arrays\ZTF23aasrkck_epoch_3_lum.npy,dillon_extracting_files\dillon_fits\ztf_cutouts\ztf_cutouts_no_interp\ZTF23aasrkck_epoch_3.fits,1.0194999703618097e+27,False,False,False,Original Detection is False; no Gaussian subtraction attempted,,,,,False,3,5,5.675248305940896e+27,2.4234660577682452e+27,7.277329031851802e+26,3.33015869855697,False,,,,,C:\Research\bts_vlass_cross_matching\gaussian_adjusted_luminosity_arrays\ZTF23aasrkck_epoch_3_gaussian_adjusted_13x13_lum.npy
ZTF23aaszwst,1,14:32:00.98,+36:18:20.0,SN Ib,0.01262,54.08571428571429,-2052.320776602467,3.065549585757188e+27,3.91832137194436e+26,0.8758423500694335,0.1119499643008905,final_luminosity_arrays\ZTF23aaszwst_epoch_1_lum.npy,dillon_extracting_files\dillon_fits\ztf_cutouts\ztf_cutouts_no_interp\ZTF23aaszwst_epoch_1.fits,1.7503704749766494e+27,True,False,False,,True,13.0,14.0,3.065549585757188e+27,True,5,6,3.065549585757188e+27,3.065549585757188e+27,3.91837830930327e+26,7.823516117570271,True,,,,,C:\Research\bts_vlass_cross_matching\gaussian_adjusted_luminosity_arrays\ZTF23aaszwst_epoch_1_gaussian_adjusted_13x13_lum.npy
ZTF23aaszwst,2,14:32:00.98,+36:18:20.0,SN Ib,0.01262,54.08571428571429,-1021.3318567707436,4.378951936252347e+27,5.199907300304419e+26,1.2510877568274736,0.1485660264635603,final_luminosity_arrays\ZTF23aaszwst_epoch_2_lum.npy,dillon_extracting_files\dillon_fits\ztf_cutouts\ztf_cutouts_no_interp\ZTF23aaszwst_epoch_2.fits,2.42108210082452e+27,True,False,False,,True,13.0,14.0,4.378951936252347e+27,True,5,6,4.378951936252347e+27,4.378951936252347e+27,5.1999828604640245e+26,8.421089172323903,True,,,,,C:\Research\bts_vlass_cross_matching\gaussian_adjusted_luminosity_arrays\ZTF23aaszwst_epoch_2_gaussian_adjusted_13x13_lum.npy
ZTF23aaszwst,3,14:32:00.98,+36:18:20.0,SN Ib,0.01262,54.08571428571429,-142.42367798699465,3.611018660572666e+27,4.772954535242495e+26,1.0316855041310191,0.1363676021206558,final_luminosity_arrays\ZTF23aaszwst_epoch_3_lum.npy,dillon_extracting_files\dillon_fits\ztf_cutouts\ztf_cutouts_no_interp\ZTF23aaszwst_epoch_3.fits,1.611909283784182e+27,True,False,False,,True,13.0,14.0,3.611018660572666e+27,True,5,6,3.611018660572666e+27,3.611018660572666e+27,4.773023891326296e+26,7.565473676205002,True,,,,,C:\Research\bts_vlass_cross_matching\gaussian_adjusted_luminosity_arrays\ZTF23aaszwst_epoch_3_gaussian_adjusted_13x13_lum.npy
ZTF23aauytqw,1,02:25:27.87,+20:23:40.2,SN Ia,0.014,60.0,-1483.8181854045677,3.1997699508416267e+27,6.474820895157605e+26,0.7428463432006538,0.1503191476320375,final_luminosity_arrays\ZTF23aauytqw_epoch_1_lum.npy,dillon_extracting_files\dillon_fits\ztf_cutouts\ztf_cutouts_no_interp\ZTF23aauytqw_epoch_1.fits,1.8936722156452857e+26,True,True,True,,False,17.0,13.0,8.372465639086742e+27,False,10,6,4.5917812592028374e+27,1.649862728660303e+27,6.35182993076125e+26,2.5974604903544254,False,6.379460484955867e+27,1.1837884169802257,1.1889234579468446,1.9930051541308744e+27,C:\Research\bts_vlass_cross_matching\gaussian_adjusted_luminosity_arrays\ZTF23aauytqw_epoch_1_gaussian_adjusted_13x13_lum.npy
ZTF23aauytqw,2,02:25:27.87,+20:23:40.2,SN Ia,0.014,60.0,-635.6919526629503,2.414071914435195e+27,6.139807261793564e+26,0.5604416946880519,0.1425414863456756,final_luminosity_arrays\ZTF23aauytqw_epoch_2_lum.npy,dillon_extracting_files\dillon_fits\ztf_cutouts\ztf_cutouts_no_interp\ZTF23aauytqw_epoch_2.fits,-1.8633000136826422e+26,False,False,False,Original Detection is False; no Gaussian subtraction attempted,,,,,False,9,6,1.0465409549155506e+28,2.414071914435195e+27,6.139896479694934e+26,3.93177950543417,False,,,,,C:\Research\bts_vlass_cross_matching\gaussian_adjusted_luminosity_arrays\ZTF23aauytqw_epoch_2_gaussian_adjusted_13x13_lum.npy
ZTF23aauytqw,3,02:25:27.87,+20:23:40.2,SN Ia,0.014,60.0,313.0259960549985,2.4678499504524308e+27,6.289736051007501e+26,0.5729265976697206,0.1460222263020499,final_luminosity_arrays\ZTF23aauytqw_epoch_3_lum.npy,dillon_extracting_files\dillon_fits\ztf_cutouts\ztf_cutouts_no_interp\ZTF23aauytqw_epoch_3.fits,1.3733018518339256e+27,False,False,False,Original Detection is False; no Gaussian subtraction attempted,,,,,False,9,6,1.0769537557363269e+28,2.4678499504524308e+27,6.289827447532949e+26,3.9235574760010192,False,,,,,C:\Research\bts_vlass_cross_matching\gaussian_adjusted_luminosity_arrays\ZTF23aauytqw_epoch_3_gaussian_adjusted_13x13_lum.npy
ZTF23aavmthe,1,23:28:37.79,-15:53:48.3,SN IIn,0.0834,357.42857142857144,-1390.4744323425737,1.4565552307839351e+29,2.6969238798445707e+28,0.9528645314276218,0.1764327501430518,final_luminosity_arrays\ZTF23aavmthe_epoch_1_lum.npy,dillon_extracting_files\dillon_fits\ztf_cutouts\ztf_cutouts_no_interp\ZTF23aavmthe_epoch_1.fits,1.314132655689663e+29,True,False,False,,True,14.0,15.0,1.4565552307839351e+29,True,6,7,1.4565552307839351e+29,1.4565552307839351e+29,2.696963069004499e+28,5.400723678880697,True,,,,,C:\Research\bts_vlass_cross_matching\gaussian_adjusted_luminosity_arrays\ZTF23aavmthe_epoch_1_gaussian_adjusted_13x13_lum.npy
ZTF23aavmthe,2,23:28:37.79,-15:53:48.3,SN IIn,0.0834,357.42857142857144,-486.8377330625292,8.351970922764757e+28,2.691833957871046e+28,0.5463779671117663,0.1760997674665611,final_luminosity_arrays\ZTF23aavmthe_epoch_2_lum.npy,dillon_extracting_files\dillon_fits\ztf_cutouts\ztf_cutouts_no_interp\ZTF23aavmthe_epoch_2.fits,8.351970922764757e+28,False,False,False,Original Detection is False; no Gaussian subtraction attempted,,,,,False,8,6,9.973099282237616e+28,8.351970922764757e+28,2.6918730730690185e+28,3.1026614911091004,False,,,,,C:\Research\bts_vlass_cross_matching\gaussian_adjusted_luminosity_arrays\ZTF23aavmthe_epoch_2_gaussian_adjusted_13x13_lum.npy
ZTF23aavmthe,3,23:28:37.79,-15:53:48.3,SN IIn,0.0834,357.42857142857144,301.4214509876832,1.120938859945672e+29,2.458622900361267e+28,0.7333075045607984,0.160843100955606,final_luminosity_arrays\ZTF23aavmthe_epoch_3_lum.npy,dillon_extracting_files\dillon_fits\ztf_cutouts\ztf_cutouts_no_interp\ZTF23aavmthe_epoch_3.fits,8.967117069009718e+28,True,False,False,,True,15.0,15.0,1.120938859945672e+29,True,7,7,1.120938859945672e+29,1.120938859945672e+29,2.4586586267556104e+28,4.559148015700078,True,,,,,C:\Research\bts_vlass_cross_matching\gaussian_adjusted_luminosity_arrays\ZTF23aavmthe_epoch_3_gaussian_adjusted_13x13_lum.npy
ZTF23aazpupj,1,21:05:56.34,-14:20:35.5,SN Ia,0.02816,120.68571428571428,-2056.3404528477804,7.573442962770282e+28,4.308745697199141e+27,4.345746245235205,0.2472453759441961,final_luminosity_arrays\ZTF23aazpupj_epoch_1_lum.npy,dillon_extracting_files\dillon_fits\ztf_cutouts\ztf_cutouts_no_interp\ZTF23aazpupj_epoch_1.fits,7.573442962770282e+28,True,False,False,,True,14.0,14.0,7.573442962770282e+28,True,6,6,7.573442962770282e+28,7.573442962770282e+28,4.3088083078369424e+27,17.57665326859763,True,,,,,C:\Research\bts_vlass_cross_matching\gaussian_adjusted_luminosity_arrays\ZTF23aazpupj_epoch_1_gaussian_adjusted_13x13_lum.npy
ZTF23aazpupj,2,21:05:56.34,-14:20:35.5,SN Ia,0.02816,120.68571428571428,-1010.7833411141982,7.077803988214618e+28,3.594519304710114e+27,4.061341751366854,0.2062614828741069,final_luminosity_arrays\ZTF23aazpupj_epoch_2_lum.npy,dillon_extracting_files\dillon_fits\ztf_cutouts\ztf_cutouts_no_interp\ZTF23aazpupj_epoch_2.fits,7.077803988214618e+28,True,False,False,,True,14.0,14.0,7.077803988214618e+28,True,6,6,7.077803988214618e+28,7.077803988214618e+28,3.5945715368820914e+27,19.690257699959034,True,,,,,C:\Research\bts_vlass_cross_matching\gaussian_adjusted_luminosity_arrays\ZTF23aazpupj_epoch_2_gaussian_adjusted_13x13_lum.npy
ZTF23aazpupj,3,21:05:56.34,-14:20:35.5,SN Ia,0.02816,120.68571428571428,-150.02237005910942,6.980828993075081e+28,4.701976247513164e+27,4.0056961588561535,0.2698098162889428,final_luminosity_arrays\ZTF23aazpupj_epoch_3_lum.npy,dillon_extracting_files\dillon_fits\ztf_cutouts\ztf_cutouts_no_interp\ZTF23aazpupj_epoch_3.fits,6.980828993075081e+28,True,False,False,,True,14.0,14.0,6.980828993075081e+28,True,6,6,6.980828993075081e+28,6.980828993075081e+28,4.70204457220728e+27,14.846369246130035,True,,,,,C:\Research\bts_vlass_cross_matching\gaussian_adjusted_luminosity_arrays\ZTF23aazpupj_epoch_3_gaussian_adjusted_13x13_lum.npy
ZTF23abawgqs,1,07:10:33.97,+50:07:09.9,SN Ia,0.02168,92.91428571428573,-1545.9400203584028,8.68133148911103e+27,1.3954727146124898e+27,0.8404349209740754,0.1350969081392621,final_luminosity_arrays\ZTF23abawgqs_epoch_1_lum.npy,dillon_extracting_files\dillon_fits\ztf_cutouts\ztf_cutouts_no_interp\ZTF23abawgqs_epoch_1.fits,1.631540674408618e+27,True,True,True,,False,12.0,12.0,1.3992466538157052e+28,False,4,6,4.5611170837577203e+27,2.8536141004110293e+27,1.3841752164801064e+27,2.061598897621963,False,1.1995369106809968e+28,1.3291488191622218,1.0673731420232995,1.997097431347085e+27,C:\Research\bts_vlass_cross_matching\gaussian_adjusted_luminosity_arrays\ZTF23abawgqs_epoch_1_gaussian_adjusted_13x13_lum.npy
ZTF23abawgqs,2,07:10:33.97,+50:07:09.9,SN Ia,0.02168,92.91428571428573,-637.6321353063315,8.828645028055152e+27,1.5256688993350866e+27,0.8546962635591622,0.1477013122407321,final_luminosity_arrays\ZTF23abawgqs_epoch_2_lum.npy,dillon_extracting_files\dillon_fits\ztf_cutouts\ztf_cutouts_no_interp\ZTF23abawgqs_epoch_2.fits,6.186861015945336e+26,True,True,True,,False,12.0,12.0,1.2242161057088054e+28,False,10,9,5.364416315607109e+27,4.3215391982582594e+27,1.5202425835606865e+27,2.842664220164405,False,1.0227302401860896e+28,1.3115324362137273,0.9724537097684172,2.01485865522716e+27,C:\Research\bts_vlass_cross_matching\gaussian_adjusted_luminosity_arrays\ZTF23abawgqs_epoch_2_gaussian_adjusted_13x13_lum.npy
ZTF23abawgqs,3,07:10:33.97,+50:07:09.9,SN Ia,0.02168,92.91428571428573,293.1876908623319,5.49791229582253e+27,1.4895587180285207e+27,0.5322498618625101,0.1442054546752046,final_luminosity_arrays\ZTF23abawgqs_epoch_3_lum.npy,dillon_extracting_files\dillon_fits\ztf_cutouts\ztf_cutouts_no_interp\ZTF23abawgqs_epoch_3.fits,-8.211796490116914e+26,False,False,False,Original Detection is False; no Gaussian subtraction attempted,,,,,False,4,4,1.2374884418013427e+28,5.49791229582253e+27,1.4895803628940874e+27,3.690913516838194,False,,,,,C:\Research\bts_vlass_cross_matching\gaussian_adjusted_luminosity_arrays\ZTF23abawgqs_epoch_3_gaussian_adjusted_13x13_lum.npy
ZTF23abbanlv,1,18:11:56.57,+24:02:43.4,SN II,0.0215,92.14285714285712,-1548.019030837071,8.94155141926742e+27,1.7107714965036763e+27,0.8801815565675497,0.1684060549263901,final_luminosity_arrays\ZTF23abbanlv_epoch_1_lum.npy,dillon_extracting_files\dillon_fits\ztf_cutouts\ztf_cutouts_no_interp\ZTF23abbanlv_epoch_1.fits,2.822857987547781e+27,True,True,True,,False,13.0,12.0,1.163336013523853e+28,False,1,7,7.603449072575764e+27,-9.833740837326202e+26,1.5159229247123996e+27,-0.6486966241500607,False,1.128353777528228e+28,2.3636383326703054,2.7165543331542583,0.0,C:\Research\bts_vlass_cross_matching\gaussian_adjusted_luminosity_arrays\ZTF23abbanlv_epoch_1_gaussian_adjusted_13x13_lum.npy
ZTF23abbanlv,2,18:11:56.57,+24:02:43.4,SN II,0.0215,92.14285714285712,-690.4566226138701,7.525866860985326e+27,1.666963538051338e+27,0.74082548962906,0.1640936581671414,final_luminosity_arrays\ZTF23abbanlv_epoch_2_lum.npy,dillon_extracting_files\dillon_fits\ztf_cutouts\ztf_cutouts_no_interp\ZTF23abbanlv_epoch_2.fits,3.4463603502560806e+27,True,True,True,,False,12.0,12.0,1.3216365678678493e+28,False,1,5,1.0127609771072155e+28,4.6764782527858014e+27,1.7716251988211448e+27,2.6396544008843246,False,6.492734594087261e+27,0.9702669508750495,1.3075177419241801,6.723631084591231e+27,C:\Research\bts_vlass_cross_matching\gaussian_adjusted_luminosity_arrays\ZTF23abbanlv_epoch_2_gaussian_adjusted_13x13_lum.npy
ZTF23abbanlv,3,18:11:56.57,+24:02:43.4,SN II,0.0215,92.14285714285712,290.45380323047635,7.917012770182636e+27,1.7245986824886042e+27,0.7793288095854223,0.1697671845963748,final_luminosity_arrays\ZTF23abbanlv_epoch_3_lum.npy,dillon_extracting_files\dillon_fits\ztf_cutouts\ztf_cutouts_no_interp\ZTF23abbanlv_epoch_3.fits,5.585282731158654e+27,True,True,True,,False,13.0,11.0,1.3325273360617146e+28,False,4,4,9.109838233322304e+27,6.625316118682885e+27,1.8235761949249891e+27,3.6331446621869343,False,8.023299732782649e+27,1.0672621559129705,1.2531050797102254,5.301973627834497e+27,C:\Research\bts_vlass_cross_matching\gaussian_adjusted_luminosity_arrays\ZTF23abbanlv_epoch_3_gaussian_adjusted_13x13_lum.npy
ZTF23abbccir,1,00:47:53.05,+19:35:37.0,SN II,0.01519,65.1,-1561.6150671304156,8.451139764915773e+26,7.299364282953787e+26,0.1666617899900302,0.143950145001147,final_luminosity_arrays\ZTF23abbccir_epoch_1_lum.npy,dillon_extracting_files\dillon_fits\ztf_cutouts\ztf_cutouts_no_interp\ZTF23abbccir_epoch_1.fits,-8.788971038904747e+26,False,False,False,Original Detection is False; no Gaussian subtraction attempted,,,,,False,7,9,1.9808717926432633e+27,8.451139764915773e+26,7.29947035044661e+26,1.157774380767051,False,,,,,C:\Research\bts_vlass_cross_matching\gaussian_adjusted_luminosity_arrays\ZTF23abbccir_epoch_1_gaussian_adjusted_13x13_lum.npy
ZTF23abbccir,2,00:47:53.05,+19:35:37.0,SN II,0.01519,65.1,-658.3358780131075,1.255488145882339e+27,6.291953638444378e+26,0.2475901565048844,0.1240830849762779,final_luminosity_arrays\ZTF23abbccir_epoch_2_lum.npy,dillon_extracting_files\dillon_fits\ztf_cutouts\ztf_cutouts_no_interp\ZTF23abbccir_epoch_2.fits,6.694166400663119e+26,False,False,False,Original Detection is False; no Gaussian subtraction attempted,,,,,False,9,1,1.4489371459860002e+27,1.255488145882339e+27,6.29204506719372e+26,1.9953578406937449,False,,,,,C:\Research\bts_vlass_cross_matching\gaussian_adjusted_luminosity_arrays\ZTF23abbccir_epoch_2_gaussian_adjusted_13x13_lum.npy
ZTF23abbccir,3,00:47:53.05,+19:35:37.0,SN II,0.01519,65.1,291.2400634362763,3.381153962400836e+27,6.652337984881319e+26,0.6667848210781813,0.1311901941593188,final_luminosity_arrays\ZTF23abbccir_epoch_3_lum.npy,dillon_extracting_files\dillon_fits\ztf_cutouts\ztf_cutouts_no_interp\ZTF23abbccir_epoch_3.fits,3.381153962400836e+27,True,False,False,,True,14.0,14.0,3.381153962400836e+27,True,6,6,3.381153962400836e+27,3.381153962400836e+27,6.65243465039685e+26,5.082581250458633,True,,,,,C:\Research\bts_vlass_cross_matching\gaussian_adjusted_luminosity_arrays\ZTF23abbccir_epoch_3_gaussian_adjusted_13x13_lum.npy
ZTF23abbtkrv,1,08:49:16.37,+36:07:14.8,SN II,0.02521,108.04285714285714,-1549.4571843815947,2.259349212724141e+28,3.132094476278519e+27,1.617610570974648,0.2242496523923164,final_luminosity_arrays\ZTF23abbtkrv_epoch_1_lum.npy,dillon_extracting_files\dillon_fits\ztf_cutouts\ztf_cutouts_no_interp\ZTF23abbtkrv_epoch_1.fits,3.654509407123696e+27,True,True,True,,False,11.0,13.0,1.5282982924868204e+29,False,2,6,2.4050881138943145e+28,4.480212867573344e+27,3.0367679775600543e+27,1.475322744667853,False,1.4083673730028452e+29,1.148272023728018,1.2058038581493409,1.1993091948397508e+28,C:\Research\bts_vlass_cross_matching\gaussian_adjusted_luminosity_arrays\ZTF23abbtkrv_epoch_1_gaussian_adjusted_13x13_lum.npy
ZTF23abbtkrv,2,08:49:16.37,+36:07:14.8,SN II,0.02521,108.04285714285714,-650.1292418137306,1.373888586784923e+28,1.593958329562461e+27,0.9836534736678004,0.1141231862702067,final_luminosity_arrays\ZTF23abbtkrv_epoch_2_lum.npy,dillon_extracting_files\dillon_fits\ztf_cutouts\ztf_cutouts_no_interp\ZTF23abbtkrv_epoch_2.fits,1.572844121232874e+27,True,True,True,,False,11.0,14.0,1.5378674753004923e+29,False,3,5,5.545236756479851e+28,-7.681307286021875e+27,1.5671254588415702e+27,-4.901526704632793,False,1.2692050606410389e+29,1.0659840879812381,1.973214159829343,0.0,C:\Research\bts_vlass_cross_matching\gaussian_adjusted_luminosity_arrays\ZTF23abbtkrv_epoch_2_gaussian_adjusted_13x13_lum.npy
ZTF23abbtkrv,3,08:49:16.37,+36:07:14.8,SN II,0.02521,108.04285714285714,308.69870563118315,1.5629828403950998e+28,2.3488538418400115e+27,1.1190379736945033,0.1681717015697519,final_luminosity_arrays\ZTF23abbtkrv_epoch_3_lum.npy,dillon_extracting_files\dillon_fits\ztf_cutouts\ztf_cutouts_no_interp\ZTF23abbtkrv_epoch_3.fits,4.096269813354215e+27,True,True,True,,False,11.0,14.0,1.5770303094496233e+29,False,2,5,3.1877899130342143e+28,2.615847524778148e+27,2.4193134272901174e+27,1.0812354841134284,False,1.4761567148268195e+29,1.2542652223409543,0.9916870107668811,3.3359130561159983e+27,C:\Research\bts_vlass_cross_matching\gaussian_adjusted_luminosity_arrays\ZTF23abbtkrv_epoch_3_gaussian_adjusted_13x13_lum.npy
ZTF23abhublj,1,01:45:21.62,+19:30:41.9,SN Ia,0.069,295.7142857142857,-1561.572709914046,9.0341616069151e+28,1.623689709680786e+28,0.8634277037344873,0.155184189774453,final_luminosity_arrays\ZTF23abhublj_epoch_1_lum.npy,dillon_extracting_files\dillon_fits\ztf_cutouts\ztf_cutouts_no_interp\ZTF23abhublj_epoch_1.fits,3.4331677752398912e+28,True,False,False,,True,13.0,15.0,9.0341616069151e+28,True,5,7,9.0341616069151e+28,9.0341616069151e+28,1.6237133036117029e+28,5.56388962683251,True,,,,,C:\Research\bts_vlass_cross_matching\gaussian_adjusted_luminosity_arrays\ZTF23abhublj_epoch_1_gaussian_adjusted_13x13_lum.npy
ZTF23abhublj,2,01:45:21.62,+19:30:41.9,SN Ia,0.069,295.7142857142857,-645.7635424678346,7.75254130465978e+28,1.289699679086432e+28,0.7409385871142149,0.1232630831852395,final_luminosity_arrays\ZTF23abhublj_epoch_2_lum.npy,dillon_extracting_files\dillon_fits\ztf_cutouts\ztf_cutouts_no_interp\ZTF23abhublj_epoch_2.fits,3.9078792477169146e+28,True,True,True,,False,12.0,15.0,8.945903346228374e+28,True,7,5,3.184886459445367e+28,3.184886459445367e+28,1.2559010644066902e+28,2.5359373836903014,False,8.257944432748061e+28,1.0762526941764377,1.1412344707648816,6.879589134803121e+27,C:\Research\bts_vlass_cross_matching\gaussian_adjusted_luminosity_arrays\ZTF23abhublj_epoch_2_gaussian_adjusted_13x13_lum.npy
ZTF23abhublj,3,01:45:21.62,+19:30:41.9,SN Ia,0.069,295.7142857142857,248.53018999240868,8.558884950254816e+28,1.3752444944524323e+28,0.8180037839338183,0.131439031325348,final_luminosity_arrays\ZTF23abhublj_epoch_3_lum.npy,dillon_extracting_files\dillon_fits\ztf_cutouts\ztf_cutouts_no_interp\ZTF23abhublj_epoch_3.fits,1.4857691838471926e+28,True,False,False,,True,13.0,15.0,8.558884950254816e+28,True,5,7,8.558884950254816e+28,8.558884950254816e+28,1.3752644782112768e+28,6.223446533998202,True,,,,,C:\Research\bts_vlass_cross_matching\gaussian_adjusted_luminosity_arrays\ZTF23abhublj_epoch_3_gaussian_adjusted_13x13_lum.npy
ZTF23abhvuft,1,20:26:42.69,+10:41:41.8,SN Ia,0.01489,63.81428571428572,-2161.977849816206,4.81073884256069e+27,7.481331833024452e+26,0.9873217204585673,0.1535437485142801,final_luminosity_arrays\ZTF23abhvuft_epoch_1_lum.npy,dillon_extracting_files\dillon_fits\ztf_cutouts\ztf_cutouts_no_interp\ZTF23abhvuft_epoch_1.fits,2.386652075194464e+27,True,False,False,,True,13.0,14.0,4.81073884256069e+27,True,5,6,4.81073884256069e+27,4.81073884256069e+27,7.481440544698475e+26,6.430230667233856,True,,,,,C:\Research\bts_vlass_cross_matching\gaussian_adjusted_luminosity_arrays\ZTF23abhvuft_epoch_1_gaussian_adjusted_13x13_lum.npy
ZTF23abhvuft,2,20:26:42.69,+10:41:41.8,SN Ia,0.01489,63.81428571428572,-1113.588369182837,6.494160414616506e+27,8.352082828071765e+26,1.3328151544556022,0.1714146804266872,final_luminosity_arrays\ZTF23abhvuft_epoch_2_lum.npy,dillon_extracting_files\dillon_fits\ztf_cutouts\ztf_cutouts_no_interp\ZTF23abhvuft_epoch_2.fits,3.2461295209823216e+27,True,False,False,,True,13.0,14.0,6.494160414616506e+27,True,5,6,6.494160414616506e+27,6.494160414616506e+27,8.352204192679842e+26,7.775385113678388,True,,,,,C:\Research\bts_vlass_cross_matching\gaussian_adjusted_luminosity_arrays\ZTF23abhvuft_epoch_2_gaussian_adjusted_13x13_lum.npy
ZTF23abhvuft,3,20:26:42.69,+10:41:41.8,SN Ia,0.01489,63.81428571428572,-230.7340697021051,6.15808882775264e+27,6.749433187416938e+26,1.2638422194868324,0.1385225645744051,final_luminosity_arrays\ZTF23abhvuft_epoch_3_lum.npy,dillon_extracting_files\dillon_fits\ztf_cutouts\ztf_cutouts_no_interp\ZTF23abhvuft_epoch_3.fits,2.940916667712338e+27,True,False,False,,True,13.0,14.0,6.15808882775264e+27,True,5,6,6.15808882775264e+27,6.15808882775264e+27,6.749531263828584e+26,9.12372813317342,True,,,,,C:\Research\bts_vlass_cross_matching\gaussian_adjusted_luminosity_arrays\ZTF23abhvuft_epoch_3_gaussian_adjusted_13x13_lum.npy
ZTF23abhzxwm,1,19:01:41.98,+40:45:05.8,SN II,0.0152,65.14285714285714,-2171.149970448948,5.403358672959444e+27,1.103500405159685e+27,1.06417469214648,0.2173341321748076,final_luminosity_arrays\ZTF23abhzxwm_epoch_1_lum.npy,dillon_extracting_files\dillon_fits\ztf_cutouts\ztf_cutouts_no_interp\ZTF23abhzxwm_epoch_1.fits,5.403358672959444e+27,True,True,True,,False,10.0,14.0,6.025187083893342e+27,True,6,6,3.225988829397953e+27,3.225988829397953e+27,8.486076194358361e+26,3.8015082065167247,False,4.827415465348875e+27,3.082680044270658,3.1698277323934363,0.0,C:\Research\bts_vlass_cross_matching\gaussian_adjusted_luminosity_arrays\ZTF23abhzxwm_epoch_1_gaussian_adjusted_13x13_lum.npy
ZTF23abhzxwm,2,19:01:41.98,+40:45:05.8,SN II,0.0152,65.14285714285714,-1108.3052107956776,7.792573939579221e+27,1.6234560379088382e+27,1.534723211079836,0.3197392655889523,final_luminosity_arrays\ZTF23abhzxwm_epoch_2_lum.npy,dillon_extracting_files\dillon_fits\ztf_cutouts\ztf_cutouts_no_interp\ZTF23abhzxwm_epoch_2.fits,6.177807349598555e+27,True,True,True,,False,12.0,15.0,9.194977779415169e+27,False,1,12,2.8051490962581057e+27,1.165624312806568e+27,1.1479707425654154e+27,1.0153780663448804,False,8.129812144142162e+27,2.8053037391075155,3.110338365080758,0.0,C:\Research\bts_vlass_cross_matching\gaussian_adjusted_luminosity_arrays\ZTF23abhzxwm_epoch_2_gaussian_adjusted_13x13_lum.npy
ZTF23abhzxwm,3,19:01:41.98,+40:45:05.8,SN II,0.0152,65.14285714285714,-230.64563632759257,7.013113916516066e+27,1.0788643792809555e+27,1.3812109827995305,0.2124820729643582,final_luminosity_arrays\ZTF23abhzxwm_epoch_3_lum.npy,dillon_extracting_files\dillon_fits\ztf_cutouts\ztf_cutouts_no_interp\ZTF23abhzxwm_epoch_3.fits,4.811806112245683e+27,True,False,False,,True,13.0,15.0,7.013113916516066e+27,True,5,7,7.013113916516066e+27,7.013113916516066e+27,1.0788800563228693e+27,6.500364776802675,True,,,,,C:\Research\bts_vlass_cross_matching\gaussian_adjusted_luminosity_arrays\ZTF23abhzxwm_epoch_3_gaussian_adjusted_13x13_lum.npy
ZTF23abjexnw,1,23:49:00.60,+43:03:59.1,SN Ia,0.049,210.0,-1523.612026886498,1.742637436785589e+28,8.171799798223732e+27,0.3302563563920557,0.1548703124250821,final_luminosity_arrays\ZTF23abjexnw_epoch_1_lum.npy,dillon_extracting_files\dillon_fits\ztf_cutouts\ztf_cutouts_no_interp\ZTF23abjexnw_epoch_1.fits,9.30492182504475e+27,False,False,False,Original Detection is False; no Gaussian subtraction attempted,,,,,False,2,7,2.254339449201085e+28,1.742637436785589e+28,8.171918543128467e+27,2.1324703955241002,False,,,,,C:\Research\bts_vlass_cross_matching\gaussian_adjusted_luminosity_arrays\ZTF23abjexnw_epoch_1_gaussian_adjusted_13x13_lum.npy
ZTF23abjexnw,2,23:49:00.60,+43:03:59.1,SN Ia,0.049,210.0,-693.297441567146,1.4396726544996657e+28,7.233815056920518e+27,0.2728399122133851,0.137093813548156,final_luminosity_arrays\ZTF23abjexnw_epoch_2_lum.npy,dillon_extracting_files\dillon_fits\ztf_cutouts\ztf_cutouts_no_interp\ZTF23abjexnw_epoch_2.fits,1.1784375655631086e+28,False,False,False,Original Detection is False; no Gaussian subtraction attempted,,,,,False,10,5,1.820036035139502e+28,1.4396726544996657e+28,7.233920171913667e+27,1.9901693967944543,False,,,,,C:\Research\bts_vlass_cross_matching\gaussian_adjusted_luminosity_arrays\ZTF23abjexnw_epoch_2_gaussian_adjusted_13x13_lum.npy
ZTF23abjexnw,3,23:49:00.60,+43:03:59.1,SN Ia,0.049,210.0,232.3460284042553,3.449299289543559e+28,8.277397102911258e+27,0.6536947912536563,0.1568715713854103,final_luminosity_arrays\ZTF23abjexnw_epoch_3_lum.npy,dillon_extracting_files\dillon_fits\ztf_cutouts\ztf_cutouts_no_interp\ZTF23abjexnw_epoch_3.fits,2.109184136551169e+28,True,False,False,,True,13.0,14.0,3.449299289543559e+28,True,5,6,3.449299289543559e+28,3.449299289543559e+28,8.277517382256657e+27,4.167069823299114,True,,,,,C:\Research\bts_vlass_cross_matching\gaussian_adjusted_luminosity_arrays\ZTF23abjexnw_epoch_3_gaussian_adjusted_13x13_lum.npy
ZTF23abkaijq,1,23:08:12.46,+13:02:00.0,SN Ia,0.036,154.28571428571428,-2121.796405791938,1.9466961444353488e+28,4.1095947277867617e+27,0.6834857631474734,0.1442901252121427,final_luminosity_arrays\ZTF23abkaijq_epoch_1_lum.npy,dillon_extracting_files\dillon_fits\ztf_cutouts\ztf_cutouts_no_interp\ZTF23abkaijq_epoch_1.fits,6.116009520555671e+27,True,True,True,,False,15.0,16.0,2.2262857526570364e+28,False,9,3,1.2823381460231719e+28,8.065414475136296e+27,3.9681954203396433e+27,2.0325144356035687,False,1.5367802687854028e+28,1.294178721939342,1.0681106493036263,6.895054838716336e+27,C:\Research\bts_vlass_cross_matching\gaussian_adjusted_luminosity_arrays\ZTF23abkaijq_epoch_1_gaussian_adjusted_13x13_lum.npy
ZTF23abkaijq,2,23:08:12.46,+13:02:00.0,SN Ia,0.036,154.28571428571428,-1121.7964057919378,2.393988289599252e+28,5.255044681310797e+27,0.8405302069149911,0.1845075014173231,final_luminosity_arrays\ZTF23abkaijq_epoch_2_lum.npy,dillon_extracting_files\dillon_fits\ztf_cutouts\ztf_cutouts_no_interp\ZTF23abkaijq_epoch_2.fits,3.239798020290764e+27,True,True,True,,False,16.0,16.0,2.603361730007246e+28,True,7,7,1.5252134911197437e+28,1.5252134911197437e+28,5.132001619572789e+27,2.9719661141625076,False,1.926802276436227e+28,1.0468732392834887,1.2121341254835345,6.765594535710189e+27,C:\Research\bts_vlass_cross_matching\gaussian_adjusted_luminosity_arrays\ZTF23abkaijq_epoch_2_gaussian_adjusted_13x13_lum.npy
ZTF23abkaijq,3,23:08:12.46,+13:02:00.0,SN Ia,0.036,154.28571428571428,-248.2442822398143,1.7627089089427556e+28,3.682869169289453e+27,0.6188877741806209,0.1293075567728557,final_luminosity_arrays\ZTF23abkaijq_epoch_3_lum.npy,dillon_extracting_files\dillon_fits\ztf_cutouts\ztf_cutouts_no_interp\ZTF23abkaijq_epoch_3.fits,7.977355356090168e+27,True,False,False,,True,15.0,15.0,1.7627089089427556e+28,True,7,7,1.7627089089427556e+28,1.7627089089427556e+28,3.682922685278522e+27,4.786168648037884,True,,,,,C:\Research\bts_vlass_cross_matching\gaussian_adjusted_luminosity_arrays\ZTF23abkaijq_epoch_3_gaussian_adjusted_13x13_lum.npy
ZTF23ablnqxh,1,22:03:18.14,+31:12:02.6,SN Ia,0.078,334.2857142857143,-1494.5668848775713,1.1576650628028108e+29,2.091974399863976e+28,0.8658248116262257,0.1564623239271642,final_luminosity_arrays\ZTF23ablnqxh_epoch_1_lum.npy,dillon_extracting_files\dillon_fits\ztf_cutouts\ztf_cutouts_no_interp\ZTF23ablnqxh_epoch_1.fits,8.078612186392505e+28,True,False,False,,True,15.0,14.0,1.1576650628028108e+29,True,7,6,1.1576650628028108e+29,1.1576650628028108e+29,2.0920047984673384e+28,5.533759117813442,True,,,,,C:\Research\bts_vlass_cross_matching\gaussian_adjusted_luminosity_arrays\ZTF23ablnqxh_epoch_1_gaussian_adjusted_13x13_lum.npy
ZTF23ablnqxh,2,22:03:18.14,+31:12:02.6,SN Ia,0.078,334.2857142857143,-693.0826548219128,8.176865506331474e+28,1.662887856362281e+28,0.6115527939982713,0.1243702114393084,final_luminosity_arrays\ZTF23ablnqxh_epoch_2_lum.npy,dillon_extracting_files\dillon_fits\ztf_cutouts\ztf_cutouts_no_interp\ZTF23ablnqxh_epoch_2.fits,3.528194649915813e+28,True,True,True,,False,16.0,14.0,8.536213725235193e+28,False,1,4,4.764250432019308e+28,3.5405890023248445e+28,1.630571305447926e+28,2.1713794364560015,False,7.413791734098232e+28,0.9739930791622134,1.2329670106353807,1.1224219911369605e+28,C:\Research\bts_vlass_cross_matching\gaussian_adjusted_luminosity_arrays\ZTF23ablnqxh_epoch_2_gaussian_adjusted_13x13_lum.npy
ZTF23abnqbkx,1,23:52:29.00,+39:57:37.7,SN Ia,0.068,291.42857142857144,-1547.0964419476736,6.904983471230152e+28,1.732708429342839e+28,0.679486955050379,0.1705101667125541,final_luminosity_arrays\ZTF23abnqbkx_epoch_1_lum.npy,dillon_extracting_files\dillon_fits\ztf_cutouts\ztf_cutouts_no_interp\ZTF23abnqbkx_epoch_1.fits,2.960691281780608e+28,False,False,False,Original Detection is False; no Gaussian subtraction attempted,,,,,True,5,5,6.904983471230152e+28,6.904983471230152e+28,1.732733607431199e+28,3.985023111236864,False,,,,,C:\Research\bts_vlass_cross_matching\gaussian_adjusted_luminosity_arrays\ZTF23abnqbkx_epoch_1_gaussian_adjusted_13x13_lum.npy
ZTF23abnqbkx,2,23:52:29.00,+39:57:37.7,SN Ia,0.068,291.42857142857144,-688.4822097379358,4.520419409601381e+28,1.4839273925459232e+28,0.4448332183528691,0.1460284389499365,final_luminosity_arrays\ZTF23abnqbkx_epoch_2_lum.npy,dillon_extracting_files\dillon_fits\ztf_cutouts\ztf_cutouts_no_interp\ZTF23abnqbkx_epoch_2.fits,-9.674210546754158e+27,False,False,False,Original Detection is False; no Gaussian subtraction attempted,,,,,False,4,5,5.98103688034881e+28,4.520419409601381e+28,1.4839489555823674e+28,3.0462095024200933,False,,,,,C:\Research\bts_vlass_cross_matching\gaussian_adjusted_luminosity_arrays\ZTF23abnqbkx_epoch_2_gaussian_adjusted_13x13_lum.npy
ZTF23abnqbkx,3,23:52:29.00,+39:57:37.7,SN Ia,0.068,291.42857142857144,244.1020599249855,6.393077020609066e+28,1.5624957691463934e+28,0.6291126483120024,0.1537600957974546,final_luminosity_arrays\ZTF23abnqbkx_epoch_3_lum.npy,dillon_extracting_files\dillon_fits\ztf_cutouts\ztf_cutouts_no_interp\ZTF23abnqbkx_epoch_3.fits,1.3045855661740257e+28,True,False,False,,True,13.0,13.0,6.393077020609066e+28,True,5,5,6.393077020609066e+28,6.393077020609066e+28,1.562518473864551e+28,4.091520918019724,True,,,,,C:\Research\bts_vlass_cross_matching\gaussian_adjusted_luminosity_arrays\ZTF23abnqbkx_epoch_3_gaussian_adjusted_13x13_lum.npy
ZTF23abnxcty,1,10:15:03.59,+43:20:40.4,SN Ia-91T,0.071,304.2857142857142,-1514.912227269116,3.747143101132986e+28,1.6747568561558774e+28,0.338236044626683,0.1511742014537737,final_luminosity_arrays\ZTF23abnxcty_epoch_1_lum.npy,dillon_extracting_files\dillon_fits\ztf_cutouts\ztf_cutouts_no_interp\ZTF23abnxcty_epoch_1.fits,3.1366071813010123e+28,False,False,False,Original Detection is False; no Gaussian subtraction attempted,,,,,True,6,7,3.747143101132986e+28,3.747143101132986e+28,1.6747811921465103e+28,2.2373926329626377,False,,,,,C:\Research\bts_vlass_cross_matching\gaussian_adjusted_luminosity_arrays\ZTF23abnxcty_epoch_1_gaussian_adjusted_13x13_lum.npy
ZTF23abnxcty,2,10:15:03.59,+43:20:40.4,SN Ia-91T,0.071,304.2857142857142,-704.4547109292467,5.608447940740739e+28,1.3110979230875497e+28,0.5062468117102981,0.1183480341172663,final_luminosity_arrays\ZTF23abnxcty_epoch_2_lum.npy,dillon_extracting_files\dillon_fits\ztf_cutouts\ztf_cutouts_no_interp\ZTF23abnxcty_epoch_2.fits,3.553064355941345e+28,True,False,False,,True,14.0,13.0,5.608447940740739e+28,True,6,5,5.608447940740739e+28,5.608447940740739e+28,1.3111169747287817e+28,4.277610654763207,True,,,,,C:\Research\bts_vlass_cross_matching\gaussian_adjusted_luminosity_arrays\ZTF23abnxcty_epoch_2_gaussian_adjusted_13x13_lum.npy
ZTF23abnxcty,3,10:15:03.59,+43:20:40.4,SN Ia-91T,0.071,304.2857142857142,210.5779688093154,5.576131791286868e+28,1.3070988145736715e+28,0.5033297929912806,0.1179870491576345,final_luminosity_arrays\ZTF23abnxcty_epoch_3_lum.npy,dillon_extracting_files\dillon_fits\ztf_cutouts\ztf_cutouts_no_interp\ZTF23abnxcty_epoch_3.fits,3.5873044234998505e+28,True,False,False,,True,14.0,13.0,5.576131791286868e+28,True,6,5,5.576131791286868e+28,5.576131791286868e+28,1.307117808103622e+28,4.265974923390241,True,,,,,C:\Research\bts_vlass_cross_matching\gaussian_adjusted_luminosity_arrays\ZTF23abnxcty_epoch_3_gaussian_adjusted_13x13_lum.npy
ZTF23abomeiu,1,07:49:20.61,+52:21:05.5,SN Ia,0.06722,288.0857142857143,-1537.14416896226,1.85755243836618e+29,2.0207067668927974e+28,1.8705975962802768,0.2034927288855471,final_luminosity_arrays\ZTF23abomeiu_epoch_1_lum.npy,dillon_extracting_files\dillon_fits\ztf_cutouts\ztf_cutouts_no_interp\ZTF23abomeiu_epoch_1.fits,1.1681351022201686e+29,True,True,True,,False,11.0,13.0,3.215572359861733e+29,True,6,7,1.4107673586968692e+29,1.4107673586968692e+29,1.9724486474688564e+28,7.152365464658538,True,2.7015097589999642e+29,1.0561368201363976,1.2478672413605336,5.140626008617687e+28,C:\Research\bts_vlass_cross_matching\gaussian_adjusted_luminosity_arrays\ZTF23abomeiu_epoch_1_gaussian_adjusted_13x13_lum.npy
ZTF23abomeiu,2,07:49:20.61,+52:21:05.5,SN Ia,0.06722,288.0857142857143,-670.4062892373673,1.501833291614766e+29,2.136209517551325e+28,1.5123803168535233,0.2151242878580705,final_luminosity_arrays\ZTF23abomeiu_epoch_2_lum.npy,dillon_extracting_files\dillon_fits\ztf_cutouts\ztf_cutouts_no_interp\ZTF23abomeiu_epoch_2.fits,9.328119361681146e+28,True,True,True,,False,11.0,13.0,3.226641622902412e+29,False,4,6,1.3088312884853326e+29,1.1624762775355788e+29,2.143944629180312e+28,5.422137594943507,False,2.573534872895857e+29,1.0796823420629569,1.2037916078625153,6.531067500065553e+28,C:\Research\bts_vlass_cross_matching\gaussian_adjusted_luminosity_arrays\ZTF23abomeiu_epoch_2_gaussian_adjusted_13x13_lum.npy
ZTF23abomeiu,3,07:49:20.61,+52:21:05.5,SN Ia,0.06722,288.0857142857143,171.0322145387988,1.441783533808886e+29,1.910210601301874e+28,1.4519088435918093,0.1923653517539995,final_luminosity_arrays\ZTF23abomeiu_epoch_3_lum.npy,dillon_extracting_files\dillon_fits\ztf_cutouts\ztf_cutouts_no_interp\ZTF23abomeiu_epoch_3.fits,8.610192939273492e+28,True,True,True,,False,11.0,13.0,3.510215305635968e+29,True,6,7,1.0385792805986264e+29,1.0385792805986264e+29,1.9379594188001406e+28,5.359138434599666,True,3.0644324467032364e+29,1.0894573809424666,1.2072210503265517,4.457828589327319e+28,C:\Research\bts_vlass_cross_matching\gaussian_adjusted_luminosity_arrays\ZTF23abomeiu_epoch_3_gaussian_adjusted_13x13_lum.npy
ZTF23abooocr,1,22:19:30.38,+29:23:17.6,SN Ia,0.015,64.28571428571429,-1605.0564926108484,2.7187051962855614e+27,8.286745720512189e+26,0.5498141399584712,0.167588460255913,final_luminosity_arrays\ZTF23abooocr_epoch_1_lum.npy,dillon_extracting_files\dillon_fits\ztf_cutouts\ztf_cutouts_no_interp\ZTF23abooocr_epoch_1.fits,1.2750844759423485e+27,False,False,False,Original Detection is False; no Gaussian subtraction attempted,,,,,False,5,8,3.3495491321125134e+27,2.7187051962855614e+27,8.286866135702904e+26,3.280739849980643,False,,,,,C:\Research\bts_vlass_cross_matching\gaussian_adjusted_luminosity_arrays\ZTF23abooocr_epoch_1_gaussian_adjusted_13x13_lum.npy
ZTF23abooocr,2,22:19:30.38,+29:23:17.6,SN Ia,0.015,64.28571428571429,-753.8249655172523,3.177301114915641e+27,7.832270848071452e+26,0.6425577448680997,0.158397307701441,final_luminosity_arrays\ZTF23abooocr_epoch_2_lum.npy,dillon_extracting_files\dillon_fits\ztf_cutouts\ztf_cutouts_no_interp\ZTF23abooocr_epoch_2.fits,2.3009632434152624e+27,True,False,False,,True,13.0,15.0,3.177301114915641e+27,True,5,7,3.177301114915641e+27,3.177301114915641e+27,7.832384659260996e+26,4.056620369326226,True,,,,,C:\Research\bts_vlass_cross_matching\gaussian_adjusted_luminosity_arrays\ZTF23abooocr_epoch_2_gaussian_adjusted_13x13_lum.npy
ZTF23abooocr,3,22:19:30.38,+29:23:17.6,SN Ia,0.015,64.28571428571429,252.08636453200887,1.2534850437382845e+27,7.290779691465608e+26,0.253497069934383,0.1474463660123363,final_luminosity_arrays\ZTF23abooocr_epoch_3_lum.npy,dillon_extracting_files\dillon_fits\ztf_cutouts\ztf_cutouts_no_interp\ZTF23abooocr_epoch_3.fits,6.676265651922909e+26,False,False,False,Original Detection is False; no Gaussian subtraction attempted,,,,,False,5,8,2.2387038385395462e+27,1.2534850437382845e+27,7.290885634215226e+26,1.7192493568351066,False,,,,,C:\Research\bts_vlass_cross_matching\gaussian_adjusted_luminosity_arrays\ZTF23abooocr_epoch_3_gaussian_adjusted_13x13_lum.npy
ZTF23absguth,1,06:36:51.88,+37:34:12.2,SN Ia,0.024,102.85714285714286,-1640.9033090099,1.3737438009645316e+28,1.7200589904018438e+27,1.0852244449779391,0.1358824830568601,final_luminosity_arrays\ZTF23absguth_epoch_1_lum.npy,dillon_extracting_files\dillon_fits\ztf_cutouts\ztf_cutouts_no_interp\ZTF23absguth_epoch_1.fits,5.321321267518989e+27,True,True,True,,False,16.0,16.0,2.086412725006847e+28,False,9,6,1.009787740843089e+28,5.453718054145823e+27,1.680012784585118e+27,3.246236043074296,False,1.7123123184101376e+28,1.2526149713656225,1.10773517237129,3.741004065967094e+27,C:\Research\bts_vlass_cross_matching\gaussian_adjusted_luminosity_arrays\ZTF23absguth_epoch_1_gaussian_adjusted_13x13_lum.npy
ZTF23absguth,2,06:36:51.88,+37:34:12.2,SN Ia,0.024,102.85714285714286,-723.9111215099001,1.0776639190837638e+28,1.421907659256711e+27,0.8513284847140312,0.1123289052849466,final_luminosity_arrays\ZTF23absguth_epoch_2_lum.npy,dillon_extracting_files\dillon_fits\ztf_cutouts\ztf_cutouts_no_interp\ZTF23absguth_epoch_2.fits,3.6097379118128536e+27,True,True,True,,False,16.0,16.0,1.9270750687108486e+28,False,8,5,5.896370135374342e+27,5.80489433496824e+27,1.4180043838054067e+27,4.093706903352457,False,1.5857533368860383e+28,1.166502420047228,1.0946103115656451,3.413217318248103e+27,C:\Research\bts_vlass_cross_matching\gaussian_adjusted_luminosity_arrays\ZTF23absguth_epoch_2_gaussian_adjusted_13x13_lum.npy
ZTF23absguth,3,06:36:51.88,+37:34:12.2,SN Ia,0.024,102.85714285714286,203.8232534900999,8.041816047164302e+27,1.7622801633820738e+27,0.6352840573526918,0.1392179022803523,final_luminosity_arrays\ZTF23absguth_epoch_3_lum.npy,dillon_extracting_files\dillon_fits\ztf_cutouts\ztf_cutouts_no_interp\ZTF23absguth_epoch_3.fits,1.6453979336796936e+27,True,True,True,,False,16.0,16.0,1.7409251130760176e+28,False,8,10,6.909972723229519e+27,3.001574428855607e+27,1.745112812313619e+27,1.719988763864617,False,1.3884331556202637e+28,1.130879460048207,1.0793918614412268,3.5249195745575395e+27,C:\Research\bts_vlass_cross_matching\gaussian_adjusted_luminosity_arrays\ZTF23absguth_epoch_3_gaussian_adjusted_13x13_lum.npy
ZTF23abtnhva,1,14:16:05.41,-01:15:35.5,SN Ia,0.04986,213.68571428571428,-1606.449755205502,3.794086406555441e+28,1.014960947384315e+28,0.6944467895664275,0.1857750556886041,final_luminosity_arrays\ZTF23abtnhva_epoch_1_lum.npy,dillon_extracting_files\dillon_fits\ztf_cutouts\ztf_cutouts_no_interp\ZTF23abtnhva_epoch_1.fits,3.0629409324796724e+28,False,False,False,Original Detection is False; no Gaussian subtraction attempted,,,,,False,5,8,5.317570865678109e+28,3.794086406555441e+28,1.014975695841691e+28,3.738105672972899,False,,,,,C:\Research\bts_vlass_cross_matching\gaussian_adjusted_luminosity_arrays\ZTF23abtnhva_epoch_1_gaussian_adjusted_13x13_lum.npy
ZTF23abtnhva,2,14:16:05.41,-01:15:35.5,SN Ia,0.04986,213.68571428571428,-742.5250414341419,3.520026944408504e+28,9.316846528149032e+27,0.6442845915444195,0.1705324413781295,final_luminosity_arrays\ZTF23abtnhva_epoch_2_lum.npy,dillon_extracting_files\dillon_fits\ztf_cutouts\ztf_cutouts_no_interp\ZTF23abtnhva_epoch_2.fits,2.5419910327971823e+28,False,False,False,Original Detection is False; no Gaussian subtraction attempted,,,,,False,5,8,3.5621481073054867e+28,3.520026944408504e+28,9.316981911795325e+27,3.7780763961258095,False,,,,,C:\Research\bts_vlass_cross_matching\gaussian_adjusted_luminosity_arrays\ZTF23abtnhva_epoch_2_gaussian_adjusted_13x13_lum.npy
ZTF23abtnhva,3,14:16:05.41,-01:15:35.5,SN Ia,0.04986,213.68571428571428,175.69262568337848,3.7855371938551046e+28,8.78622844613163e+27,0.6928819930180907,0.1608201855528975,final_luminosity_arrays\ZTF23abtnhva_epoch_3_lum.npy,dillon_extracting_files\dillon_fits\ztf_cutouts\ztf_cutouts_no_interp\ZTF23abtnhva_epoch_3.fits,7.476082658460884e+27,True,True,True,,False,13.0,16.0,5.317122781733058e+28,False,9,10,3.0552527016553594e+28,1.8302050547061198e+28,8.552434163093068e+27,2.139981460020043,False,4.267561669152893e+28,1.0310287537117846,1.1329739252974895,1.0495611125801646e+28,C:\Research\bts_vlass_cross_matching\gaussian_adjusted_luminosity_arrays\ZTF23abtnhva_epoch_3_gaussian_adjusted_13x13_lum.npy
ZTF24aaacvhp,1,13:17:18.53,+32:55:41.4,SN Ia,0.0513,219.8571428571429,-2169.1482723329577,4.616773839012971e+28,7.709882562128022e+27,0.7982522947713732,0.1333078269079464,final_luminosity_arrays\ZTF24aaacvhp_epoch_1_lum.npy,dillon_extracting_files\dillon_fits\ztf_cutouts\ztf_cutouts_no_interp\ZTF24aaacvhp_epoch_1.fits,4.809386853361903e+27,True,True,True,,False,17.0,14.0,2.2116647590379697e+29,False,8,7,3.0277001167064105e+28,5.061457033980638e+27,7.80467435923138e+27,0.6485161072728087,False,2.074729970800162e+29,1.150279011777689,1.1708541539002775,1.369347882378075e+28,C:\Research\bts_vlass_cross_matching\gaussian_adjusted_luminosity_arrays\ZTF24aaacvhp_epoch_1_gaussian_adjusted_13x13_lum.npy
ZTF24aaacvhp,2,13:17:18.53,+32:55:41.4,SN Ia,0.0513,219.8571428571429,-1142.7999416947002,8.503572729027317e+28,8.382933585777395e+27,1.4702900080010293,0.1449452245774774,final_luminosity_arrays\ZTF24aaacvhp_epoch_2_lum.npy,dillon_extracting_files\dillon_fits\ztf_cutouts\ztf_cutouts_no_interp\ZTF24aaacvhp_epoch_2.fits,4.956117002520069e+27,True,True,True,,False,17.0,13.0,2.4440299902494547e+29,False,8,6,5.936857068627969e+28,3.3181951496565094e+28,8.496967690254043e+27,3.9051521326395693,False,2.1792946025815506e+29,1.1536374884126963,1.1802568812976126,2.6473538766790403e+28,C:\Research\bts_vlass_cross_matching\gaussian_adjusted_luminosity_arrays\ZTF24aaacvhp_epoch_2_gaussian_adjusted_13x13_lum.npy
ZTF24aaacvhp,3,13:17:18.53,+32:55:41.4,SN Ia,0.0513,219.8571428571429,-315.25309493354723,8.935035442027896e+28,7.478139900037229e+27,1.5448910417035224,0.1293008773291114,final_luminosity_arrays\ZTF24aaacvhp_epoch_3_lum.npy,dillon_extracting_files\dillon_fits\ztf_cutouts\ztf_cutouts_no_interp\ZTF24aaacvhp_epoch_3.fits,2.307557918970637e+28,True,True,True,,False,17.0,13.0,2.576298953065274e+29,False,8,5,5.948443927923363e+28,3.48769619256298e+28,7.706019806856864e+27,4.525937228268744,False,2.3692001937591375e+29,1.1545966662318565,1.1875626278908995,2.070987593061367e+28,C:\Research\bts_vlass_cross_matching\gaussian_adjusted_luminosity_arrays\ZTF24aaacvhp_epoch_3_gaussian_adjusted_13x13_lum.npy
ZTF24aadfmaf,1,15:34:23.33,-00:08:07.8,SLSN-I,0.067,287.1428571428572,-1621.835051546521,5.92014688988765e+28,1.4394217956712868e+28,0.6000938592478631,0.1459086654897594,final_luminosity_arrays\ZTF24aadfmaf_epoch_1_lum.npy,dillon_extracting_files\dillon_fits\ztf_cutouts\ztf_cutouts_no_interp\ZTF24aadfmaf_epoch_1.fits,5.92014688988765e+28,True,False,False,,True,14.0,14.0,5.92014688988765e+28,True,6,6,5.92014688988765e+28,5.92014688988765e+28,1.439442711994278e+28,4.112804796298961,True,,,,,C:\Research\bts_vlass_cross_matching\gaussian_adjusted_luminosity_arrays\ZTF24aadfmaf_epoch_1_gaussian_adjusted_13x13_lum.npy
ZTF24aadfmaf,2,15:34:23.33,-00:08:07.8,SLSN-I,0.067,287.1428571428572,-784.9090909092201,6.347173150511273e+27,1.6338733954001376e+28,0.0643379244138486,0.1656194781953249,final_luminosity_arrays\ZTF24aadfmaf_epoch_2_lum.npy,dillon_extracting_files\dillon_fits\ztf_cutouts\ztf_cutouts_no_interp\ZTF24aadfmaf_epoch_2.fits,1.452066353026883e+27,False,False,False,Original Detection is False; no Gaussian subtraction attempted,,,,,False,6,3,3.6417060968943173e+28,6.347173150511273e+27,1.6338971373107907e+28,0.38846834391043733,False,,,,,C:\Research\bts_vlass_cross_matching\gaussian_adjusted_luminosity_arrays\ZTF24aadfmaf_epoch_2_gaussian_adjusted_13x13_lum.npy
ZTF24aadfmaf,3,15:34:23.33,-00:08:07.8,SLSN-I,0.067,287.1428571428572,139.17713214607514,9.311175402031988e+27,1.5822418166748508e+28,0.0943824416026472,0.160385783129993,final_luminosity_arrays\ZTF24aadfmaf_epoch_3_lum.npy,dillon_extracting_files\dillon_fits\ztf_cutouts\ztf_cutouts_no_interp\ZTF24aadfmaf_epoch_3.fits,5.734487773639183e+27,False,False,False,Original Detection is False; no Gaussian subtraction attempted,,,,,False,0,0,3.664095714818534e+28,9.311175402031989e+27,1.582264808323989e+28,0.5884713704714721,False,,,,,C:\Research\bts_vlass_cross_matching\gaussian_adjusted_luminosity_arrays\ZTF24aadfmaf_epoch_3_gaussian_adjusted_13x13_lum.npy
ZTF24aadkwni,1,10:21:53.24,+00:17:44.3,SN II,0.0215,92.14285714285712,-2164.879296525193,5.560658494827652e+27,1.5406564819254616e+27,0.5473758210428059,0.1516601607216927,final_luminosity_arrays\ZTF24aadkwni_epoch_1_lum.npy,dillon_extracting_files\dillon_fits\ztf_cutouts\ztf_cutouts_no_interp\ZTF24aadkwni_epoch_1.fits,5.560658494827652e+27,False,False,False,Original Detection is False; no Gaussian subtraction attempted,,,,,True,6,6,5.560658494827652e+27,5.560658494827652e+27,1.540678869295649e+27,3.609226170129674,False,,,,,C:\Research\bts_vlass_cross_matching\gaussian_adjusted_luminosity_arrays\ZTF24aadkwni_epoch_1_gaussian_adjusted_13x13_lum.npy
ZTF24aadkwni,2,10:21:53.24,+00:17:44.3,SN II,0.0215,92.14285714285712,-1205.5058261385068,1.980775391723794e+27,1.6819709411459118e+27,0.194982043467462,0.1655709668287672,final_luminosity_arrays\ZTF24aadkwni_epoch_2_lum.npy,dillon_extracting_files\dillon_fits\ztf_cutouts\ztf_cutouts_no_interp\ZTF24aadkwni_epoch_2.fits,1.9535906026138787e+27,False,False,False,Original Detection is False; no Gaussian subtraction attempted,,,,,False,6,1,4.3673554544691087e+27,1.980775391723794e+27,1.681995381964839e+27,1.177634262830099,False,,,,,C:\Research\bts_vlass_cross_matching\gaussian_adjusted_luminosity_arrays\ZTF24aadkwni_epoch_2_gaussian_adjusted_13x13_lum.npy
ZTF24aadkwni,3,10:21:53.24,+00:17:44.3,SN II,0.0215,92.14285714285712,-345.9855128737003,5.990481301701359e+27,1.419446790865242e+27,0.5896863876841962,0.1397284410665457,final_luminosity_arrays\ZTF24aadkwni_epoch_3_lum.npy,dillon_extracting_files\dillon_fits\ztf_cutouts\ztf_cutouts_no_interp\ZTF24aadkwni_epoch_3.fits,5.990481301701359e+27,True,False,False,,True,14.0,14.0,5.990481301701359e+27,True,6,6,5.990481301701359e+27,5.990481301701359e+27,1.4194674169302607e+27,4.2202316377619775,True,,,,,C:\Research\bts_vlass_cross_matching\gaussian_adjusted_luminosity_arrays\ZTF24aadkwni_epoch_3_gaussian_adjusted_13x13_lum.npy
ZTF24aadplte,1,10:05:21.37,+28:58:06.6,SN Ia,0.058,248.57142857142856,-1647.927258979258,7.083219745103555e+28,1.0805128904725169e+28,0.9581004269421104,0.1461559773753021,final_luminosity_arrays\ZTF24aadplte_epoch_1_lum.npy,dillon_extracting_files\dillon_fits\ztf_cutouts\ztf_cutouts_no_interp\ZTF24aadplte_epoch_1.fits,3.9149544616096814e+28,True,False,False,,True,13.0,13.0,7.083219745103555e+28,True,5,5,7.083219745103555e+28,7.083219745103555e+28,1.0805285914690442e+28,6.555328383743634,True,,,,,C:\Research\bts_vlass_cross_matching\gaussian_adjusted_luminosity_arrays\ZTF24aadplte_epoch_1_gaussian_adjusted_13x13_lum.npy
ZTF24aadplte,2,10:05:21.37,+28:58:06.6,SN Ia,0.058,248.57142857142856,-744.3355765595983,1.0269198629194246e+29,8.307800142830549e+27,1.3890467816963794,0.1123757671399069,final_luminosity_arrays\ZTF24aadplte_epoch_2_lum.npy,dillon_extracting_files\dillon_fits\ztf_cutouts\ztf_cutouts_no_interp\ZTF24aadplte_epoch_2.fits,3.682117200930885e+28,True,True,True,,False,12.0,13.0,1.0288813850203511e+29,True,5,5,3.759710271989057e+28,3.759710271989057e+28,8.282727567481503e+27,4.539217596326493,True,9.432858957452219e+28,1.1549417920550251,1.161005090323199,8.559548927512921e+27,C:\Research\bts_vlass_cross_matching\gaussian_adjusted_luminosity_arrays\ZTF24aadplte_epoch_2_gaussian_adjusted_13x13_lum.npy
ZTF24aadplte,3,10:05:21.37,+28:58:06.6,SN Ia,0.058,248.57142857142856,152.63984877121456,5.972061067177679e+28,1.1168190601046666e+28,0.8078013197518888,0.1510669448927926,final_luminosity_arrays\ZTF24aadplte_epoch_3_lum.npy,dillon_extracting_files\dillon_fits\ztf_cutouts\ztf_cutouts_no_interp\ZTF24aadplte_epoch_3.fits,2.349964540484397e+28,True,True,True,,False,12.0,13.0,7.066829403788983e+28,False,3,7,2.6554237606408e+28,2.4130291537456793e+28,1.0758547467030503e+28,2.2428949271640906,False,5.637643700114964e+28,1.1277363977994694,1.0425974316713713,1.429185703674019e+28,C:\Research\bts_vlass_cross_matching\gaussian_adjusted_luminosity_arrays\ZTF24aadplte_epoch_3_gaussian_adjusted_13x13_lum.npy
ZTF24aadxdqn,1,08:32:04.88,+21:37:41.1,SN Ia,0.0538,230.57142857142856,-1662.0399506549102,4.275708958311983e+28,8.011823841725282e+27,0.6721711833961308,0.1259532727723464,final_luminosity_arrays\ZTF24aadxdqn_epoch_1_lum.npy,dillon_extracting_files\dillon_fits\ztf_cutouts\ztf_cutouts_no_interp\ZTF24aadxdqn_epoch_1.fits,8.766912435442879e+27,True,True,True,,False,16.0,15.0,7.722056164641533e+28,False,9,8,2.719210978836501e+28,1.0482645165514093e+28,7.773336470682402e+27,1.3485387137235096,False,6.302983632363959e+28,1.0923739785623234,1.1821141753799376,1.4190725322775737e+28,C:\Research\bts_vlass_cross_matching\gaussian_adjusted_luminosity_arrays\ZTF24aadxdqn_epoch_1_gaussian_adjusted_13x13_lum.npy
ZTF24aadxdqn,2,08:32:04.88,+21:37:41.1,SN Ia,0.0538,230.57142857142856,-735.8680015184518,5.643712498129297e+28,8.315429659176034e+27,0.8872308535501361,0.1307262367186444,final_luminosity_arrays\ZTF24aadxdqn_epoch_2_lum.npy,dillon_extracting_files\dillon_fits\ztf_cutouts\ztf_cutouts_no_interp\ZTF24aadxdqn_epoch_2.fits,2.152858580289052e+28,True,True,True,,False,16.0,15.0,8.320556995930221e+28,False,7,4,2.3755049778706354e+28,1.7475661398176296e+28,8.013796434493e+27,2.180696944454131,False,7.3423518429894335e+28,1.1390774635679564,1.1661133911464463,9.782051529407875e+27,C:\Research\bts_vlass_cross_matching\gaussian_adjusted_luminosity_arrays\ZTF24aadxdqn_epoch_2_gaussian_adjusted_13x13_lum.npy
ZTF24aadxdqn,3,08:32:04.88,+21:37:41.1,SN Ia,0.0538,230.57142857142856,135.2650408045696,3.839245236189949e+28,8.719025181008573e+27,0.6035560509189963,0.1370711311965196,final_luminosity_arrays\ZTF24aadxdqn_epoch_3_lum.npy,dillon_extracting_files\dillon_fits\ztf_cutouts\ztf_cutouts_no_interp\ZTF24aadxdqn_epoch_3.fits,1.5376136971664777e+28,True,True,True,,False,16.0,16.0,6.095019627953704e+28,False,9,7,2.3873021725943557e+28,1.9203591921988464e+28,8.592434125626675e+27,2.2349420014422146,False,5.104219988534776e+28,0.9982260382177892,1.1850076971571148,9.907996394189285e+27,C:\Research\bts_vlass_cross_matching\gaussian_adjusted_luminosity_arrays\ZTF24aadxdqn_epoch_3_gaussian_adjusted_13x13_lum.npy
ZTF24aahgqwk,1,10:53:00.53,+17:34:21.3,SN II,0.00377,16.15714285714286,-1784.7415443775878,7.930681540211354e+25,4.323934337077948e+25,0.2539008273743093,0.1384328008961325,final_luminosity_arrays\ZTF24aahgqwk_epoch_1_lum.npy,dillon_extracting_files\dillon_fits\ztf_cutouts\ztf_cutouts_no_interp\ZTF24aahgqwk_epoch_1.fits,7.930681540211354e+25,False,False,False,Original Detection is False; no Gaussian subtraction attempted,,,,,False,12,12,1.1314384004792345e+26,7.930681540211354e+25,4.323997168422771e+25,1.8341088653173572,False,,,,,C:\Research\bts_vlass_cross_matching\gaussian_adjusted_luminosity_arrays\ZTF24aahgqwk_epoch_1_gaussian_adjusted_13x13_lum.npy
ZTF24aahgqwk,2,10:53:00.53,+17:34:21.3,SN II,0.00377,16.15714285714286,-846.2795461110528,4.886329297789917e+25,3.5918131647742057e+25,0.1564358681207522,0.1149935956315452,final_luminosity_arrays\ZTF24aahgqwk_epoch_2_lum.npy,dillon_extracting_files\dillon_fits\ztf_cutouts\ztf_cutouts_no_interp\ZTF24aahgqwk_epoch_2.fits,-1.8421734141361204e+25,False,False,False,Original Detection is False; no Gaussian subtraction attempted,,,,,False,2,1,1.0411804566108459e+26,4.886329297789917e+25,3.5918653576231017e+25,1.3603876569091164,False,,,,,C:\Research\bts_vlass_cross_matching\gaussian_adjusted_luminosity_arrays\ZTF24aahgqwk_epoch_2_gaussian_adjusted_13x13_lum.npy
ZTF24aahgqwk,3,10:53:00.53,+17:34:21.3,SN II,0.00377,16.15714285714286,46.35522081762603,3.114178056541767e+26,4.381565186632494e+25,0.9970043320208786,0.1402778797756723,final_luminosity_arrays\ZTF24aahgqwk_epoch_3_lum.npy,dillon_extracting_files\dillon_fits\ztf_cutouts\ztf_cutouts_no_interp\ZTF24aahgqwk_epoch_3.fits,3.114178056541767e+26,True,False,False,,True,14.0,14.0,3.114178056541767e+26,True,6,6,3.114178056541767e+26,3.114178056541767e+26,4.38162885541459e+25,7.107352446552901,True,,,,,C:\Research\bts_vlass_cross_matching\gaussian_adjusted_luminosity_arrays\ZTF24aahgqwk_epoch_3_gaussian_adjusted_13x13_lum.npy
ZTF24aairune,1,09:46:47.45,+72:27:03.5,SN Ia,0.0668,286.2857142857143,-2244.360286083853,2.936977011037298e+28,1.6534376995507283e+28,0.2994911046698689,0.1686077476649196,final_luminosity_arrays\ZTF24aairune_epoch_1_lum.npy,dillon_extracting_files\dillon_fits\ztf_cutouts\ztf_cutouts_no_interp\ZTF24aairune_epoch_1.fits,2.163748965808045e+28,False,False,False,Original Detection is False; no Gaussian subtraction attempted,,,,,False,5,11,5.539546692366488e+28,2.936977011037298e+28,1.6534617257514394e+28,1.7762594472530333,False,,,,,C:\Research\bts_vlass_cross_matching\gaussian_adjusted_luminosity_arrays\ZTF24aairune_epoch_1_gaussian_adjusted_13x13_lum.npy
ZTF24aairune,2,09:46:47.45,+72:27:03.5,SN Ia,0.0668,286.2857142857143,-1224.4877701483451,2.7185174200535674e+28,1.5197712300135942e+28,0.2772142179310322,0.1549772356879025,final_luminosity_arrays\ZTF24aairune_epoch_2_lum.npy,dillon_extracting_files\dillon_fits\ztf_cutouts\ztf_cutouts_no_interp\ZTF24aairune_epoch_2.fits,2.7185174200535674e+28,False,False,False,Original Detection is False; no Gaussian subtraction attempted,,,,,False,7,10,4.882317902080215e+28,2.7185174200535674e+28,1.5197933138989546e+28,1.7887415316227082,False,,,,,C:\Research\bts_vlass_cross_matching\gaussian_adjusted_luminosity_arrays\ZTF24aairune_epoch_2_gaussian_adjusted_13x13_lum.npy
ZTF24aairune,3,09:46:47.45,+72:27:03.5,SN Ia,0.0668,286.2857142857143,-390.21705398786526,5.372848771220821e+28,1.231459851139647e+28,0.5478832172229886,0.1255769551503822,final_luminosity_arrays\ZTF24aairune_epoch_3_lum.npy,dillon_extracting_files\dillon_fits\ztf_cutouts\ztf_cutouts_no_interp\ZTF24aairune_epoch_3.fits,3.1271118148588155e+28,True,True,True,,False,13.0,16.0,5.46109705261655e+28,False,3,7,3.5351035575299426e+28,2.8349554876303967e+28,1.19245533584929e+28,2.37741020766307,False,4.6476814692581785e+28,1.0540245738239467,1.251591807444554,8.134155833583715e+27,C:\Research\bts_vlass_cross_matching\gaussian_adjusted_luminosity_arrays\ZTF24aairune_epoch_3_gaussian_adjusted_13x13_lum.npy
ZTF24aakbqjh,1,19:16:29.27,+61:25:34.1,SN Ia,0.09,385.7142857142857,-1681.987332197231,1.7113111062667728e+28,2.329880062022037e+28,0.0961347177508287,0.1308853872545178,final_luminosity_arrays\ZTF24aakbqjh_epoch_1_lum.npy,dillon_extracting_files\dillon_fits\ztf_cutouts\ztf_cutouts_no_interp\ZTF24aakbqjh_epoch_1.fits,-9.985682679796449e+27,False,False,False,Original Detection is False; no Gaussian subtraction attempted,,,,,False,7,10,5.724971988446497e+28,1.7113111062667728e+28,2.329913917646605e+28,0.7344954220434592,False,,,,,C:\Research\bts_vlass_cross_matching\gaussian_adjusted_luminosity_arrays\ZTF24aakbqjh_epoch_1_gaussian_adjusted_13x13_lum.npy
ZTF24aakbqjh,2,19:16:29.27,+61:25:34.1,SN Ia,0.09,385.7142857142857,-797.5836624724602,9.610381435260926e+28,2.239035470423992e+28,0.5398733774200082,0.1257820217443767,final_luminosity_arrays\ZTF24aakbqjh_epoch_2_lum.npy,dillon_extracting_files\dillon_fits\ztf_cutouts\ztf_cutouts_no_interp\ZTF24aakbqjh_epoch_2.fits,5.227718025223653e+28,True,False,False,,True,14.0,15.0,9.610381435260926e+28,True,6,7,9.610381435260926e+28,9.610381435260926e+28,2.2390680059804424e+28,4.292134678175054,True,,,,,C:\Research\bts_vlass_cross_matching\gaussian_adjusted_luminosity_arrays\ZTF24aakbqjh_epoch_2_gaussian_adjusted_13x13_lum.npy
ZTF24aakbqjh,3,19:16:29.27,+61:25:34.1,SN Ia,0.09,385.7142857142857,56.54477789451222,-4.748089485351605e+27,2.508541096509333e+28,-0.0266728966380469,0.1409220063351877,final_luminosity_arrays\ZTF24aakbqjh_epoch_3_lum.npy,dillon_extracting_files\dillon_fits\ztf_cutouts\ztf_cutouts_no_interp\ZTF24aakbqjh_epoch_3.fits,-2.102320092033988e+28,False,False,False,Original Detection is False; no Gaussian subtraction attempted,,,,,False,3,6,5.931321112300686e+28,-4.748089485351605e+27,2.508577548267928e+28,-0.18927417606164776,False,,,,,C:\Research\bts_vlass_cross_matching\gaussian_adjusted_luminosity_arrays\ZTF24aakbqjh_epoch_3_gaussian_adjusted_13x13_lum.npy
ZTF24aalbzkr,1,14:18:13.25,-03:07:15.1,SN Ia,0.04495,192.6428571428571,-1746.7768593616022,1.0787718977407696e+29,8.866786729550704e+27,2.4294420145452023,0.1996868594597173,final_luminosity_arrays\ZTF24aalbzkr_epoch_1_lum.npy,dillon_extracting_files\dillon_fits\ztf_cutouts\ztf_cutouts_no_interp\ZTF24aalbzkr_epoch_1.fits,7.838993315507754e+28,True,True,True,,False,13.0,12.0,1.5944122752975994e+29,False,4,3,8.10404819432603e+28,5.172847175256293e+28,9.39070707457349e+27,5.508474637934796,False,1.207455834477749e+29,1.3460311893648578,1.1089337642623383,3.8695644081985023e+28,C:\Research\bts_vlass_cross_matching\gaussian_adjusted_luminosity_arrays\ZTF24aalbzkr_epoch_1_gaussian_adjusted_13x13_lum.npy
ZTF24aalbzkr,2,14:18:13.25,-03:07:15.1,SN Ia,0.04495,192.6428571428571,-878.7927452891586,1.0786868107703542e+29,9.097871287917606e+27,2.429250394925475,0.2048910615159294,final_luminosity_arrays\ZTF24aalbzkr_epoch_2_lum.npy,dillon_extracting_files\dillon_fits\ztf_cutouts\ztf_cutouts_no_interp\ZTF24aalbzkr_epoch_2.fits,5.301629555000536e+28,True,True,True,,False,13.0,12.0,1.5481090418929344e+29,False,4,3,7.460902395937489e+28,3.2612959164402128e+28,9.617906243146372e+27,3.39085850287237,False,1.1320882540944332e+29,1.3346907411857762,1.1232238549740043,4.1602078779850125e+28,C:\Research\bts_vlass_cross_matching\gaussian_adjusted_luminosity_arrays\ZTF24aalbzkr_epoch_2_gaussian_adjusted_13x13_lum.npy
ZTF24aalbzkr,3,14:18:13.25,-03:07:15.1,SN Ia,0.04495,192.6428571428571,43.73943328397888,1.0302447204471562e+29,8.374243457434987e+27,2.32015666551888,0.1885944059975165,final_luminosity_arrays\ZTF24aalbzkr_epoch_3_lum.npy,dillon_extracting_files\dillon_fits\ztf_cutouts\ztf_cutouts_no_interp\ZTF24aalbzkr_epoch_3.fits,5.140147305060267e+28,True,True,True,,False,13.0,12.0,1.4912633984515462e+29,False,4,3,7.443128533130228e+28,3.1845814165324575e+28,8.782220903649504e+27,3.6261686553672154,False,1.0884040167656283e+29,1.349739201555527,1.1086453259330826,4.028593816859179e+28,C:\Research\bts_vlass_cross_matching\gaussian_adjusted_luminosity_arrays\ZTF24aalbzkr_epoch_3_gaussian_adjusted_13x13_lum.npy
ZTF24aaoaega,1,17:50:47.99,+06:02:29.7,SN II,0.0203,87.0,-1758.6988417078826,5.641228807564181e+27,1.6154291146231156e+27,0.6228994461707771,0.1783768318977344,final_luminosity_arrays\ZTF24aaoaega_epoch_1_lum.npy,dillon_extracting_files\dillon_fits\ztf_cutouts\ztf_cutouts_no_interp\ZTF24aaoaega_epoch_1.fits,4.0494915453370367e+27,False,False,False,Original Detection is False; no Gaussian subtraction attempted,,,,,False,9,7,8.252370637611196e+27,5.641228807564181e+27,1.6154525885188383e+27,3.492042321549319,False,,,,,C:\Research\bts_vlass_cross_matching\gaussian_adjusted_luminosity_arrays\ZTF24aaoaega_epoch_1_gaussian_adjusted_13x13_lum.npy
ZTF24aaoaega,2,17:50:47.99,+06:02:29.7,SN II,0.0203,87.0,-941.2921966035016,5.373665393397989e+27,1.2071024786633783e+27,0.5933553329668939,0.1332891143107264,final_luminosity_arrays\ZTF24aaoaega_epoch_2_lum.npy,dillon_extracting_files\dillon_fits\ztf_cutouts\ztf_cutouts_no_interp\ZTF24aaoaega_epoch_2.fits,2.730736556998053e+27,True,True,True,,False,16.0,16.0,8.722659869721654e+27,False,12,4,3.6674398064013495e+27,2.6470868684357616e+27,1.063977663797941e+27,2.4879158261525944,False,8.0968398404971e+27,2.1577112979551445,1.9987752379327852,0.0,C:\Research\bts_vlass_cross_matching\gaussian_adjusted_luminosity_arrays\ZTF24aaoaega_epoch_2_gaussian_adjusted_13x13_lum.npy
ZTF24aaoaega,3,17:50:47.99,+06:02:29.7,SN II,0.0203,87.0,63.31429168425692,6.732065116872001e+27,1.755709254711595e+27,0.7433486171066762,0.1938666647481168,final_luminosity_arrays\ZTF24aaoaega_epoch_3_lum.npy,dillon_extracting_files\dillon_fits\ztf_cutouts\ztf_cutouts_no_interp\ZTF24aaoaega_epoch_3.fits,2.0514899105146755e+27,False,False,False,Original Detection is False; no Gaussian subtraction attempted,,,,,False,8,7,7.571590110386926e+27,6.732065116872001e+27,1.7557347670263054e+27,3.834329218344366,False,,,,,C:\Research\bts_vlass_cross_matching\gaussian_adjusted_luminosity_arrays\ZTF24aaoaega_epoch_3_gaussian_adjusted_13x13_lum.npy
ZTF24aaopngg,1,14:59:11.54,+13:25:18.0,SN Ia,0.04366,187.11428571428573,-1773.82757018387,5.142316544081871e+28,5.260907814176541e+27,1.2275173794478178,0.1255844434642949,final_luminosity_arrays\ZTF24aaopngg_epoch_1_lum.npy,dillon_extracting_files\dillon_fits\ztf_cutouts\ztf_cutouts_no_interp\ZTF24aaopngg_epoch_1.fits,3.192819671188246e+26,True,True,True,,False,15.0,16.0,6.577845575399612e+28,False,10,12,1.8394405702310704e+28,9.532980115262691e+27,5.107663175397517e+27,1.8664073545767361,False,5.907094617837738e+28,1.2061547879883072,1.1001163140401404,6.707509575618733e+27,C:\Research\bts_vlass_cross_matching\gaussian_adjusted_luminosity_arrays\ZTF24aaopngg_epoch_1_gaussian_adjusted_13x13_lum.npy
ZTF24aaopngg,2,14:59:11.54,+13:25:18.0,SN Ia,0.04366,187.11428571428573,-863.569440141519,5.2201323912206405e+28,5.513653689659293e+27,1.2460927246138451,0.1316178033389662,final_luminosity_arrays\ZTF24aaopngg_epoch_2_lum.npy,dillon_extracting_files\dillon_fits\ztf_cutouts\ztf_cutouts_no_interp\ZTF24aaopngg_epoch_2.fits,8.795279002998182e+27,True,True,True,,False,15.0,16.0,7.421734519003976e+28,False,8,8,1.650742451942599e+28,6.149766522545393e+27,5.372036293061265e+27,1.1447738226356876,False,6.461660333211603e+28,1.2149855482977854,1.081917420465365,9.600741857923724e+27,C:\Research\bts_vlass_cross_matching\gaussian_adjusted_luminosity_arrays\ZTF24aaopngg_epoch_2_gaussian_adjusted_13x13_lum.npy
ZTF24aaopngg,3,14:59:11.54,+13:25:18.0,SN Ia,0.04366,187.11428571428573,35.19069246871808,2.66242526192673e+28,5.718768374341028e+27,0.6355449440889062,0.1365141471701006,final_luminosity_arrays\ZTF24aaopngg_epoch_3_lum.npy,dillon_extracting_files\dillon_fits\ztf_cutouts\ztf_cutouts_no_interp\ZTF24aaopngg_epoch_3.fits,-7.653564402189519e+27,True,True,True,,False,15.0,17.0,7.270696349862277e+28,False,8,8,2.699050761535714e+28,1.0421052448962992e+28,5.687845666149065e+27,1.8321616057523107,False,6.655238475869514e+28,1.1898100537342462,1.126508930221923,6.154578739927631e+27,C:\Research\bts_vlass_cross_matching\gaussian_adjusted_luminosity_arrays\ZTF24aaopngg_epoch_3_gaussian_adjusted_13x13_lum.npy
ZTF24aaoumhw,1,21:09:25.54,-01:58:07.2,SN Ia,0.056,240.0,-2225.9522348485366,3.7344845801019226e+28,1.192146427325896e+28,0.5418647779151797,0.1729801079731695,final_luminosity_arrays\ZTF24aaoumhw_epoch_1_lum.npy,dillon_extracting_files\dillon_fits\ztf_cutouts\ztf_cutouts_no_interp\ZTF24aaoumhw_epoch_1.fits,6.427731066795246e+27,False,False,False,Original Detection is False; no Gaussian subtraction attempted,,,,,True,6,7,3.7344845801019226e+28,3.7344845801019226e+28,1.1921637504759294e+28,3.1325265330463714,False,,,,,C:\Research\bts_vlass_cross_matching\gaussian_adjusted_luminosity_arrays\ZTF24aaoumhw_epoch_1_gaussian_adjusted_13x13_lum.npy
ZTF24aaoumhw,2,21:09:25.54,-01:58:07.2,SN Ia,0.056,240.0,-1313.0734469697486,2.1338012670298423e+28,1.392753154907707e+28,0.3096094587817787,0.2020880871625076,final_luminosity_arrays\ZTF24aaoumhw_epoch_2_lum.npy,dillon_extracting_files\dillon_fits\ztf_cutouts\ztf_cutouts_no_interp\ZTF24aaoumhw_epoch_2.fits,9.554765565140177e+27,False,False,False,Original Detection is False; no Gaussian subtraction attempted,,,,,False,7,0,4.182622761807121e+28,2.1338012670298423e+28,1.3927733930859284e+28,1.532052003306898,False,,,,,C:\Research\bts_vlass_cross_matching\gaussian_adjusted_luminosity_arrays\ZTF24aaoumhw_epoch_2_gaussian_adjusted_13x13_lum.npy
ZTF24aaoumhw,3,21:09:25.54,-01:58:07.2,SN Ia,0.056,240.0,-461.74768939399104,4.034602371378867e+28,9.87927711889954e+27,0.5854111514054239,0.1433480303721901,final_luminosity_arrays\ZTF24aaoumhw_epoch_3_lum.npy,dillon_extracting_files\dillon_fits\ztf_cutouts\ztf_cutouts_no_interp\ZTF24aaoumhw_epoch_3.fits,2.008414442273245e+28,True,False,False,,True,14.0,15.0,4.034602371378867e+28,True,6,7,4.034602371378867e+28,4.034602371378867e+28,9.879420675257911e+27,4.083845099827719,True,,,,,C:\Research\bts_vlass_cross_matching\gaussian_adjusted_luminosity_arrays\ZTF24aaoumhw_epoch_3_gaussian_adjusted_13x13_lum.npy
ZTF24aaredhj,1,19:08:16.85,+78:56:22.9,SN Ia,0.052,222.8571428571429,-2296.0185404896147,4.077456784908922e+28,8.332474448833628e+27,0.6861498695798215,0.1402199860538084,final_luminosity_arrays\ZTF24aaredhj_epoch_1_lum.npy,dillon_extracting_files\dillon_fits\ztf_cutouts\ztf_cutouts_no_interp\ZTF24aaredhj_epoch_1.fits,2.114033929855169e+28,True,True,True,,False,15.0,11.0,1.4136937464484856e+29,False,6,2,3.167854470414979e+28,2.8439279601089966e+28,8.380883071263244e+27,3.3933511969166914,False,1.1915559358053735e+29,1.1458239357542115,1.1361161684687247,2.221378106431121e+28,C:\Research\bts_vlass_cross_matching\gaussian_adjusted_luminosity_arrays\ZTF24aaredhj_epoch_1_gaussian_adjusted_13x13_lum.npy
ZTF24aaredhj,2,19:08:16.85,+78:56:22.9,SN Ia,0.052,222.8571428571429,-1285.5622667253565,1.0217351848927889e+29,8.866665607230703e+27,1.7193645471706982,0.1492094257743215,final_luminosity_arrays\ZTF24aaredhj_epoch_2_lum.npy,dillon_extracting_files\dillon_fits\ztf_cutouts\ztf_cutouts_no_interp\ZTF24aaredhj_epoch_2.fits,4.002332844994471e+28,True,True,True,,False,15.0,12.0,1.3410649905851928e+29,False,7,2,3.5848444413104196e+28,1.8889854200568346e+28,8.682864581816788e+27,2.1755325126371905,False,1.1462342187854227e+29,1.3223724433804942,1.097734251869537,1.9483077179977007e+28,C:\Research\bts_vlass_cross_matching\gaussian_adjusted_luminosity_arrays\ZTF24aaredhj_epoch_2_gaussian_adjusted_13x13_lum.npy
ZTF24aaredhj,3,19:08:16.85,+78:56:22.9,SN Ia,0.052,222.8571428571429,-392.0261450523524,3.9605910197535857e+28,8.197944070822022e+27,0.6664838292635974,0.1379560909954514,final_luminosity_arrays\ZTF24aaredhj_epoch_3_lum.npy,dillon_extracting_files\dillon_fits\ztf_cutouts\ztf_cutouts_no_interp\ZTF24aaredhj_epoch_3.fits,1.2430552015227936e+28,True,True,True,,False,15.0,11.0,1.6130443413211852e+29,False,6,4,4.265891464891401e+28,1.8366279796911454e+28,8.227833356454111e+27,2.2322133909657396,False,1.4119514482803465e+29,1.1306018515700527,1.182583311898629,2.010928930408387e+28,C:\Research\bts_vlass_cross_matching\gaussian_adjusted_luminosity_arrays\ZTF24aaredhj_epoch_3_gaussian_adjusted_13x13_lum.npy
ZTF24aatbpbr,1,12:49:02.45,-08:39:51.1,SN Ia,0.00465,19.928571428571427,-1925.2372187270416,2.6726328340123512e+26,7.3198292630629636e+25,0.5624315817840397,0.1540414725652894,final_luminosity_arrays\ZTF24aatbpbr_epoch_1_lum.npy,dillon_extracting_files\dillon_fits\ztf_cutouts\ztf_cutouts_no_interp\ZTF24aatbpbr_epoch_1.fits,1.8935501402338047e+25,False,False,False,Original Detection is False; no Gaussian subtraction attempted,,,,,False,5,10,1.8105206504884974e+27,2.6726328340123512e+26,7.319935627933618e+25,3.651169859763948,False,,,,,C:\Research\bts_vlass_cross_matching\gaussian_adjusted_luminosity_arrays\ZTF24aatbpbr_epoch_1_gaussian_adjusted_13x13_lum.npy
ZTF24aatbpbr,2,12:49:02.45,-08:39:51.1,SN Ia,0.00465,19.928571428571427,-890.0508354094684,3.328748429895224e+26,6.765034634771057e+25,0.7005052175372839,0.1423661481223205,final_luminosity_arrays\ZTF24aatbpbr_epoch_2_lum.npy,dillon_extracting_files\dillon_fits\ztf_cutouts\ztf_cutouts_no_interp\ZTF24aatbpbr_epoch_2.fits,7.490893947199304e+25,True,True,True,,False,13.0,18.0,1.6060269882047184e+27,False,6,9,6.374098197731988e+26,2.850925138565387e+26,6.694296439859954e+25,4.258737515103273,False,1.4143387009171986e+27,1.3769237411481985,1.4042490286970726,0.0,C:\Research\bts_vlass_cross_matching\gaussian_adjusted_luminosity_arrays\ZTF24aatbpbr_epoch_2_gaussian_adjusted_13x13_lum.npy
ZTF24aatbpbr,3,12:49:02.45,-08:39:51.1,SN Ia,0.00465,19.928571428571427,13.746506948566706,6.895857789923632e+26,7.4922441522106096e+25,1.4511713525280356,0.1576698418157179,final_luminosity_arrays\ZTF24aatbpbr_epoch_3_lum.npy,dillon_extracting_files\dillon_fits\ztf_cutouts\ztf_cutouts_no_interp\ZTF24aatbpbr_epoch_3.fits,-3.5383663551294453e+25,True,True,True,,False,14.0,17.0,1.5067507138145603e+27,False,4,10,5.233810262414191e+26,1.6028409449219027e+26,8.257110787480021e+25,1.9411643929402478,False,1.3159495567717873e+27,1.6644410810282473,1.6272387690438792,0.0,C:\Research\bts_vlass_cross_matching\gaussian_adjusted_luminosity_arrays\ZTF24aatbpbr_epoch_3_gaussian_adjusted_13x13_lum.npy
ZTF24aatdjua,1,14:29:33.33,-09:33:40.6,SN Ia,0.043,184.28571428571425,-2269.638118785936,1.120936156960983e+29,6.149098123562541e+27,2.7585462667047977,0.1513272459911788,final_luminosity_arrays\ZTF24aatdjua_epoch_1_lum.npy,dillon_extracting_files\dillon_fits\ztf_cutouts\ztf_cutouts_no_interp\ZTF24aatdjua_epoch_1.fits,9.172323733087928e+28,True,False,False,,True,15.0,15.0,1.120936156960983e+29,True,7,7,1.120936156960983e+29,1.120936156960983e+29,6.14918747646997e+27,18.229012552475833,True,,,,,C:\Research\bts_vlass_cross_matching\gaussian_adjusted_luminosity_arrays\ZTF24aatdjua_epoch_1_gaussian_adjusted_13x13_lum.npy
ZTF24aatdjua,2,14:29:33.33,-09:33:40.6,SN Ia,0.043,184.28571428571425,-1304.1539385366546,1.273962797468385e+29,7.358128581619336e+27,3.1351342331618066,0.1810810807586079,final_luminosity_arrays\ZTF24aatdjua_epoch_2_lum.npy,dillon_extracting_files\dillon_fits\ztf_cutouts\ztf_cutouts_no_interp\ZTF24aatdjua_epoch_2.fits,9.32046722604207e+28,True,False,False,,True,15.0,15.0,1.273962797468385e+29,True,7,7,1.273962797468385e+29,1.273962797468385e+29,7.358235503019643e+27,17.313427885606288,True,,,,,C:\Research\bts_vlass_cross_matching\gaussian_adjusted_luminosity_arrays\ZTF24aatdjua_epoch_2_gaussian_adjusted_13x13_lum.npy
ZTF24aatdjua,3,14:29:33.33,-09:33:40.6,SN Ia,0.043,184.28571428571425,-447.9698541646508,6.860714456007968e+28,6.977078806073654e+27,1.6883743228390815,0.1717035733648119,final_luminosity_arrays\ZTF24aatdjua_epoch_3_lum.npy,dillon_extracting_files\dillon_fits\ztf_cutouts\ztf_cutouts_no_interp\ZTF24aatdjua_epoch_3.fits,4.621886907059146e+28,True,False,False,,True,15.0,15.0,6.8607144560079675e+28,True,7,7,6.8607144560079675e+28,6.8607144560079675e+28,6.977180190417206e+27,9.833076212408564,True,,,,,C:\Research\bts_vlass_cross_matching\gaussian_adjusted_luminosity_arrays\ZTF24aatdjua_epoch_3_gaussian_adjusted_13x13_lum.npy
ZTF24aawakwl,1,23:18:39.09,+15:57:33.1,SN II,0.025,107.14285714285714,-2410.2741951218286,9.204938452295612e+27,2.0800479855918728e+27,0.6701579550281166,0.1514383792280711,final_luminosity_arrays\ZTF24aawakwl_epoch_1_lum.npy,dillon_extracting_files\dillon_fits\ztf_cutouts\ztf_cutouts_no_interp\ZTF24aawakwl_epoch_1.fits,9.044775027610556e+27,True,False,False,,True,13.0,14.0,9.204938452295613e+27,True,5,6,9.204938452295613e+27,9.204938452295613e+27,2.080078210891807e+27,4.4252847821280294,True,,,,,C:\Research\bts_vlass_cross_matching\gaussian_adjusted_luminosity_arrays\ZTF24aawakwl_epoch_1_gaussian_adjusted_13x13_lum.npy
ZTF24aawakwl,2,23:18:39.09,+15:57:33.1,SN II,0.025,107.14285714285714,-1399.5424878047554,7.579846584254406e+27,2.660763659432361e+27,0.5518444813787937,0.19371751944402,final_luminosity_arrays\ZTF24aawakwl_epoch_2_lum.npy,dillon_extracting_files\dillon_fits\ztf_cutouts\ztf_cutouts_no_interp\ZTF24aawakwl_epoch_2.fits,7.579846584254406e+27,False,False,False,Original Detection is False; no Gaussian subtraction attempted,,,,,False,8,8,8.331044522733053e+27,7.579846584254406e+27,2.660802323145996e+27,2.848707143074193,False,,,,,C:\Research\bts_vlass_cross_matching\gaussian_adjusted_luminosity_arrays\ZTF24aawakwl_epoch_2_gaussian_adjusted_13x13_lum.npy
ZTF24aawakwl,3,23:18:39.09,+15:57:33.1,SN II,0.025,107.14285714285714,-516.6156585364625,7.847592863916802e+27,2.0450499337302213e+27,0.571337528526783,0.1488903378911496,final_luminosity_arrays\ZTF24aawakwl_epoch_3_lum.npy,dillon_extracting_files\dillon_fits\ztf_cutouts\ztf_cutouts_no_interp\ZTF24aawakwl_epoch_3.fits,7.758110913634634e+27,False,False,False,Original Detection is False; no Gaussian subtraction attempted,,,,,True,5,6,7.847592863916802e+27,7.847592863916802e+27,2.0450796504714008e+27,3.837304264461237,False,,,,,C:\Research\bts_vlass_cross_matching\gaussian_adjusted_luminosity_arrays\ZTF24aawakwl_epoch_3_gaussian_adjusted_13x13_lum.npy
ZTF24abccoav,1,19:15:35.10,+41:18:17.3,SN Ia,0.054,231.42857142857144,-2393.0426308287897,4.370176462940595e+28,7.942449232891217e+27,0.6819425034336746,0.1239394441777639,final_luminosity_arrays\ZTF24abccoav_epoch_1_lum.npy,dillon_extracting_files\dillon_fits\ztf_cutouts\ztf_cutouts_no_interp\ZTF24abccoav_epoch_1.fits,1.3678364063380216e+28,True,True,True,,False,15.0,12.0,5.0082797767013505e+28,False,6,11,2.023673806049445e+28,1.9745722809666232e+28,7.735084391990734e+27,2.5527482066145097,False,4.108878039897921e+28,0.9626832710512708,1.1417290574159829,8.994017368034295e+27,C:\Research\bts_vlass_cross_matching\gaussian_adjusted_luminosity_arrays\ZTF24abccoav_epoch_1_gaussian_adjusted_13x13_lum.npy
ZTF24abccoav,2,19:15:35.10,+41:18:17.3,SN Ia,0.054,231.42857142857144,-1369.323465743401,6.163153281038318e+28,8.179165285494223e+27,0.9617268806323408,0.1276333243811241,final_luminosity_arrays\ZTF24abccoav_epoch_2_lum.npy,dillon_extracting_files\dillon_fits\ztf_cutouts\ztf_cutouts_no_interp\ZTF24abccoav_epoch_2.fits,2.232678226712589e+28,True,False,False,,True,15.0,13.0,6.163153281038318e+28,True,7,5,6.163153281038318e+28,6.163153281038318e+28,8.179284137427289e+27,7.535076636886313,True,,,,,C:\Research\bts_vlass_cross_matching\gaussian_adjusted_luminosity_arrays\ZTF24abccoav_epoch_2_gaussian_adjusted_13x13_lum.npy
ZTF24abccoav,3,19:15:35.10,+41:18:17.3,SN Ia,0.054,231.42857142857144,-523.972422100137,3.734733523187373e+28,8.406313615400379e+27,0.582785054575652,0.1311779032545894,final_luminosity_arrays\ZTF24abccoav_epoch_3_lum.npy,dillon_extracting_files\dillon_fits\ztf_cutouts\ztf_cutouts_no_interp\ZTF24abccoav_epoch_3.fits,2.080768707370241e+28,True,True,True,,False,15.0,12.0,4.814259729865401e+28,False,9,11,2.3089867180462763e+28,1.2606514701748065e+28,8.039171970391956e+27,1.5681359657658156,False,3.9353598359749358e+28,1.3460440801223907,1.0375578726739119,8.788998938904655e+27,C:\Research\bts_vlass_cross_matching\gaussian_adjusted_luminosity_arrays\ZTF24abccoav_epoch_3_gaussian_adjusted_13x13_lum.npy
ZTF24abdzyyc,1,20:37:18.59,-08:02:30.9,SN Ia,0.054,231.42857142857144,-2346.595673887696,4.867755553973966e+28,1.045245146912688e+28,0.7595870411023498,0.1631072465674493,final_luminosity_arrays\ZTF24abdzyyc_epoch_1_lum.npy,dillon_extracting_files\dillon_fits\ztf_cutouts\ztf_cutouts_no_interp\ZTF24abdzyyc_epoch_1.fits,1.669398118423365e+28,True,True,True,,False,12.0,13.0,5.0438094968140095e+28,False,11,7,2.7361718818457453e+28,1.6041859777535607e+28,1.0060702869465495e+28,1.594506863553548,False,4.439723099876383e+28,1.0683904271354017,1.2745930367065834,6.04086396937627e+27,C:\Research\bts_vlass_cross_matching\gaussian_adjusted_luminosity_arrays\ZTF24abdzyyc_epoch_1_gaussian_adjusted_13x13_lum.npy
ZTF24abdzyyc,2,20:37:18.59,-08:02:30.9,SN Ia,0.054,231.42857142857144,-1335.2104746467085,2.4959174694357443e+27,1.283276803171067e+28,0.0389474480471108,0.2002513444500076,final_luminosity_arrays\ZTF24abdzyyc_epoch_2_lum.npy,dillon_extracting_files\dillon_fits\ztf_cutouts\ztf_cutouts_no_interp\ZTF24abdzyyc_epoch_2.fits,-2.090740074137257e+28,False,False,False,Original Detection is False; no Gaussian subtraction attempted,,,,,False,2,5,4.010198241984998e+28,2.4959174694357443e+27,1.2832954505419656e+28,0.19449281678522745,False,,,,,C:\Research\bts_vlass_cross_matching\gaussian_adjusted_luminosity_arrays\ZTF24abdzyyc_epoch_2_gaussian_adjusted_13x13_lum.npy
ZTF24abdzyyc,3,20:37:18.59,-08:02:30.9,SN Ia,0.054,231.42857142857144,-496.5007972273537,1.8503678967735413e+28,1.023951466841149e+28,0.2887399459723383,0.159784434176485,final_luminosity_arrays\ZTF24abdzyyc_epoch_3_lum.npy,dillon_extracting_files\dillon_fits\ztf_cutouts\ztf_cutouts_no_interp\ZTF24abdzyyc_epoch_3.fits,-1.2361807652954144e+27,False,False,False,Original Detection is False; no Gaussian subtraction attempted,,,,,False,2,8,3.1144928005527682e+28,1.8503678967735415e+28,1.023966345940293e+28,1.8070592887253305,False,,,,,C:\Research\bts_vlass_cross_matching\gaussian_adjusted_luminosity_arrays\ZTF24abdzyyc_epoch_3_gaussian_adjusted_13x13_lum.npy
ZTF24abgvscf,1,07:57:32.02,+59:05:07.9,SN Ia,0.01894,81.17142857142858,-2501.083262998899,1.8478930676584684e+28,1.2617588574291957e+27,2.3439761716872454,0.1600512347859509,final_luminosity_arrays\ZTF24abgvscf_epoch_1_lum.npy,dillon_extracting_files\dillon_fits\ztf_cutouts\ztf_cutouts_no_interp\ZTF24abgvscf_epoch_1.fits,1.1255565245140228e+28,True,False,False,,True,15.0,14.0,1.8478930676584684e+28,True,7,6,1.8478930676584684e+28,1.8478930676584684e+28,1.261777192121556e+27,14.645161437348662,True,,,,,C:\Research\bts_vlass_cross_matching\gaussian_adjusted_luminosity_arrays\ZTF24abgvscf_epoch_1_gaussian_adjusted_13x13_lum.npy
ZTF24abgvscf,2,07:57:32.02,+59:05:07.9,SN Ia,0.01894,81.17142857142858,,2.108734639646122e+28,1.434099360412567e+27,2.6748429518193007,0.1819122347256072,final_luminosity_arrays\ZTF24abgvscf_epoch_2_lum.npy,dillon_extracting_files\dillon_fits\ztf_cutouts\ztf_cutouts_no_interp\ZTF24abgvscf_epoch_2.fits,9.337897990347004e+27,True,False,False,,True,15.0,13.0,2.108734639646122e+28,True,7,5,2.108734639646122e+28,2.108734639646122e+28,1.4341201993949383e+27,14.704029972772204,True,,,,,C:\Research\bts_vlass_cross_matching\gaussian_adjusted_luminosity_arrays\ZTF24abgvscf_epoch_2_gaussian_adjusted_13x13_lum.npy
ZTF24abgvscf,3,07:57:32.02,+59:05:07.9,SN Ia,0.01894,81.17142857142858,-570.6457495044832,1.9245519971071537e+28,1.275106075784407e+27,2.4412148632109165,0.1617442990082713,final_luminosity_arrays\ZTF24abgvscf_epoch_3_lum.npy,dillon_extracting_files\dillon_fits\ztf_cutouts\ztf_cutouts_no_interp\ZTF24abgvscf_epoch_3.fits,1.2846198062323445e+28,True,False,False,,True,15.0,14.0,1.9245519971071537e+28,True,7,6,1.9245519971071537e+28,1.9245519971071537e+28,1.275124604425984e+27,15.093050439360935,True,,,,,C:\Research\bts_vlass_cross_matching\gaussian_adjusted_luminosity_arrays\ZTF24abgvscf_epoch_3_gaussian_adjusted_13x13_lum.npy
ZTF24abiktwr,1,00:09:11.75,-00:36:50.8,SN Ia,0.072,308.57142857142856,-2307.179251302176,3.575738161420823e+29,1.5741731776397392e+28,3.1386076007038355,0.1381752094503735,final_luminosity_arrays\ZTF24abiktwr_epoch_1_lum.npy,dillon_extracting_files\dillon_fits\ztf_cutouts\ztf_cutouts_no_interp\ZTF24abiktwr_epoch_1.fits,2.5767971155171244e+28,True,True,True,,False,10.0,16.0,2.1508268426348475e+30,False,3,7,7.205968986180078e+29,2.7939263861448024e+29,1.5713916759288318e+28,17.779949002805708,False,2.0408496867971357e+30,1.138667734157538,1.250769371474519,1.0997715583771169e+29,C:\Research\bts_vlass_cross_matching\gaussian_adjusted_luminosity_arrays\ZTF24abiktwr_epoch_1_gaussian_adjusted_13x13_lum.npy
ZTF24abiktwr,2,00:09:11.75,-00:36:50.8,SN Ia,0.072,308.57142857142856,-1425.6494005559075,2.7680993433655696e+29,2.0491907457522687e+28,2.42970185354352,0.1798705279190617,final_luminosity_arrays\ZTF24abiktwr_epoch_2_lum.npy,dillon_extracting_files\dillon_fits\ztf_cutouts\ztf_cutouts_no_interp\ZTF24abiktwr_epoch_2.fits,6.938510059521778e+28,True,True,True,,False,10.0,16.0,2.2441726903417272e+30,False,3,8,6.871355621481153e+29,1.967826293590418e+29,2.1295135556877507e+28,9.240731472849847,False,2.1081674478375127e+30,1.1049803785747456,1.2539904063166982,1.3600524250421456e+29,C:\Research\bts_vlass_cross_matching\gaussian_adjusted_luminosity_arrays\ZTF24abiktwr_epoch_2_gaussian_adjusted_13x13_lum.npy
ZTF24abiktwr,3,00:09:11.75,-00:36:50.8,SN Ia,0.072,308.57142857142856,-556.2464154812806,3.400777563164956e+29,1.815042872059384e+28,2.9850357677787547,0.1593178772009345,final_luminosity_arrays\ZTF24abiktwr_epoch_3_lum.npy,dillon_extracting_files\dillon_fits\ztf_cutouts\ztf_cutouts_no_interp\ZTF24abiktwr_epoch_3.fits,5.720707651955252e+28,True,True,True,,False,10.0,16.0,2.2746742007925946e+30,False,3,7,4.448875328018411e+29,1.7588799446459065e+29,1.8308521416081936e+28,9.606892357243728,False,2.3750771027799298e+30,0.9317293747035064,1.465314463864172,0.0,C:\Research\bts_vlass_cross_matching\gaussian_adjusted_luminosity_arrays\ZTF24abiktwr_epoch_3_gaussian_adjusted_13x13_lum.npy
