type,time_interval,num_observations,mean_delta_t,rms,stacked_array,peak_L
Ia,0-100 days,760,52.14266230150037,1.6871887074555689e+25,"[[ 1.98268807e+25  1.32465910e+25 -1.81227819e+23  8.26382051e+24
   1.05520293e+25 -1.28579152e+25 -6.81337999e+24  9.13044131e+24
   4.43094398e+25  2.71355271e+25  1.36026759e+25  1.19689428e+25
  -4.01963136e+24]
 [ 8.83724999e+24  1.71083066e+25  9.91536418e+24 -9.35898820e+24
   9.03119329e+24 -2.01800514e+23  1.27444801e+25  2.27928073e+25
   5.29905872e+25  3.77683993e+25  2.34577289e+25  9.24314979e+24
  -1.52455767e+25]
 [ 2.20945433e+25  2.05365966e+25  1.94149839e+24  1.42733935e+24
   2.99653338e+25  1.57754961e+25  1.60230030e+25  3.81052513e+25
   4.88930117e+25  2.04389415e+25  2.20582807e+25  7.57468112e+24
  -7.27539232e+24]
 [ 2.99945378e+25  4.32172424e+24 -9.36375480e+24  2.05064466e+25
   4.01236453e+25  1.60552668e+25  4.81730210e+24  2.67616159e+25
   4.07862469e+25  2.93918749e+25  3.16331410e+25  3.96709294e+25
   8.07539369e+24]
 [ 2.94619566e+25  8.32269330e+24  7.41474206e+24  1.37887898e+25
   2.34131569e+25  1.18164887e+25 -6.84128798e+24  1.03268136e+25
   2.13617531e+25  2.77205259e+25  2.91266678e+25  5.95479424e+25
   2.09600895e+25]
 [ 2.55833959e+24  7.04482005e+24  2.00077302e+25  1.79002030e+25
   1.07074189e+25  2.00752670e+25  1.52495729e+25  2.63773683e+25
   2.74568636e+25  1.50191821e+25  2.33658791e+25  4.81860290e+25
   1.77556920e+25]
 [-2.57504027e+24  2.00237253e+25  4.68254475e+25  3.13354601e+25
  -3.14951461e+24  1.72565647e+25  3.02038874e+25  2.21381035e+25
   1.05099203e+25  9.59532026e+24  2.01271704e+25  1.72990040e+25
  -4.90601261e+24]
 [ 5.99647556e+24  3.20975870e+25  5.27587783e+25  3.93409038e+25
   2.23192418e+25  3.43605336e+25  2.79963476e+25  1.65948833e+25
   9.99135956e+24  1.49580976e+25  2.33835410e+25  9.27719195e+24
  -1.84074173e+25]
 [ 3.96986403e+24  2.42271424e+25  3.92229363e+25  1.04870326e+25
   6.44880167e+24  2.79504056e+25  1.13936812e+25  1.07597328e+25
   4.84633833e+25  4.35162221e+25  2.50668256e+25  3.15484212e+25
   6.67003383e+24]
 [ 1.38396187e+24  2.76753033e+25  4.13073077e+25 -8.93323331e+24
  -6.54508850e+24  2.47680152e+25  1.19358834e+25  5.36086245e+23
   4.90428993e+25  5.06032156e+25  2.88518158e+25  4.16592768e+25
   1.14965607e+25]
 [ 1.87483444e+25  5.72375857e+24 -2.02543598e+23 -9.07907965e+24
   2.14777271e+25  2.24592532e+25 -5.39706132e+24 -1.89702324e+25
   1.28506008e+25  2.83055600e+25  1.19835418e+25  3.78531571e+25
   2.11176417e+25]
 [ 1.87260408e+25 -2.36088862e+25 -2.17049951e+25  4.16404034e+24
   3.11598915e+25  1.09412341e+25 -1.51652367e+25 -2.96488845e+25
  -7.09869460e+23  1.88772235e+25  8.18182216e+24  1.17131900e+25
  -1.42543399e+24]
 [ 4.29343361e+24 -2.33655803e+25 -3.05603997e+25 -2.15949157e+25
  -3.67113258e+24 -6.85700572e+24 -3.62816999e+24 -6.57954837e+24
  -5.92907215e+24  1.40224229e+25  2.32373397e+25  6.94422947e+23
   8.15935585e+24]]",3.4360533568102544e+25
Ia,100-300 days,1525,200.0691765294353,9.309406986176779e+24,"[[ 1.20567305e+25  8.30547460e+24  2.14072815e+24  1.15785631e+25
   1.95543730e+25  7.41640891e+24 -3.89381584e+24  6.45300156e+24
   3.02599242e+24  9.04539943e+24  8.28856526e+24  1.13962057e+25
   1.18654732e+25]
 [ 1.01353796e+25  1.00221017e+25  2.49312814e+24  1.16202089e+25
   1.40601066e+25  3.37634930e+24 -2.39545739e+24  1.16075345e+25
   1.03766371e+25  1.17218035e+25  9.22166446e+24  1.02785583e+25
   4.00738286e+24]
 [ 5.51854095e+24  1.51467980e+25  1.69327627e+24  4.38062853e+24
   9.09208506e+24  9.37373920e+23 -2.32727981e+24  7.22171449e+24
   7.58134665e+24  1.39011865e+25  1.25903004e+25  1.93262391e+25
   6.16201399e+24]
 [ 1.92079413e+25  1.42108066e+25  1.11503584e+24 -2.82907682e+24
  -8.84249206e+23  4.55428918e+24  4.99539879e+24  9.13262224e+24
   9.93404978e+24  1.42471825e+25  1.04605919e+25  2.16141837e+25
   5.28901888e+24]
 [ 1.15703873e+25  1.94647379e+25  5.66556357e+24  7.36995508e+24
   1.18011873e+25  1.00339697e+25  1.11633160e+25  1.58323482e+25
   1.80926038e+25  1.66923182e+25  4.44856583e+24  1.01959062e+25
  -2.72669022e+24]
 [ 5.95826261e+24  2.19395826e+25  1.76920047e+25  3.90504186e+24
   5.78275313e+24  1.01242221e+25  5.51345350e+24  8.62058229e+24
   5.45408815e+24  1.30675495e+25  9.44822231e+24  2.03116654e+24
   8.93765347e+23]
 [-4.33622736e+24  1.03203986e+25  8.65311884e+24 -5.59075729e+24
  -1.41799265e+25 -5.51176881e+24  1.17041400e+25  1.17127077e+25
  -1.68011807e+25 -5.99015257e+24  1.85872771e+25  2.20106848e+25
   1.99502989e+24]
 [-2.55181916e+25 -2.35654775e+25 -9.42097979e+23  6.25919324e+24
  -3.76612731e+24 -5.56311525e+24 -2.60680246e+23  7.17578029e+24
  -1.10294992e+25 -3.74616993e+24  1.67482934e+25  1.86022576e+25
  -1.25233957e+24]
 [-8.00399547e+24 -1.67550399e+25  5.24830228e+24  1.35735683e+25
  -5.57873024e+24 -5.68260388e+24 -3.25024554e+24  3.63586304e+24
  -8.04067911e+24 -9.22653653e+23  1.39858291e+25  8.32290311e+24
   1.42663619e+24]
 [ 3.07319673e+24 -3.25515639e+24  2.79059701e+24  2.30027381e+24
  -1.67521524e+24  1.78839763e+24 -2.11744320e+24  6.33866577e+23
  -4.63171030e+24  5.58621012e+24  6.70837742e+24 -5.88927725e+24
  -1.30336860e+25]
 [-3.82903055e+24 -1.27856777e+25 -3.92233639e+24  1.29320739e+25
   1.37347497e+25  1.45857490e+25 -2.43791215e+23  2.58545425e+24
   1.62217490e+25  5.87088085e+24 -1.49362258e+25 -1.47008614e+25
  -9.12639544e+24]
 [-1.77869544e+24 -4.50451226e+24 -1.97549551e+24  9.87909608e+24
   1.13858100e+25  4.82092681e+24 -8.69295478e+24 -4.43102650e+24
   6.71003533e+24 -1.84985472e+24 -1.41508649e+25 -3.66447357e+24
   7.66537729e+24]
 [ 4.06355309e+24  3.35381956e+23  3.53580639e+24  9.24247766e+24
  -2.27058798e+24 -1.32676457e+25 -1.55442429e+25 -1.19158176e+25
  -8.91547205e+24 -8.73528207e+24  8.61882513e+23  4.73675371e+24
   6.79180730e+24]]",1.171270772268599e+25
Ia,300-500 days,1296,396.7972328710867,4.93213675248977e+24,"[[ 1.14914886e+24  9.35937700e+24  5.89067715e+24  7.93916401e+24
   6.35691882e+24  3.71510728e+24  3.59189365e+24 -2.49570955e+24
  -7.12496279e+23 -3.53383140e+24 -6.13952766e+24 -7.44370313e+24
  -5.53885173e+24]
 [-6.13224517e+24  7.68378376e+24  8.01893502e+24  8.94294475e+24
   4.34543528e+24 -1.54417285e+24 -1.51389255e+24 -4.32925930e+24
  -3.31775972e+24 -5.78876277e+24 -1.16881285e+24 -1.05870580e+24
  -5.61139307e+23]
 [-1.00863650e+25 -3.91789185e+24  9.61867727e+23 -3.37905437e+23
  -3.23026911e+23 -2.08395382e+24 -2.73237136e+24  3.05799212e+24
  -1.54169959e+24 -6.16497537e+24  2.85803300e+24  6.95620175e+24
   6.87642678e+24]
 [-3.77790656e+24  1.56172231e+23 -1.40741060e+24 -2.43076517e+24
   6.17509768e+24 -1.79513960e+24 -2.39745236e+24  4.49916346e+24
  -4.53234152e+24 -5.67388914e+24  8.86830777e+24  1.57735399e+25
   8.06218868e+24]
 [ 4.58102801e+24 -1.26187399e+24 -4.70587305e+24 -3.66379054e+24
   1.67146303e+24  6.95977612e+23  7.88699323e+24  1.15928478e+25
   1.01361116e+24  9.92073257e+23  6.89660409e+24  1.10663260e+25
   6.17391397e+24]
 [ 3.32459565e+24  2.26682390e+24  8.81162025e+24  2.05609860e+24
   1.18733515e+24  1.65317940e+24  7.87349302e+24  9.07620010e+24
   4.25997941e+24  1.76319074e+24  2.07863793e+24  4.38639594e+24
  -2.71546321e+22]
 [ 5.73524656e+24  4.46481104e+24  7.87126449e+24  3.81032081e+24
   2.75479843e+24 -5.48595913e+23  7.21149177e+23  4.08778168e+24
  -9.59257056e+23 -4.54351567e+24  3.98436436e+23 -7.42294659e+23
  -5.77004024e+24]
 [ 8.56911622e+24  3.22045494e+24  6.04289229e+24  4.93046463e+24
   5.11257617e+24 -2.08520354e+24 -2.01504195e+24 -1.78494376e+24
  -6.51172687e+24 -9.51429874e+24 -1.33506999e+24  2.16418487e+24
  -6.17663777e+24]
 [ 7.00777594e+24  3.14622710e+24  1.01104557e+24 -1.56922710e+24
  -6.38658635e+23  2.51083458e+24  1.83054046e+24  2.14324983e+23
   2.46472381e+23 -9.89425494e+24 -8.49301953e+23  4.14080818e+24
  -2.42998057e+24]
 [ 6.80851413e+24  5.95373421e+24  3.29231272e+24 -6.83923252e+24
  -8.07736454e+24 -6.49409585e+24 -1.08693187e+25 -1.26787001e+24
   5.73303340e+24 -3.05387974e+24  2.52735621e+24  2.80164475e+24
   1.81974103e+23]
 [ 6.06228608e+23  7.25337567e+24  2.55140122e+24 -6.12016775e+24
  -4.35772784e+24 -8.80162087e+24 -8.53824706e+24  3.55775425e+24
   6.98851301e+24 -6.18755111e+23  4.52235558e+24 -2.94100931e+24
  -2.44540829e+24]
 [-9.65034161e+23  3.98585477e+24 -1.63565399e+24 -2.83171533e+24
  -2.84058141e+24 -1.31114296e+24 -9.16259204e+23  2.62695367e+24
   6.62793781e+24  2.60771386e+22 -3.57001905e+24 -1.22014828e+25
  -5.18899963e+24]
 [ 8.63966434e+24  5.60472763e+24 -1.94076559e+24 -5.21275195e+24
  -2.35828725e+24  4.91734998e+24 -4.86245377e+23 -6.91668372e+23
   5.47450596e+24 -2.65328801e+24 -2.72219117e+24 -3.54612692e+23
   7.85151861e+24]]",9.076200104279496e+24
Ia,500-800 days,1943,652.2930181923513,8.818790694644572e+24,"[[-7.48545604e+24 -4.22713044e+23  3.11318204e+23  4.25475663e+24
   1.58301957e+25  3.53502270e+24  2.16449177e+24  2.46021771e+25
   2.48257460e+25  4.42367192e+24 -1.06459063e+25 -7.63498312e+24
  -2.38800808e+24]
 [ 1.42946617e+25  2.59612747e+25  1.47028052e+25  1.28941192e+25
   1.65930164e+25  9.64033802e+24  1.23705815e+25  1.81010395e+25
   1.21623383e+25 -1.92206793e+23 -8.30264849e+24 -1.62133464e+25
  -1.32123860e+25]
 [ 2.25072303e+25  3.22123751e+25  1.40895059e+25  6.93453604e+24
   6.69010304e+24 -2.79881975e+23  9.01903337e+24  7.51979023e+24
   3.77683555e+24  9.49728718e+24 -1.18520355e+24 -1.23659539e+25
  -8.04272677e+24]
 [ 2.03172636e+25  2.50989445e+25  5.21166486e+24 -1.19410173e+24
   7.03957075e+24  8.73435799e+22  3.33815319e+24  6.51701304e+24
   6.53268225e+24 -3.28080069e+24 -1.16577503e+25 -9.51662448e+24
  -6.26008518e+24]
 [ 9.35937870e+24  1.03689518e+25  3.27524996e+24  1.81909576e+24
   3.27878079e+24  4.22607872e+24  7.53840186e+24  8.53648108e+24
   7.13636829e+24 -3.22051585e+24 -5.78413194e+24 -5.89822070e+22
   3.24307242e+23]
 [ 1.35390286e+24  8.57838097e+24  1.32109234e+25  5.12657962e+24
  -4.90506688e+24  4.27296838e+24  1.45247669e+25 -2.09365636e+24
   7.68141994e+24  1.15903747e+25  5.34434423e+24  6.86748437e+24
   9.78377735e+24]
 [-1.29891696e+24  4.57729213e+24  6.62975649e+24 -4.21678461e+24
  -1.27606635e+25 -1.87818714e+24  7.36961004e+24 -1.02230320e+25
  -3.14683687e+24  4.32727036e+24 -2.73994111e+24 -8.49245947e+24
  -3.17984023e+24]
 [ 1.00808500e+25  1.33929295e+25  1.09518732e+25  2.81341015e+24
  -3.91413025e+24 -1.12190801e+24  8.29676361e+24 -5.43680665e+24
  -8.25554820e+24 -4.76067887e+24 -3.61125579e+24 -1.70403878e+24
  -3.72620292e+24]
 [-4.67210529e+23  1.60320706e+24  1.33544467e+25  2.93637609e+24
  -8.99775149e+24 -6.93592834e+24  6.21061972e+24  2.30622383e+24
  -3.65806145e+23 -3.75724450e+24 -6.43859070e+24  4.59070805e+24
   1.84639496e+24]
 [-1.10803335e+24  3.60970833e+24  3.16909003e+24 -8.25078592e+24
  -1.99442316e+25 -1.83880892e+25 -5.14884535e+24  1.74272130e+24
   4.04266221e+24 -2.45470084e+24 -7.54919834e+24 -9.39698647e+24
  -7.97053929e+24]
 [ 4.09857893e+24  1.60192169e+25  9.04654073e+24 -5.37553241e+23
  -3.25817841e+24 -6.76035562e+24 -1.46478362e+24  1.10785699e+24
   5.74242532e+24  1.69780903e+24 -7.96885098e+24 -3.14149854e+24
   1.88212616e+24]
 [-2.68552248e+24  4.31823634e+24  7.55325550e+24  1.30583590e+25
   1.20155668e+25  4.17143811e+24  4.89525282e+24  8.65524174e+24
   5.46791176e+24  3.34437615e+24 -8.14610746e+24 -1.02031693e+25
   3.68997877e+24]
 [-3.95611036e+23  2.07610553e+24 -1.69631806e+24  1.77970976e+25
   2.07704456e+25  9.94055724e+24  1.40479280e+25  1.38226770e+25
   1.01334778e+24  3.44845892e+24  4.86650097e+24 -1.31781086e+25
  -1.01188837e+25]]",1.4524766948792625e+25
Ia,800-1500 days,2873,1116.835736482433,3.813311563326614e+24,"[[-5.90008011e+24  2.29179655e+24  6.35175262e+24  1.67814938e+24
   5.93787384e+24  4.13021882e+24 -1.45070601e+24 -5.43460248e+24
  -3.63960507e+24 -6.41392172e+24 -4.12771489e+24  3.60673337e+24
   8.59512058e+24]
 [-4.10286275e+24 -6.11048712e+24 -3.35415490e+24 -7.80461621e+23
   4.77890771e+24  3.00081688e+24  3.00838616e+23 -5.60766078e+21
   5.87412457e+24  3.55924614e+24  4.91337914e+24  7.97091966e+24
   6.91262849e+24]
 [-2.19168942e+24 -3.93856536e+24 -1.51694477e+24 -1.21149350e+24
   2.55133505e+24  4.76522044e+24  5.88854402e+24  7.99341742e+24
   1.38367388e+25  1.00311140e+25  3.85280276e+24  5.94965276e+24
   8.70996548e+24]
 [-6.87066981e+23  7.03235123e+24  9.15782159e+24  2.65603771e+24
   5.17349213e+24  6.09644361e+24  8.00768181e+24  7.00359860e+24
   5.62026689e+24  7.59778399e+23 -3.20868929e+24  1.46710215e+24
   4.19399444e+24]
 [ 4.66569240e+24  6.43560830e+24  9.38990611e+23 -1.96693850e+24
   3.10979200e+24  9.19570059e+24  1.33803681e+25  4.73014537e+24
  -1.88546558e+24  8.98527245e+23  1.89942075e+24  1.37013353e+24
   1.48482749e+24]
 [ 9.45774517e+24  1.65644593e+23 -2.32773802e+23  2.87988392e+24
   9.30876855e+24  1.81800324e+25  1.65073339e+25  2.79715224e+24
   1.16473033e+23  4.57124094e+24  2.69903830e+24  6.36077685e+24
   1.41258422e+24]
 [ 5.49950042e+24 -3.49464959e+24 -9.04475836e+23 -9.26185112e+23
   5.54767356e+24  1.13235886e+25  9.55182750e+24  3.84798847e+24
   5.76877296e+24  1.79506750e+24  8.33401462e+23  3.35043930e+24
   3.44795823e+24]
 [ 1.27765381e+24 -2.54030499e+24 -1.31994951e+24 -1.32765608e+24
   2.80260701e+24  4.76879532e+24  2.49978497e+24  4.39005882e+23
   1.35691077e+24  5.16217510e+23  2.06890886e+24  5.01610256e+24
   6.54106715e+24]
 [ 2.58698961e+23 -1.95494423e+24  2.64453656e+24  5.02025691e+24
   8.72320804e+24  5.84987703e+24  5.27230158e+24 -2.46316881e+24
  -1.33460677e+24  2.30537733e+24  5.18011526e+24  3.24357313e+24
   3.17130124e+24]
 [ 3.06005583e+23 -3.07415137e+24  1.29799024e+24  5.63497704e+24
   6.97706197e+24  6.00351344e+24  8.94008748e+24 -3.75922388e+24
  -2.98552698e+23  1.55236548e+24  2.60235706e+24 -4.57038743e+24
   2.04352339e+24]
 [-1.40021925e+24  1.36445191e+24  3.82429057e+24  3.77969500e+23
   1.01527255e+24  9.31444643e+23  7.34965903e+24 -1.56311857e+24
   5.83857678e+24  6.56897447e+24  2.57713115e+24 -3.17866312e+24
   2.21474684e+24]
 [-3.80615308e+24  4.89675169e+24  8.64698791e+24  4.68844849e+23
   4.13077669e+24  1.34520776e+23  3.35531628e+24  1.64240305e+24
   8.74582855e+24  8.84817678e+24  5.70954333e+24  3.46280795e+24
   5.51692149e+23]
 [ 3.57390681e+23  4.13621193e+24  2.36309152e+24  7.59978216e+23
   5.14000766e+24  5.23180364e+23  8.42955350e+24  6.44167024e+24
   4.27365543e+24  1.82658506e+24  2.83178979e+24  3.21064399e+24
  -1.20555330e+24]]",1.8180032378893514e+25
Ia,1500-3000 days,1082,1738.3635958203724,4.242696583870215e+25,"[[-2.13216650e+25  5.78582578e+24  6.31828109e+24 -3.02047958e+25
  -1.31068759e+25  1.08920996e+26  1.69400730e+26  9.68035975e+25
   4.82398915e+25  8.52484263e+25  7.51273214e+25  6.34929576e+25
   1.09986771e+25]
 [-7.37843394e+24 -2.35369964e+25 -4.71084306e+25 -9.02298118e+24
   6.10613479e+25  1.13194827e+26  1.22653298e+26  6.80293161e+25
   3.43154664e+25  1.78108461e+25  3.62885833e+25  3.73121295e+25
  -2.79113066e+25]
 [ 9.19522821e+25  4.37228886e+25  1.01836209e+25  1.58885141e+25
   3.81741360e+25  9.17440492e+25  1.01723661e+26  3.35602225e+25
   6.04769721e+25  4.11443534e+25  1.55761030e+25  3.86356853e+25
   6.00226136e+25]
 [ 3.84819264e+25  9.25681472e+24  5.10451687e+25  5.77648857e+25
   7.74078390e+25  1.43906291e+26  1.52144485e+26  1.05175296e+26
   1.12338066e+26  7.62898988e+25  3.41042415e+25  7.21779417e+25
   1.26208317e+26]
 [-1.11926991e+25 -2.48006116e+25 -4.28622838e+24  6.70489992e+25
   1.00906300e+26  1.28626099e+26  1.07040557e+26  1.14141602e+26
   1.08672886e+26  3.85862076e+25  7.96023312e+25  1.16536984e+26
   8.72578241e+25]
 [ 1.33734092e+25 -2.14428915e+25 -5.23445905e+25  2.11110582e+25
   7.64942178e+25  6.56418492e+25  3.51091742e+25  6.49375676e+25
   1.11086718e+26  9.54279584e+25  7.31438308e+25  7.66405191e+25
   2.88927646e+25]
 [ 6.40721532e+25  2.39288274e+25 -1.38282909e+25  1.01514694e+25
   5.30643357e+25  5.26226772e+25 -7.94744831e+24  4.36380812e+25
   9.43460595e+25  6.81567860e+25  2.61825450e+25 -2.59418354e+24
  -2.82065260e+25]
 [ 7.47115401e+25  5.32227970e+25  1.49930379e+25 -2.67178450e+25
   3.96584340e+25  7.98913406e+25 -3.88740377e+24 -2.29349842e+24
   3.97146310e+25  2.20094261e+25  3.08282864e+25  2.27142552e+25
  -1.71114759e+25]
 [ 2.06491107e+25  2.64194586e+25  3.68892620e+25  6.37889977e+24
   7.79662333e+25  1.49040616e+26  1.13917445e+26  4.57950734e+25
  -1.12769239e+25  1.28690338e+25  4.44804968e+25  6.28918052e+25
   3.94376500e+25]
 [ 4.85934608e+25  3.42096310e+25  2.32533729e+25  1.78781855e+25
   8.74721900e+25  1.16871179e+26  1.10179931e+26  1.07011201e+26
   3.68547270e+25  1.50489693e+25  5.68646647e+25  3.96599026e+25
  -1.73305571e+25]
 [ 8.01560614e+25  5.78512589e+25  8.50381663e+24 -9.11558659e+24
   3.65217542e+25  7.97278634e+25  6.44150772e+25  7.22880258e+25
   7.82954214e+25  7.14144784e+25  8.03303718e+25  4.07000292e+25
  -3.94681221e+25]
 [ 3.36608694e+25  1.99266180e+25  3.56619736e+25  3.95105395e+25
  -3.02409309e+24  6.03292770e+25  9.71260903e+25  4.12577866e+25
  -3.55322857e+24  3.92895399e+25  7.62488827e+25  4.26800563e+25
  -8.42758714e+24]
 [ 5.97462764e+25  4.94063357e+25  1.19276504e+26  1.66239311e+26
   1.04991163e+26  1.07568858e+26  9.45189963e+25  6.88778060e+25
  -4.22688217e+24 -3.21382703e+25  1.89603958e+25  1.90483084e+25
  -2.21221852e+25]]",7.989134060972369e+25
Ia-CSM,0-500 days,788,247.54777942173385,8.735771294745677e+24,"[[-1.10590941e+25 -3.00427564e+24  9.53749846e+23  3.49707731e+24
  -1.62791883e+24 -6.22503736e+24 -3.40140029e+24 -1.09534409e+25
  -4.71741737e+24  8.27492226e+24  1.77139375e+24 -3.58646870e+24
  -1.22478169e+25]
 [-1.19830249e+25  1.89215889e+24  9.40347960e+24  3.58303151e+24
  -1.64666890e+24 -7.61304244e+24 -5.51492442e+24  1.38571722e+24
   1.28442970e+25  3.50306377e+24  3.17243621e+24  3.70983410e+24
  -4.66005634e+24]
 [-2.94891969e+24  9.58454490e+24  6.62245290e+24  2.75546803e+24
   3.95309900e+23 -1.18189301e+24 -5.82474899e+24  2.34115224e+23
   8.59201545e+24 -6.72852664e+24 -3.97581488e+24  2.88752826e+24
   2.79305598e+24]
 [ 3.44899957e+24  6.10160899e+24  6.44209669e+24  9.32039957e+24
   1.59243519e+24 -7.68611248e+23  3.72982385e+24 -6.84040379e+23
  -7.56398045e+24 -3.60167421e+24  5.70422519e+24  4.32334193e+24
   3.61953532e+24]
 [ 4.11781453e+24  8.45438545e+24  8.35389452e+24  9.06813121e+24
   1.00318121e+24  1.00908305e+25  2.42103702e+25  1.47954964e+25
   1.83211506e+24 -2.94812946e+24  1.07468372e+25  6.86801784e+24
   5.68984560e+24]
 [ 4.78413396e+23  1.68263573e+24  1.34916619e+24  5.92849863e+24
   2.22801674e+24  1.36808136e+25  3.97836820e+25  3.40753483e+25
   7.45971550e+24 -3.25309293e+24  6.60502538e+24  6.84775365e+24
   7.29574475e+24]
 [-8.57992106e+24 -4.15301526e+23 -2.30519715e+24  9.19988064e+23
   5.04606105e+24  1.22021219e+25  3.71318749e+25  3.29771989e+25
   9.14891424e+23 -8.00746840e+24  5.54196470e+24  1.28800825e+25
   1.26605900e+25]
 [-4.51806175e+24  1.64658352e+24 -2.61670143e+24  2.25684485e+24
   1.65057571e+25  1.99212661e+25  2.16636491e+25  2.08501914e+25
   5.79018227e+24 -1.23095148e+23  7.23382480e+24  9.31482051e+24
   3.18708418e+24]
 [ 9.62214268e+24  5.04957219e+24 -8.88411410e+24 -4.26773078e+24
   1.59210188e+25  1.52557743e+25  1.30836914e+25  2.22885303e+25
   1.35111780e+25  2.62333906e+24  1.05254377e+24 -7.29918014e+22
   6.95856729e+24]
 [ 1.38717907e+25  2.08267650e+24 -1.12686876e+25 -4.02308328e+24
   1.12522511e+25  1.32704605e+25  1.77008991e+25  2.69848773e+25
   1.74746523e+25  1.32535684e+25  7.47412499e+24  1.41024113e+24
   1.48149351e+25]
 [ 1.66415777e+25  1.22563397e+25 -3.02634924e+24 -3.90682521e+23
   4.66244842e+24  7.80579847e+24  1.70868493e+25  2.44258177e+25
   1.94830910e+25  1.81833013e+25  7.76158592e+24  6.13088056e+23
   1.66811307e+24]
 [ 8.14197106e+24  3.11139449e+24 -6.50015160e+24 -2.31064342e+23
   5.22870569e+24  5.59568169e+24  1.39074340e+25  1.94580843e+25
   2.63961270e+25  2.65380994e+25  8.36534201e+24  8.37038584e+24
   4.71055520e+24]
 [-1.46226848e+25 -1.37747493e+25 -9.23985136e+24 -6.22925958e+24
   8.08903275e+24  3.89528595e+23  1.47916519e+24  1.30548406e+25
   1.77056302e+25  2.17017901e+25  1.31744773e+25  1.36769726e+25
   1.11626711e+25]]",3.97836820052146e+25
Ia-CSM,500-3000 days,1327,1111.0494653464136,6.070288629837153e+24,"[[ 1.03136294e+25  1.20237698e+25  3.05788998e+24 -2.44842271e+24
   2.16960502e+24 -7.50454685e+23  5.83305342e+24  3.95625141e+24
   6.08941481e+24  1.45271921e+24  2.95362263e+24  1.30960216e+23
  -5.19960351e+22]
 [ 3.80552755e+24 -4.35320254e+24 -3.55463049e+24  2.14458536e+24
   1.20109887e+25  4.71932293e+24  1.46911083e+25  1.68736972e+25
   8.21989249e+24  3.46832987e+24  6.10144994e+24  5.05933728e+24
  -1.76983608e+24]
 [-1.08327076e+24 -7.79028242e+24  3.48498848e+23  9.78343416e+24
   9.96376090e+24  9.80345433e+24  1.78060878e+25  1.93907734e+25
   1.38546271e+25  9.06023758e+24  5.90144426e+24  8.20271427e+24
   7.54455044e+24]
 [ 1.25338942e+25  3.71813500e+24  8.12254318e+24  5.33603276e+24
   7.56010619e+23  7.46987525e+24  1.05323273e+25  1.54635910e+25
   1.82280492e+25  1.38782183e+25  1.22692589e+25  1.15047437e+25
   1.57164416e+25]
 [ 1.71847237e+25  8.48467682e+24  2.29783826e+24  4.61167540e+24
   5.07321547e+24  4.52336779e+24  7.57781086e+24  7.53071092e+24
   9.67105110e+24  9.94411121e+24  1.36842665e+25  1.52906998e+25
   1.75288518e+25]
 [ 8.40473668e+24  2.78853851e+24 -1.76143606e+24  5.51741968e+24
   6.82889971e+24  7.17157406e+24  1.17357148e+25  4.21310064e+24
   3.35474963e+23  5.79673168e+24  7.51267664e+24  1.49969298e+25
   1.69815203e+25]
 [ 8.93700173e+24  4.87182915e+24  7.47868267e+24  7.23685878e+24
   7.10407457e+24  6.44122382e+24  8.29368267e+24  5.43445010e+24
   7.26662869e+23  8.15912618e+24  8.50146737e+24  1.48939398e+25
   1.24280405e+25]
 [-6.03813732e+23 -2.01697831e+24 -5.22609751e+24 -1.79701979e+24
   7.15646635e+24  6.57872126e+24  4.97277025e+24  5.70355744e+24
   6.70182021e+24  1.28098232e+25  1.47988494e+25  1.40050750e+25
   1.19685464e+25]
 [-8.35276455e+22  3.17858925e+23 -4.11902069e+24  3.59198694e+23
   1.33559171e+25  1.46017967e+25  9.42878210e+24  5.08770475e+24
   6.99384607e+24  1.46794895e+25  1.95467578e+25  1.90583522e+25
   1.53516788e+25]
 [ 7.55095221e+24  1.43624955e+25  1.56423841e+25  1.71446246e+25
   1.60192082e+25  1.26349682e+25  1.21820104e+25  3.21722601e+24
   8.73577612e+24  1.55462094e+25  1.79552660e+25  2.18182588e+25
   1.25756171e+25]
 [ 1.08370696e+25  1.88510273e+25  1.81569973e+25  1.72092195e+25
   1.56510576e+25  7.17096520e+24  8.32859951e+24  1.64967387e+24
   2.94458556e+24  8.92069306e+24  1.16310352e+25  1.65821748e+25
   9.44723270e+24]
 [ 1.49085312e+25  1.74577670e+25  1.77847935e+25  1.66896527e+25
   1.74651799e+25  6.61481774e+24  1.12954928e+25  1.50157804e+25
   3.25481565e+24 -2.30063146e+24  6.26667618e+24  1.68804508e+25
   1.46844889e+25]
 [ 1.54144498e+25  1.05631021e+25  1.70663239e+25  1.73267338e+25
   1.09080748e+25  1.08911320e+25  1.26987600e+25  6.84347660e+24
   6.05583591e+24  3.70947281e+24  1.46066876e+25  2.37625843e+25
   1.60858661e+25]]",1.1735714844355934e+25
II,0-100 days,161,50.5192759315299,1.991971028893399e+25,"[[-2.00587885e+24  1.24675271e+25  1.81709657e+25  2.31909465e+24
  -3.07358291e+24  1.19296182e+24 -6.53126654e+23 -8.82835815e+24
  -9.13820864e+24  1.02134879e+25 -2.62421431e+24 -2.50044739e+25
  -2.89815072e+25]
 [-2.41539420e+25 -1.62080728e+25  6.13632571e+24  1.04517523e+25
   5.41339205e+24  1.28539250e+25  1.08317838e+25  9.37947193e+24
   1.66721986e+25  1.24701301e+25  2.48165085e+25  1.72161782e+25
   4.49598525e+24]
 [ 7.02765025e+24  1.18582203e+25  1.59668362e+25  2.39120090e+25
  -2.20206221e+24  1.05556105e+24 -3.74123413e+24 -4.83982025e+24
  -5.92476546e+23 -2.92197488e+24  1.50694795e+25  2.59113579e+25
   2.16849191e+25]
 [ 3.33554328e+25  2.88842132e+25  1.85311479e+25  1.75360577e+25
   6.11242568e+24  1.69381881e+25  3.00500367e+25  1.45385708e+25
  -3.43825179e+24  7.80038474e+23  2.35067169e+25  2.93809692e+25
   1.73942042e+25]
 [ 1.27807936e+25  2.11493377e+25  2.37159099e+25  2.84832131e+25
   2.93322680e+25  4.36350471e+25  7.15536326e+25  4.49631947e+25
   5.47956103e+24 -3.50110726e+24  2.16428715e+25  3.16018091e+25
   4.59732531e+25]
 [ 1.19625349e+25  9.74986238e+24  7.93777032e+24  1.52949198e+25
   1.90806985e+25  4.30958001e+25  9.79473686e+25  6.50135339e+25
   1.78773223e+25  1.56541907e+25  2.18463178e+25  2.09226429e+25
   4.76075356e+25]
 [ 5.37089017e+24  2.18097288e+24  8.50450769e+24  2.15132743e+25
   3.62017003e+25  6.63055516e+25  9.76903545e+25  6.74809024e+25
   3.54974074e+25  2.68973111e+25  2.91503984e+25  3.61755930e+25
   6.31104089e+25]
 [ 9.46390895e+24  2.73562837e+24  9.51570622e+24  4.14073956e+25
   7.99518077e+25  8.42696260e+25  8.51470928e+25  7.73907023e+25
   6.13946148e+25  4.00967196e+25  3.63349308e+25  4.41012014e+25
   5.75748450e+25]
 [ 1.59587596e+25  1.48587583e+23 -2.41533306e+24  3.29719011e+25
   7.49151056e+25  6.03784169e+25  6.79439660e+25  5.85638184e+25
   3.51331790e+25  1.80207941e+25  2.23174039e+25  3.29760154e+25
   5.42813633e+25]
 [ 1.99718430e+25  9.72265367e+23 -1.83946129e+25  2.32407955e+24
   3.10755323e+25  4.41341811e+25  5.83467453e+25  4.40583209e+25
   2.03978477e+25  1.78071770e+25  2.26572950e+25  1.96304523e+25
   4.88173145e+25]
 [ 1.40219474e+25  4.37030761e+24 -1.21309463e+25 -8.34948334e+23
   2.55839591e+25  5.46164862e+25  5.65560458e+25  3.57279967e+25
   1.92373447e+25  1.54421863e+25  7.70832414e+24  1.17206273e+25
   3.15807148e+25]
 [ 1.97193367e+25  8.81634333e+24  8.41368033e+24  8.18272211e+24
   3.56396059e+25  4.94182818e+25  3.84390812e+25  2.43499130e+25
   3.24372078e+25  4.24680193e+25  2.57115089e+25  3.31271753e+25
   3.04204803e+25]
 [-6.87283109e+24  2.56226317e+24  9.90167000e+24  3.61837224e+24
   1.93246526e+25  4.38686495e+24 -4.03694760e+24 -9.29402867e+24
  -5.63810079e+24  1.27495584e+25  2.46934918e+25  4.13328673e+25
   2.69735554e+25]]",9.794736861554048e+25
II,100-300 days,320,205.74929226717563,9.191286206085581e+24,"[[-7.56826098e+24 -2.72670296e+24  1.36734212e+23  7.86398231e+24
   7.46257602e+22 -8.25988131e+24 -3.35017183e+24 -1.18784747e+25
  -4.11875492e+24  7.73143071e+24 -5.79187277e+24 -6.48411861e+24
  -1.03052367e+25]
 [-4.49769262e+24 -2.50328887e+23  5.41930091e+24  3.57211639e+24
  -3.46107504e+24 -1.72781524e+25 -1.22723999e+25 -2.69191659e+24
   7.82543112e+24 -4.21935741e+24 -1.07513645e+25 -6.87167782e+23
  -5.32502301e+24]
 [-9.17940511e+23  1.46152921e+24  1.51698402e+24  2.00099664e+24
  -2.27973997e+24 -1.28474425e+25 -1.40384613e+25 -3.21268538e+23
   3.39892623e+24 -1.89895511e+25 -1.75472011e+25 -4.03292764e+24
  -4.58031013e+23]
 [-3.51475598e+24 -3.90134788e+24  1.22248485e+24  6.99729020e+24
  -2.59044642e+24 -8.34851337e+24 -6.89709055e+23 -3.50472610e+23
  -1.02116154e+25 -1.22747676e+25 -1.14875080e+25 -6.91351760e+24
   1.16605409e+24]
 [ 9.73927585e+23  1.47253831e+24  1.16568296e+24  2.11933857e+24
  -4.34391858e+24 -7.37411548e+23  1.32264946e+25  1.13814321e+25
   4.14202979e+24 -4.52754316e+24 -5.11524058e+24 -4.30101521e+24
  -1.05018366e+24]
 [ 2.53425314e+24  1.57507412e+24 -1.88486760e+24  2.13805570e+24
  -1.42931088e+24  7.74678539e+24  3.10089646e+25  2.76776243e+25
  -1.05692952e+23 -1.31985216e+25 -5.74032079e+24 -2.03423453e+24
  -3.34265319e+24]
 [-6.50202186e+24  3.54186337e+24 -6.11581330e+24 -1.26156931e+24
   1.74480219e+24  7.93189462e+24  3.33833907e+25  2.23177290e+25
  -1.33830995e+25 -1.74596820e+25 -6.54685962e+24  3.51766753e+24
  -2.07880891e+23]
 [-5.67593473e+24 -9.56552029e+23 -1.30378098e+25 -5.61331070e+24
   4.41599771e+24  8.30442327e+24  1.47785837e+25  1.30530529e+25
  -4.32946380e+24 -4.31152366e+24 -2.13413702e+24 -6.62375700e+23
  -7.71505764e+24]
 [ 6.71486792e+24  5.19772381e+23 -1.65323396e+25 -1.39242032e+25
   1.73650193e+24  1.54569176e+24  2.40301984e+24  1.68419966e+25
   7.75864380e+24 -4.09286289e+24 -8.75377602e+24 -7.38357314e+24
  -2.20742081e+24]
 [ 6.91945080e+24 -2.69336227e+24 -1.07237721e+25 -9.25879150e+24
  -1.24565237e+24  2.37971098e+24  9.93569607e+24  2.10556861e+25
   1.64347182e+25  6.81033387e+24 -5.95148055e+24 -5.68883150e+24
   9.95604224e+24]
 [ 5.11839921e+24  4.12742797e+24 -3.12973618e+24 -4.90201479e+24
  -6.37187193e+24 -6.39673568e+24  8.52591823e+24  1.68109870e+25
   1.36188568e+25  1.47732165e+25  2.40420377e+24 -5.63343002e+24
  -2.70148000e+24]
 [-2.58806951e+24 -5.13914011e+24 -7.89511353e+24 -2.55843378e+24
  -6.51572017e+24 -1.23237149e+25  1.24796223e+24  1.17760127e+25
   1.84393740e+25  2.23259566e+25  1.06243125e+25  2.95554961e+23
  -6.55971229e+24]
 [-1.98358847e+25 -2.14601818e+25 -1.16717445e+25 -7.29263508e+24
   9.47043766e+23 -4.95353540e+24  1.03731211e+24  1.55330353e+25
   1.83199750e+25  2.48282628e+25  1.72335993e+25  1.48139113e+25
   1.17564619e+25]]",3.3383390702556548e+25
II,300-500 days,307,394.443886755224,1.6177337961823206e+25,"[[-2.92702319e+25 -1.61161897e+25 -1.00723955e+25 -9.39851441e+24
  -5.87566807e+24 -5.64724861e+24 -5.73657282e+24 -9.70472689e+24
  -3.11759888e+24  8.46302749e+24  2.91945128e+25  2.25228885e+25
  -5.16786730e+24]
 [-2.60607874e+25  2.29871857e+25  2.46018599e+25 -1.81327354e+24
  -1.48384532e+24  6.80716872e+24  2.95655927e+24  7.97638515e+24
   2.57089987e+25  2.08647003e+25  3.01462930e+25  6.95310251e+24
  -9.79393768e+24]
 [-1.72677703e+25  3.35068270e+25  1.53996707e+25 -1.15834034e+25
   1.09190064e+25  3.39857946e+25  1.85350605e+25  6.00442297e+24
   3.22968231e+25  2.90839879e+25  2.39369539e+25  6.59568425e+24
  -1.85014768e+24]
 [ 1.85241331e+24  1.97606530e+25  1.34106103e+25  1.01802446e+25
   1.12629387e+25  9.23155357e+24 -3.08706117e+24 -1.37762250e+25
  -2.44281711e+24  2.03955713e+25  4.60627835e+25  2.00905225e+25
   4.96856035e+23]
 [ 7.22281561e+24  2.05236201e+25  1.89677864e+25  1.57193252e+25
  -4.46508669e+24  1.78541411e+25  2.15560253e+25  1.75290725e+24
  -8.36570768e+24  2.49000769e+24  5.23559946e+25  2.26764849e+25
  -4.81985126e+24]
 [-1.51111236e+25 -4.35527461e+24  6.37973857e+24  1.05245096e+25
   4.83409489e+23  9.21235964e+24  2.15791088e+25  2.98707578e+25
   2.31773074e+25  1.32878841e+25  3.36434650e+25  2.38423576e+25
   9.10705687e+24]
 [-2.61896336e+25 -1.49977060e+25  1.21353286e+24 -8.45493769e+24
  -9.13483679e+24 -1.70547636e+25  1.11919814e+24  3.94474904e+25
   1.88435605e+25 -5.67684448e+24  2.51525599e+25  2.41054334e+25
   1.35172115e+25]
 [-1.19069473e+25  9.02785132e+24  2.07870916e+25 -3.77880825e+24
   4.62105356e+24  5.82573561e+24 -6.73030416e+24  8.33688606e+23
  -6.13241157e+24 -1.86616750e+25  1.38864503e+25  1.34013170e+25
  -5.29590289e+24]
 [ 1.38173319e+25  2.32673740e+25  1.02179058e+25 -3.13644843e+24
   1.41889881e+25  2.29892195e+25  3.52586001e+24  1.08523079e+25
   1.46297084e+25  1.17146804e+25  1.52890025e+25 -3.05614666e+24
  -1.43559449e+24]
 [ 3.10619612e+25  1.80830691e+25 -7.35983125e+24  7.53631396e+24
   3.51509106e+25  2.33510669e+25  1.01506541e+25  3.22591494e+25
   1.84561360e+25  3.00544734e+25  3.79789581e+25  9.48201241e+24
   3.31517101e+24]
 [ 5.51988069e+25  4.42302282e+25  4.49970372e+24  1.42448681e+25
   2.30586146e+25  1.57638187e+25  1.29864647e+25  3.96004942e+25
   3.82453886e+25  3.11479999e+25  2.47668406e+25  1.16091555e+25
  -8.14727779e+24]
 [ 3.29627928e+25  2.47244490e+25 -1.38751308e+25  4.85615928e+23
   1.83703473e+25  2.76850274e+25  3.45949232e+25  3.99141144e+25
   4.68132092e+25  2.72798065e+25 -1.25022919e+25  1.43634601e+25
   2.00677660e+25]
 [-4.24361613e+24 -2.35739804e+24 -1.66742744e+25 -1.06484714e+25
   2.18191713e+25  1.41467762e+25  7.23961407e+24  2.28786001e+25
   3.42175232e+25  1.88806303e+25 -8.78566451e+24 -1.17895126e+25
  -3.21858873e+24]]",3.944749044963164e+25
II,500-800 days,399,645.732705551315,1.073453247955949e+25,"[[ 4.46217065e+24 -6.93144482e+23  5.36827799e+24  1.00899664e+25
   1.51658146e+25  4.40240293e+24  1.18095176e+25 -2.98863357e+24
   6.72427095e+24  2.11878209e+25  1.61015446e+25  5.39000522e+24
  -1.60682329e+25]
 [ 5.13489990e+24 -3.82332436e+24 -1.43717100e+25 -1.87816330e+24
   7.47089874e+24 -3.87224539e+24  1.35906306e+25  1.33382002e+25
   3.71609228e+24  1.32605840e+25  3.82920476e+24  1.26744487e+25
  -7.85709998e+24]
 [-6.41026748e+24 -7.74566411e+24 -1.05568268e+25  1.09554339e+25
   1.03104569e+25  1.43119083e+25  1.73438036e+25  2.84341098e+25
   6.66214200e+24  9.21858228e+24  9.97332549e+24  2.50467864e+25
   1.04759349e+25]
 [ 1.18148501e+25  8.46486794e+24  1.83521092e+24  8.96639362e+24
  -1.34953775e+25 -1.76634843e+24  1.17065986e+25  2.54599414e+25
   8.94223822e+24  1.83799924e+25  3.47832122e+25  2.77491930e+25
   1.45330051e+25]
 [ 3.03308737e+25  2.80701491e+25  1.66251797e+25  1.13446571e+25
  -6.33660389e+24  5.05666644e+23  2.09800239e+25  9.55286643e+24
   1.87844282e+24  2.62545456e+25  4.70437522e+25  4.14845217e+25
   3.01214698e+25]
 [ 8.03800514e+24  5.81789727e+24  1.30842846e+25  1.22909798e+25
  -3.72130026e+24  6.04006307e+24  2.14090275e+25  2.04827334e+24
  -3.38635299e+24  2.91042703e+24  2.01061519e+25  3.98783654e+25
   2.77714153e+25]
 [ 8.08105132e+24  4.53176433e+24  2.57601799e+25  2.59335963e+25
   1.38236416e+25  1.20944185e+25  1.10710293e+25  5.34684722e+24
  -5.06518550e+24 -1.00133925e+25  6.20676100e+24  2.65703059e+25
   1.28608252e+25]
 [ 3.36285420e+24  3.42571226e+24  8.42521328e+24  1.64450442e+25
   2.38098346e+25  4.42176362e+24  1.14414580e+24  1.01770057e+25
   1.83845898e+24  1.27014952e+25  2.77741490e+25  2.03202881e+25
   1.25693580e+25]
 [-1.17391399e+24 -3.48608276e+23 -3.52249997e+23  1.39703525e+25
   2.44011874e+25  1.33177367e+24 -6.86478129e+24 -5.53639081e+24
   7.18739579e+24  3.11623447e+25  4.11507996e+25  2.22395128e+25
   8.30192363e+24]
 [ 1.02417586e+25  9.48579926e+24  1.06904132e+25  2.07977068e+25
   2.59680317e+25  1.77562428e+25  1.12751817e+25 -2.90380322e+24
   2.39416763e+25  2.56184055e+25  2.23991891e+25  2.66402672e+25
   3.46440383e+23]
 [ 8.04036290e+24  1.18752941e+25 -5.86877034e+23 -3.06450889e+24
   7.45846142e+24  7.85326696e+24  1.00659876e+25 -6.73678481e+24
   5.27854633e+24  6.20798653e+24  7.37844823e+24  2.24882513e+25
   1.30631415e+24]
 [ 7.17118595e+23  7.39231101e+24  3.59750227e+24  4.12179923e+24
   6.21728343e+24  7.12376370e+23  1.56478946e+25  6.68811628e+24
  -1.26609791e+25 -2.62397042e+24  7.54138010e+24  1.71435054e+25
   2.10833677e+25]
 [ 8.40238436e+24  3.10565075e+24  8.75265842e+24  5.07430402e+24
  -4.74778376e+24  4.81649091e+24  1.17495926e+25 -5.39186605e+24
  -5.58005999e+24  1.09081271e+25  2.88684135e+25  2.95457233e+25
   2.19903160e+25]]",2.140902748433729e+25
II,800-1500 days,657,1126.7923242058375,8.745045935323497e+24,"[[ 8.76909337e+24  1.70099752e+25  6.38967381e+24 -7.04694264e+24
   2.29110161e+24 -2.37623745e+24  9.11856836e+24  1.08122268e+25
   6.65873044e+23 -1.42033366e+25 -3.49759828e+24 -4.56170775e+24
   7.06536404e+24]
 [ 5.94598168e+24 -9.28143899e+24 -7.04675607e+24 -4.86245941e+24
   8.59920454e+24  6.04078807e+24  1.61187095e+25  2.32781849e+25
   1.20096145e+25 -5.97182478e+24  4.75674612e+24 -1.28170960e+24
  -8.92872028e+22]
 [ 1.18076843e+25 -1.05692562e+25 -3.64217546e+24  5.07529351e+24
   1.13691305e+25  7.42041086e+24  2.06491381e+25  1.82726766e+25
   1.93175387e+25  8.82132857e+24  4.67665547e+24  2.41131940e+24
   3.21981939e+24]
 [ 2.39175322e+25  3.52574152e+24  9.49613328e+24  9.58647574e+24
   7.69972496e+24  5.78479665e+24  9.54711692e+24 -3.00483375e+22
   1.16677128e+25  8.79550729e+24  2.54265067e+24  3.68621656e+24
   1.54622052e+25]
 [ 2.52585595e+25  6.09516919e+24  8.34192538e+22  5.69734330e+24
   9.25406254e+24  5.66113239e+24  2.21320075e+24  1.29255023e+24
   6.54821423e+24  8.62367213e+23 -3.49151781e+24  7.13752936e+24
   1.93057106e+25]
 [ 1.83457541e+25  6.15389918e+24 -5.90480910e+24 -2.01914169e+24
   8.09520063e+24  6.90747054e+24  1.20020017e+25  9.15903527e+24
   3.41548488e+23  2.26937013e+24 -3.01055538e+24  9.79023707e+24
   1.96839120e+25]
 [ 1.53446418e+25  4.54103618e+24  7.64546570e+23  2.99531229e+24
   7.21576190e+24  8.91558552e+24  1.59358644e+25  1.03168392e+25
   1.60115546e+24  1.21474740e+25  2.66202571e+24  9.64335820e+24
   2.03157784e+25]
 [ 8.81626202e+24 -1.05206619e+24 -8.88252590e+24 -2.05819993e+24
   8.71163336e+24  1.47517153e+25  8.74853740e+24  3.03398923e+23
   7.07185468e+24  1.53691217e+25  3.97164933e+24  9.08220131e+24
   1.51156046e+25]
 [ 5.15031153e+24  7.31534143e+24 -4.59394021e+24 -5.98167294e+24
   1.09302330e+25  2.07508007e+25  1.04221095e+25  6.68247079e+24
   1.24035581e+25  2.19061953e+25  2.25842456e+25  2.89801577e+25
   2.16492665e+25]
 [ 7.09059357e+24  2.11061708e+25  2.35191673e+25  1.91454325e+25
   1.65512229e+25  1.65488315e+25  2.04597379e+25  1.61985256e+25
   1.47860184e+25  2.22790847e+25  3.10523593e+25  3.47564623e+25
   2.24243261e+25]
 [ 9.24181933e+24  2.08598637e+25  3.14135516e+25  2.91737617e+25
   2.05287122e+25  9.43098315e+24  1.93512210e+25  1.57161195e+25
   7.81517963e+24  1.10371890e+25  2.37437107e+25  2.79937499e+25
   1.93425841e+25]
 [ 1.58276591e+25  1.84286281e+25  2.90335498e+25  2.93191193e+25
   2.41160554e+25  4.80743313e+24  8.75251252e+24  2.27216062e+25
   1.49385200e+25  1.79740686e+24  1.23194786e+25  2.33735938e+25
   1.48294205e+25]
 [ 1.84506420e+25  8.88949612e+24  1.87915260e+25  2.65757553e+25
   1.72401404e+25  4.52607179e+24  8.66853726e+24  1.30153610e+25
   2.09154597e+25  8.92204756e+24  1.08959810e+25  1.94347625e+25
   1.02785645e+25]]",1.5935864433144604e+25
II,1500-3000 days,271,1757.9805682526971,1.043029087126385e+25,"[[ 1.81816409e+25  1.53398053e+25 -4.54565519e+24 -6.24276004e+24
  -9.83866285e+24 -2.74604751e+24 -5.02481775e+24 -1.06088209e+24
   1.44729084e+25  9.38815814e+24  1.66636655e+24  3.10572196e+24
   2.74069664e+24]
 [-9.38521231e+23  3.30736895e+24  1.20424640e+25  1.73758072e+25
   2.17724707e+25  1.03418790e+25  1.33323802e+25  9.50491425e+24
   6.05072813e+24  1.01678689e+25  1.03874674e+25  8.61682685e+24
   9.84220182e+23]
 [-1.75407628e+25 -3.23965121e+24  1.68494253e+25  1.64969918e+25
   7.32695032e+24  9.64440382e+24  1.35290605e+25  1.30217824e+25
   1.13639413e+25  9.31107932e+24  4.22547298e+24  2.46726282e+24
   1.20262068e+25]
 [-5.61984227e+24 -2.76594242e+23  1.15654985e+25 -4.98448248e+24
   2.23215390e+24  1.86452639e+25  1.10931331e+25  3.19787197e+25
   3.75029488e+25  1.81853828e+25  7.88391139e+24  9.66311627e+24
   1.72116643e+25]
 [-8.09790473e+24 -5.36172898e+24 -7.06062468e+24 -3.29913230e+24
   8.53224625e+24  6.29388791e+24  4.26432192e+24  1.59996308e+25
   2.19101951e+25  1.01295062e+25  1.17522009e+25  4.96256273e+24
   3.15242225e+24]
 [-7.68572204e+24 -5.52369108e+24 -8.40402283e+24  1.18146108e+25
   1.43220832e+25  8.63592201e+24  2.50721361e+24 -1.99129778e+24
   3.70686066e+24  1.42466344e+25  1.34565638e+25  9.93241334e+23
   2.71385073e+24]
 [-8.71457555e+23  5.72729692e+24  1.96174620e+24 -2.74232747e+24
   8.14576997e+23 -2.78283108e+24 -6.85536066e+24 -2.55220028e+24
   4.54401622e+24  1.80803519e+25  2.02336902e+25  1.29600598e+25
  -9.96566397e+23]
 [-1.97706753e+25 -8.55600652e+24 -1.15880041e+25 -1.79391187e+25
  -1.05430473e+25 -4.96428212e+24  2.21323838e+24  1.05609149e+25
   1.05090283e+25  8.68000219e+24  2.08980235e+25  1.64005934e+25
   6.22340239e+24]
 [-7.73974564e+24 -1.06372371e+25 -6.75665368e+24 -1.53122991e+24
   7.32837151e+24  1.64992816e+25  2.25910080e+25  1.21053648e+25
  -2.11943696e+24 -1.22351092e+25 -5.09958383e+24 -2.23759102e+23
   1.13523412e+25]
 [ 5.86681687e+24  7.65186737e+24  7.12812751e+24  1.05201092e+25
   6.10138366e+24  1.51596848e+24 -6.69812937e+23 -1.26681168e+25
  -1.50750146e+25 -4.72820367e+24 -7.72003488e+24 -3.93804322e+24
   7.41513679e+24]
 [ 1.60135101e+25  2.18699242e+25  1.32852303e+25  1.58619273e+25
   1.50359184e+25  2.81727172e+24 -1.14604589e+25 -1.39702215e+25
  -7.22265914e+24  7.88860554e+24 -4.51679538e+24 -7.63688691e+24
   4.95358781e+23]
 [ 2.62834603e+25  2.49986413e+25  1.20903024e+25  7.24275744e+24
   1.66963405e+25  1.49634034e+25  1.15424547e+25  9.85090746e+24
  -1.58784735e+24 -8.77727345e+24 -4.89133168e+24  5.91407340e+24
   8.63142550e+24]
 [ 1.67690518e+25  2.01034557e+25  2.17693773e+25  1.31781292e+25
   1.46707425e+25  2.69259462e+25  2.02194828e+25  7.76311482e+24
  -7.92224135e+24 -1.14425173e+25  7.77986967e+24  2.56584211e+25
   2.03157501e+25]]",1.0560914927898341e+25
IIn,0-100 days,20,46.633291489072256,1.3800328083946142e+26,"[[-6.39307191e+25  9.94927720e+24  1.93598825e+26  3.74272938e+26
   1.31425749e+26  1.78801662e+26 -2.99661835e+26 -1.16877391e+26
   1.84411539e+26  1.16736183e+26  2.04362381e+26 -6.98478259e+25
  -2.16375448e+26]
 [ 2.03139792e+25 -2.29734833e+25 -7.17298185e+25  2.26789757e+25
  -2.57601122e+25 -1.29958713e+26 -3.27171794e+26  2.66070976e+25
   1.48924337e+26  3.64717029e+25 -2.41025773e+25 -2.60420608e+25
   8.10542094e+25]
 [-1.41769713e+26 -1.10612147e+26 -3.23658581e+26 -2.12303631e+26
  -1.92812539e+26  5.62055762e+25  2.89648626e+24  8.85845446e+24
  -6.04482306e+25  1.87616005e+25  2.22776215e+26  1.38578655e+26
   1.23422233e+26]
 [ 4.16089699e+25  3.21435370e+25 -2.33798267e+26 -2.40597404e+26
  -1.19684007e+25  1.50581718e+26  1.82170499e+25  1.45651085e+26
   2.30810240e+26  4.02156612e+26  8.42985017e+25 -1.45090703e+26
   8.54361140e+25]
 [-1.31930798e+26 -5.09484870e+25 -8.36940532e+25  4.28396953e+25
  -2.33423250e+25 -7.97268144e+25 -9.64985312e+25 -1.42041805e+26
  -2.96005385e+25  1.31548638e+26 -6.93211082e+25 -2.74611278e+26
  -1.03977316e+26]
 [ 2.56306180e+26  1.68641161e+26 -5.99094640e+25 -8.42956316e+25
  -1.01925046e+26 -8.32110386e+25 -4.58711470e+25  1.17005925e+26
  -2.84393151e+25 -4.31984484e+25 -2.23093595e+26 -2.03009065e+26
  -2.82813051e+25]
 [ 5.08042242e+25 -1.21645829e+26 -2.67926979e+26 -6.15163975e+25
   8.35253261e+25  1.67141180e+26  4.82820930e+26  2.43376930e+26
  -2.48633216e+26 -3.91215344e+26 -2.81666075e+26 -1.36695247e+25
   6.08930358e+25]
 [ 1.01520234e+26  1.54528704e+26 -5.79555909e+25  7.43376426e+25
  -9.72767574e+25  3.90732582e+24  6.54261531e+25 -1.01827350e+26
  -1.58630398e+26 -7.71410244e+25  9.09048069e+24 -4.56091409e+25
  -2.39948753e+25]
 [-8.32647908e+25 -2.12262489e+26 -8.66462805e+25  9.41801983e+25
  -1.98086874e+26  7.69405142e+25  2.63943014e+26  8.98146522e+25
  -8.61813368e+25 -1.24376211e+26 -1.80491486e+26 -8.15339327e+25
   6.30770669e+24]
 [ 2.13631012e+25  1.12636785e+26  1.55039478e+26  1.01079092e+26
  -1.51974588e+26  1.17050734e+26 -1.80545059e+25 -4.79267704e+25
   1.83335630e+26  1.02007683e+25 -4.40950652e+25  1.38119243e+26
   3.46385238e+25]
 [ 6.95019695e+25 -3.14515658e+25 -7.84763569e+25  1.67301677e+26
   8.32651454e+25  2.11911813e+26 -1.34435092e+26  4.07999531e+25
   1.77522581e+26 -6.70033205e+25  3.22001735e+25  1.01188361e+26
  -6.32141175e+25]
 [-6.55220159e+25 -9.81127131e+25 -1.12278019e+26  4.68394628e+24
   4.10661862e+25  2.11381488e+26 -1.93338298e+26 -5.53104146e+25
  -8.25807057e+25 -1.96529149e+26 -1.20708266e+26 -2.51396886e+25
  -2.18967973e+25]
 [-9.20078032e+25 -4.03442321e+25 -7.63277111e+25  6.30729481e+25
  -2.73705643e+25  1.16099154e+26  1.87919735e+25  1.32354617e+26
  -1.58823568e+26 -2.20592967e+26 -3.14140867e+25  1.13645090e+26
  -1.04314863e+25]]",4.8282093046341366e+26
IIn,100-300 days,64,200.97881077566595,5.057244467591218e+26,"[[ 2.30449176e+26  1.80237698e+26 -1.53114395e+26  6.00404195e+26
   1.12189467e+27  1.55225526e+27  1.60570931e+27  1.56463067e+27
   1.15696735e+27  1.04366831e+27  1.06028872e+27  5.20997716e+26
   4.02338647e+26]
 [ 3.86463313e+26  2.93775809e+26 -3.12135459e+26  1.63119340e+26
   7.86310833e+26  1.25484256e+27  1.39260471e+27  1.66287500e+27
   1.29281711e+27  7.31924903e+26  5.97524915e+26  8.25669651e+26
   7.38202619e+26]
 [ 8.81143725e+26  9.62748944e+26  5.55648303e+26  9.28314132e+26
   8.59499368e+26  7.89600492e+26  1.07262789e+27  1.39613619e+27
   1.45173073e+27  1.05372885e+27  5.49454222e+26  8.82438938e+26
   1.22329305e+27]
 [ 1.07357486e+27  1.28447309e+27  1.53166315e+27  1.70084625e+27
   1.36468579e+27  9.97424645e+26  1.15965435e+27  1.35383529e+27
   1.44128033e+27  1.47469363e+27  1.15734297e+27  9.59851223e+26
   1.18049973e+27]
 [ 6.45929790e+26  9.55612954e+26  1.56031935e+27  1.63365117e+27
   1.41540356e+27  9.07365287e+26  8.44103561e+26  1.14894526e+27
   1.40200289e+27  1.22188324e+27  6.53374431e+26  5.66140697e+26
   2.61215539e+26]
 [ 5.53567722e+26  1.04295811e+27  1.60788069e+27  1.50532594e+27
   1.15636936e+27  7.43467881e+26  9.01963101e+26  1.28422610e+27
   1.76147423e+27  1.18033906e+27  4.00740369e+26  3.11036906e+26
   1.18016336e+26]
 [ 5.85210003e+26  8.53301204e+26  1.22497039e+27  9.30173953e+26
   1.02841675e+27  1.16246048e+27  1.38683976e+27  1.63840486e+27
   1.76516840e+27  1.25002584e+27  9.82639845e+26  5.29589556e+26
   3.55524037e+26]
 [ 2.34489926e+26  3.99295953e+26  7.98783378e+26  6.85935375e+26
   1.25597777e+27  1.84092631e+27  2.22078952e+27  1.96312223e+27
   1.34232853e+27  1.23267004e+27  1.55397257e+27  1.03624241e+27
   5.62114008e+26]
 [ 1.05387875e+26  1.98638072e+26  5.00788088e+26  5.27109376e+26
   1.29094513e+27  1.62629212e+27  1.71419027e+27  1.67474602e+27
   1.29048949e+27  1.24171232e+27  1.14876421e+27  5.56545718e+26
   2.65597081e+26]
 [ 1.20670480e+26  2.23260991e+26  1.02048707e+27  1.43649776e+27
   1.34739559e+27  9.60247237e+26  5.60586063e+26  5.58261711e+26
   8.04018162e+26  5.36219337e+26  1.72397561e+26 -2.72127928e+26
  -2.23275325e+26]
 [ 4.42216400e+25  2.98125346e+25  5.01357688e+26  1.00904003e+27
   1.06647713e+27  6.33195376e+26  1.60391770e+26  1.18215284e+26
   2.43688704e+25  9.68219837e+25 -1.00806776e+26 -3.58649326e+26
   2.69623976e+26]
 [ 4.56011841e+26  5.77565925e+26  3.42755620e+26  3.69672438e+26
   8.15742301e+26  7.45488795e+26  4.34161259e+26  2.41411275e+26
   3.84566007e+24  3.58436776e+26 -7.35087552e+25 -3.00213889e+26
   4.54765722e+26]
 [ 3.69936215e+26  6.98796034e+26  6.36891767e+26  1.09315378e+27
   1.29572582e+27  7.78194971e+26  2.87600465e+26  1.60036576e+26
   3.79235389e+26  5.93300119e+26  2.30668932e+26 -2.03999782e+26
  -2.87377588e+26]]",2.2207895175619017e+27
IIn,300-500 days,48,384.0500423279768,1.4629993554192885e+26,"[[ 6.38973901e+25  1.95881937e+26  1.75443645e+26 -1.38424610e+25
  -1.07311769e+26  2.56908993e+26  4.60382434e+26  3.35988108e+26
   2.34334044e+26  2.00932714e+26  2.16526230e+26  2.29966790e+25
   1.96252073e+25]
 [ 1.87202460e+25  5.35682228e+25 -1.91529316e+25  3.29050383e+25
   2.41212342e+25  3.09739811e+25  2.86559574e+26  4.06734696e+26
   2.46663288e+26  2.27924595e+26  3.02731237e+26  6.76144126e+25
  -9.33355728e+25]
 [ 1.53403588e+26  1.24984412e+26  8.75792587e+25  3.06879616e+26
   4.08565842e+26  9.96611649e+25  1.54521025e+26  4.47272671e+26
   3.03466117e+26  3.53786258e+26  2.90130896e+26  1.83595377e+26
   1.26886999e+26]
 [-4.62722054e+25  1.33790268e+26  3.71260348e+25  1.91985382e+26
   3.23371764e+26  2.36658380e+26  3.10557934e+26  3.01740914e+26
   9.33415145e+25  8.58688154e+25  3.12388174e+24  2.79671074e+25
   1.49187931e+26]
 [-1.52244377e+26  6.81042256e+25  1.21905002e+24  9.05992096e+25
   1.54727504e+26  1.80503412e+26  3.11881378e+26  3.19644150e+25
  -2.07478700e+26 -1.37696808e+26 -1.99110446e+24  1.78292025e+25
  -3.54273860e+25]
 [ 2.03920768e+25 -7.81932604e+24  1.25503421e+26  2.43986251e+26
   2.05177567e+26  1.90931818e+26  3.24903780e+26  2.28509473e+26
   1.18192809e+26  1.93593131e+26  4.02229744e+26  2.90436363e+26
   1.08088104e+26]
 [-3.33689963e+25 -2.43292686e+24  1.65123320e+26  2.32977455e+26
   1.38080089e+26  1.47620992e+26  2.03651375e+26  3.43092731e+26
   1.47847207e+26  1.22093577e+26  3.47856346e+26  2.48031627e+26
   2.04638538e+26]
 [-1.33687378e+26  1.27677768e+26  1.69795278e+26  8.32142785e+25
   1.36514035e+26  9.45810735e+25  1.30151878e+26  1.69833453e+26
  -1.52845061e+26 -1.80917908e+26  6.84976857e+25  8.15271488e+25
   3.04871437e+25]
 [-1.16694408e+26  1.56170428e+26  1.79789143e+26  8.31570076e+25
   2.09512089e+26  1.71402261e+26  2.69188764e+26  1.63550429e+26
  -9.99994719e+25 -3.00973871e+25  2.26121022e+25  3.68414140e+25
   5.51495479e+25]
 [ 2.91254489e+24  2.59575739e+26  3.39566260e+26  2.44303697e+26
   1.41821230e+26  2.51383317e+26  4.34436793e+26  3.73107432e+26
   6.88106552e+25  6.88784100e+25 -8.00874107e+25 -1.28488588e+26
   4.51565749e+25]
 [-9.99011838e+25  2.14748175e+26  3.70352243e+26  7.48730107e+25
  -1.24970074e+26 -8.39587181e+24  2.42402089e+26  3.66207197e+26
   1.51593631e+26  1.07296958e+26  9.68303550e+25  1.63650650e+26
   1.47236556e+26]
 [-1.35802201e+26  8.80925165e+24  1.53049343e+26 -9.52100882e+25
  -2.10619013e+26 -3.06033326e+26 -6.66112766e+25  1.27159487e+26
   1.02475689e+26  6.38991811e+25  2.15057876e+26  5.17982595e+26
   9.58700601e+25]
 [-1.54005939e+26 -5.89360376e+25  2.73774216e+25  2.18110898e+26
   1.90298958e+26 -5.72332311e+24  1.55138462e+25  4.45249950e+25
   1.23672597e+26 -5.31419855e+25  1.00720399e+26  4.94008449e+26
   2.01892847e+26]]",3.4309273080496616e+26
IIn,500-800 days,87,644.7073471220275,2.511438691376736e+26,"[[ 1.12895777e+26 -1.29602814e+26  3.88973516e+26  1.84734176e+26
  -7.77612118e+25  6.62312923e+25  2.47559818e+25  3.43624482e+26
   4.97920081e+26  4.39452742e+26  4.80699012e+26  4.46826155e+26
   2.45583096e+26]
 [ 1.05055938e+26 -3.03866723e+26  4.04204767e+26  1.84380036e+26
  -4.08472316e+24  2.42375829e+26  1.50551198e+26  2.04249906e+26
   5.28601325e+26  4.29160104e+26  2.71410913e+26  4.05937246e+26
   3.22272116e+26]
 [ 5.90001616e+25 -1.97603646e+26  2.72196028e+26  1.05206779e+26
   7.20228897e+25  3.61273350e+26  4.97932866e+26  4.08510730e+26
   6.89900096e+26  5.79667481e+26  4.51349328e+26  3.19822237e+26
   1.32445888e+26]
 [-8.38547278e+25 -3.58914988e+26  1.42369006e+26  1.81668922e+26
   1.68732431e+26  7.56055630e+26  8.79982190e+26  4.15887742e+26
   3.91591788e+26  4.55786641e+26  6.74088996e+26  5.80439630e+26
   2.57743864e+26]
 [-4.50575725e+24 -2.18187391e+26 -8.85137175e+25  2.06557993e+26
   3.13371910e+26  5.46446994e+26  6.54852910e+26  3.39041388e+26
   2.26424086e+25  1.63467391e+26  4.93426706e+26  3.91403009e+26
  -7.76263448e+24]
 [-1.81190382e+26 -3.95379503e+26 -2.67183859e+26  3.61152188e+26
   5.19205933e+26  4.50396578e+26  7.34996016e+26  8.36345983e+26
   3.52681476e+26  3.06950623e+26  4.11822264e+26  2.54445213e+26
   1.19706509e+26]
 [-7.50980972e+25 -5.32681984e+25  8.14585114e+25  3.00618628e+26
   4.17051771e+26  5.00072389e+26  1.05875678e+27  1.29904485e+27
   6.75056186e+26  6.60606033e+26  7.73462402e+26  5.63341792e+26
   5.52912458e+26]
 [ 2.16520984e+26  2.31924513e+26  1.71049490e+26  1.61282600e+26
   4.03229169e+26  7.23695129e+26  1.10317509e+27  1.20927761e+27
   8.76000043e+26  5.52709735e+26  4.95885821e+26  5.54038705e+26
   6.40394197e+26]
 [ 4.37158532e+26  4.45424812e+26  4.04515518e+26  6.02022039e+26
   6.66982816e+26  5.85839277e+26  6.42890604e+26  6.31444510e+26
   5.69044707e+26  5.17969308e+26  2.75449219e+26  2.68491289e+26
   4.52382959e+26]
 [ 1.66495504e+26  4.03403354e+26  4.67141238e+26  5.20704771e+26
   5.67927361e+26  6.83271288e+26  7.38147922e+26  8.20907941e+26
   6.67566623e+26  5.92229109e+26  2.21626099e+26  9.54071596e+25
   5.23882955e+26]
 [ 4.32744112e+26  3.22598294e+26  1.47091453e+26  4.54006508e+26
   7.43043987e+26  9.48429204e+26  6.70901083e+26  3.87901595e+26
   4.29663444e+26  4.38066456e+26  3.16400240e+26  4.36003259e+26
   6.95200086e+26]
 [ 3.94148149e+26  3.05742523e+26  4.12439171e+26  5.13560013e+26
   7.31330388e+26  7.75566606e+26  5.29585519e+26  4.22491111e+26
   4.43552456e+26  4.93636474e+26  3.87088771e+26  4.20374289e+26
   5.29298313e+26]
 [ 3.06396016e+26  4.78091749e+26  6.22386178e+26  4.58234963e+26
   4.71107558e+26  5.48021642e+26  6.08604044e+26  5.75362642e+26
   4.65717050e+26  2.02254308e+26  3.19662087e+26  2.98766567e+26
   1.70827633e+26]]",1.299044849667854e+27
IIn,800-1500 days,104,1152.6634233504667,1.0939598631952351e+26,"[[ 2.90662043e+25 -4.94103141e+25 -9.68729858e+24 -1.37741788e+25
  -4.76079977e+25  1.65359109e+26  1.94134889e+26  1.05073839e+26
   1.52666696e+25 -7.24923345e+25  7.33593555e+25  1.87043629e+26
   1.57544716e+26]
 [ 4.46281306e+25  6.41316619e+25  1.35628065e+26 -3.78539134e+25
  -3.27980674e+25  1.04971520e+25  1.86697359e+24  5.73311920e+25
   1.64234067e+25  9.98272185e+25  2.41865967e+26  2.92198563e+26
   1.98572020e+26]
 [ 1.50628451e+26  1.76818671e+26  1.34495985e+26  7.45127975e+25
   5.21573260e+25  4.11485927e+25 -1.22182352e+25  2.30937997e+25
   9.18040789e+25  7.01428019e+25 -1.89961676e+25 -3.76184440e+25
   1.44773910e+26]
 [ 9.07390217e+25  5.10048581e+25  6.39535824e+25 -9.50214986e+25
   8.31882561e+24  1.39936706e+26  4.51358570e+25 -6.20520438e+25
  -4.93481955e+25 -3.91029219e+25 -8.21258819e+25 -1.37021678e+26
   7.88824894e+24]
 [ 6.06550338e+25  1.25203002e+24  1.03662312e+26 -4.69677020e+24
   1.04097767e+26  2.38106609e+26  1.33143357e+26 -1.51787352e+25
   2.15201483e+25 -3.49126418e+24 -1.32416946e+26 -2.11611142e+26
  -1.39876964e+26]
 [ 1.50235732e+26 -1.61055894e+25  7.17636813e+25  8.95599048e+25
   1.16762375e+26  1.21253858e+26  1.66164189e+26  1.96898243e+26
   1.92959288e+26  4.39007620e+25 -6.90394466e+25 -8.74411659e+25
   2.52423742e+24]
 [ 1.70604806e+26 -6.25225489e+25 -9.23181981e+25  4.87242816e+25
   6.17096951e+25  1.20008261e+26  1.68201893e+26  1.79517647e+26
   2.13275978e+26  1.37306971e+26  3.98064910e+24 -5.81373297e+25
   8.52331544e+25]
 [ 1.55140173e+26 -1.31978280e+26 -8.01413534e+25  9.30605949e+25
   1.51422411e+26  2.53745968e+26  3.76183601e+26  3.68966123e+26
   3.66690304e+26  2.66088757e+26  6.77832652e+25  1.54805558e+25
   6.12616870e+24]
 [ 1.11213655e+26 -1.21178519e+26 -1.21252941e+26  3.64547788e+25
   9.92204596e+25  3.39092754e+26  5.03116424e+26  2.66921681e+26
   1.79307169e+26  1.21223702e+26  1.00921310e+26 -5.54767767e+25
  -1.62261908e+26]
 [ 2.72729553e+26  9.81438152e+25  3.01011903e+25 -2.41496339e+25
  -2.16696562e+25  1.23623394e+26  1.95901775e+26  2.03340406e+26
   1.15030849e+26 -1.00311127e+26 -6.44129927e+23 -1.08787957e+26
  -1.79226272e+26]
 [ 8.86070516e+25  3.31270850e+25  1.11392947e+25  1.49593798e+26
   9.25259099e+25  9.11482918e+25  1.31176593e+26  1.49185966e+26
  -8.31060620e+25 -9.06362284e+25  1.59112635e+26  9.88729049e+25
   1.55272221e+25]
 [-8.48931344e+25 -6.71979235e+25  1.08804714e+26  1.69514188e+26
  -7.59560458e+25 -1.74299306e+26 -3.98495684e+25 -5.94149769e+25
  -5.28229946e+24  1.59778030e+26  1.94779296e+26 -4.09595302e+25
  -1.95667244e+25]
 [-1.84508160e+26 -9.57637077e+25 -4.17166548e+25  2.18319709e+25
  -5.18722792e+25  8.83631071e+25  1.71080066e+26  2.16077873e+25
   1.78571965e+25 -2.16093883e+25 -1.58716266e+25 -1.17605000e+26
  -2.62145012e+25]]",3.7618360143332195e+26
IIn,1500-3000 days,47,1764.521793761238,3.8025205270473e+26,"[[ 2.01409600e+26  7.04393578e+26  9.71298368e+26  1.08513824e+27
   8.87399167e+25 -4.44801013e+25  7.90118212e+26  9.10972769e+26
   8.75504118e+26  1.18570781e+26  5.90526282e+26  8.13333424e+26
   2.52232540e+26]
 [ 9.64529468e+25  4.01678464e+26  9.37979721e+26  8.20288463e+26
  -7.94149034e+25 -3.93297465e+25  5.81757752e+26  5.33792955e+26
   7.41157922e+26  5.97357161e+26  6.35485349e+26  1.69277123e+26
  -9.08013711e+25]
 [ 4.79452648e+26  6.93982270e+26  7.35808255e+26  7.23307510e+26
   1.57771662e+26  2.67848890e+26  6.97704469e+26  7.42806179e+26
   6.60615076e+26  1.24728658e+26 -1.20644321e+26  2.48643984e+26
   7.29384962e+26]
 [ 3.76038004e+26  2.49736369e+26  2.15338527e+26  5.70293946e+26
   3.88506494e+26  4.54022831e+26  4.71198594e+26  1.74568546e+26
   2.53764248e+26 -2.77014929e+26  1.14941047e+26  1.00733645e+27
   9.77829012e+26]
 [ 1.08358319e+26 -2.55562711e+26 -2.84265581e+26  6.53754072e+26
   8.50843751e+26  8.07088983e+26  6.63468388e+26  1.21539385e+26
  -6.00245896e+24  4.27402577e+25  5.54520562e+26  1.17871868e+27
   6.55127061e+26]
 [ 3.63371582e+26  1.08202068e+26  5.46690618e+23  6.22213633e+26
   9.84850100e+26  1.12320378e+27  1.48067503e+27  1.35867957e+27
   1.04313748e+27  9.68879332e+26  1.08649286e+27  1.32744959e+27
   8.58489072e+26]
 [ 4.45497561e+26  1.93333731e+26  2.33836277e+26  2.46188566e+26
   8.57545686e+26  1.85191668e+27  2.19817311e+27  2.06486807e+27
   1.20219125e+27  3.30408376e+26 -4.68769517e+24  5.92651564e+26
   8.87773424e+26]
 [ 6.11921381e+26  4.19783543e+26  7.44264981e+25 -1.20350097e+26
   5.94879839e+26  1.43029613e+27  1.31264314e+27  1.07625793e+27
   8.98759483e+26  3.89181328e+26 -8.32786495e+25  1.54302593e+26
   5.99450770e+26]
 [ 9.99612389e+26  5.71983315e+26 -3.43922381e+26 -1.90333634e+26
   6.22910358e+26  7.90486302e+26 -1.84766346e+26 -1.50941392e+26
   7.16884886e+26  1.05982798e+27  4.31598681e+26  6.88172646e+26
   8.56346761e+26]
 [ 8.11647819e+26  7.08279984e+26 -9.61700082e+25  1.86391962e+26
   7.42864490e+26  5.47191020e+26  1.58091084e+26  2.67058487e+26
   1.28062426e+26  3.05438090e+26 -2.14980076e+26  4.10303358e+26
   8.84852258e+26]
 [ 7.49944799e+26  1.10575504e+27  5.76332976e+26  2.66709548e+26
   4.69593082e+26  4.45073766e+26  4.12460743e+26  2.14580385e+26
  -3.19973290e+26 -1.24228620e+26  3.70875246e+25  4.01012132e+26
   4.83653140e+26]
 [ 6.79153671e+26  9.97294143e+26  7.69439724e+26  3.93994611e+26
   2.70817535e+26  3.45474481e+26  3.46308030e+26  1.71156877e+26
   5.67384039e+25  3.42976672e+26  2.99875615e+26  5.06750261e+26
   6.23431536e+26]
 [ 1.23877651e+27  1.64386292e+27  7.61417230e+26  4.40684875e+26
   5.02082302e+26  4.39924472e+26  1.99419989e+26  1.84642123e+25
   5.10410833e+25  4.52617272e+26  5.50366345e+26  4.61017883e+26
   4.98456877e+26]]",2.198173114938896e+27
Stripped_Envelope,0-100 days,57,54.095917220095615,2.429215051457291e+25,"[[-1.62327869e+25  9.13690198e+24  2.41203464e+25  2.15326321e+25
   3.96455000e+25 -1.46240821e+24 -2.66948551e+25 -5.10911883e+24
  -2.01913539e+24  2.87848880e+25  2.20245253e+24  5.50630265e+24
   4.71242924e+23]
 [ 2.78175782e+25  5.40164684e+25  1.86062866e+25 -3.40536715e+24
  -1.56379886e+25 -2.34874143e+25 -7.33345845e+24  3.66384766e+25
   1.23022746e+25 -1.26085286e+25  8.53424008e+24  2.14454755e+25
   6.87914613e+24]
 [ 5.87758421e+25  2.38846082e+25  3.63848701e+24  5.05769221e+24
  -1.24374659e+25 -1.95932587e+25 -1.66126953e+25  1.73356536e+25
   7.92548281e+24  7.78583121e+24  1.04558588e+25 -2.98277418e+25
  -7.97835447e+24]
 [ 3.59187693e+25  5.20419775e+24  3.37179309e+24  1.85747291e+25
   2.68584669e+25  1.28689353e+25  3.33176825e+24  7.61145288e+24
   1.00154425e+25  1.76806529e+25 -1.79572798e+25 -4.02556873e+25
  -2.21953973e+25]
 [ 1.66718806e+25  3.57690460e+25  2.34815297e+25  2.01478101e+25
   3.53948010e+25  3.93949067e+25  4.65431820e+25  7.75800759e+24
   1.53981353e+25  7.97181398e+24 -1.32188532e+25 -2.17170096e+25
  -1.15847594e+25]
 [ 2.98814979e+25  5.56197949e+25  3.46311880e+25  8.11340632e+24
   1.53379731e+25  1.33604703e+25 -1.39847512e+24 -3.07066533e+25
   7.84684753e+24  3.34388057e+25  3.29679136e+25  9.18290232e+24
  -6.00471642e+24]
 [ 2.56108329e+25  5.44456761e+25  3.96298119e+25  1.28329584e+25
   7.36912786e+23 -3.94120580e+25 -2.46884492e+25 -1.19975845e+25
   3.31957767e+25  4.62582349e+25  3.38244693e+25  1.39593514e+25
  -1.72147865e+25]
 [ 1.16329602e+25  2.59563483e+25  4.80589394e+25  2.80601611e+25
  -7.54524860e+24 -2.43182878e+25  1.28832974e+25  2.08998045e+25
   3.36662568e+25  3.56015185e+24 -2.43014033e+25 -1.90827462e+25
  -2.76366303e+25]
 [ 2.33919967e+25  1.58961967e+25  3.23249845e+25  1.51470859e+25
   2.91315346e+25  3.31895305e+25  1.68016533e+25 -4.22488317e+24
   1.01959801e+25 -2.88213418e+25 -6.28556292e+25 -1.49666443e+25
  -3.58006448e+25]
 [ 3.10871929e+25 -9.44065384e+24 -1.93433389e+25  9.26018962e+24
   1.72467703e+25  7.60616681e+24 -2.18147720e+25 -4.39027108e+25
  -1.70121817e+25 -2.04433175e+25 -1.84961200e+25  4.34248493e+24
  -3.75763699e+25]
 [-2.95505911e+24 -4.41497503e+25 -2.87646649e+25 -1.81324714e+25
  -3.02550254e+25 -8.49174507e+24 -2.74410809e+25 -5.03268140e+25
  -5.13675423e+25 -2.43599585e+25 -1.72731721e+25 -8.05166596e+24
  -3.68602999e+25]
 [-2.87600973e+25  5.48736904e+24 -1.96606052e+25 -5.06018880e+25
  -1.93571252e+25  1.75939609e+25  3.69789356e+24 -8.70788379e+24
  -9.40296524e+24 -8.43841714e+24 -1.30715982e+25 -5.56166876e+24
  -3.27927603e+25]
 [-5.08075608e+24  3.07638140e+25 -1.88074035e+25 -2.39183050e+25
  -2.27475093e+25 -1.32222018e+24 -5.99543613e+24  8.28940227e+24
   3.37271334e+24  9.49648154e+24  1.03203465e+25 -4.84724448e+24
  -7.88726913e+24]]",2.0899804474853865e+25
Stripped_Envelope,100-300 days,134,203.79120907889077,4.957464011142317e+25,"[[ 6.40953366e+25  2.77019507e+25  4.80902901e+25 -3.18431628e+25
   1.38487410e+24 -2.77960803e+24 -1.41460083e+25  2.39790973e+24
   4.17541887e+25  2.96779126e+25  2.29034506e+25 -2.04384349e+25
  -1.93134867e+25]
 [ 3.16600940e+25 -5.53266471e+24  3.42421503e+25 -1.14339294e+25
   1.57631187e+25  5.61712902e+24 -6.87215733e+25 -1.06031819e+26
  -7.45458353e+24  2.27163957e+25  1.73459672e+25  8.90442187e+24
  -8.42112732e+24]
 [ 7.25667242e+25  7.33378346e+24  1.12658731e+25  1.11482541e+25
  -6.88282638e+24 -3.01303596e+25 -3.47511834e+25 -4.26429782e+25
   3.86436999e+25  5.46432696e+25  2.68554940e+25  3.50822349e+25
  -2.39435329e+25]
 [ 1.40382390e+26  8.59399944e+25  6.79087577e+25 -1.70144051e+25
  -5.20730369e+25 -1.92075286e+25  2.60577017e+25  7.92151556e+25
   1.21304355e+26  1.13714568e+26  4.29000500e+25  2.45658448e+25
  -3.38524154e+25]
 [ 7.49164089e+25  5.80542477e+25  4.52724664e+25 -1.75204754e+25
  -5.07961390e+24  3.51689510e+25 -3.45462507e+24  1.69670710e+25
   8.51914236e+25  1.28059677e+26  2.34473118e+25 -1.78231129e+25
  -1.94136421e+25]
 [ 2.77602865e+25  7.04381596e+24 -1.99339939e+24 -6.15057815e+24
   2.76149940e+25  9.81500641e+25  5.14621261e+25  5.51797385e+25
   5.99021996e+25  7.32650910e+25 -8.89146836e+24 -4.03299474e+25
   5.12994168e+25]
 [ 5.80490965e+25  4.64348909e+25  1.31109466e+25 -5.09682761e+24
   5.88804646e+25  1.48254988e+26  1.31368858e+26  1.69165393e+26
   8.60515878e+25  3.63389424e+25  2.46645125e+25  3.09912473e+25
   7.75997535e+25]
 [ 4.14091281e+25  6.52158571e+24 -3.57017817e+25 -8.56379014e+24
   6.89764910e+25  1.69841465e+26  1.33103647e+26  1.12808317e+26
   2.14536593e+25 -1.51623354e+23  4.39709172e+25  2.23292743e+25
  -6.32380219e+24]
 [-4.62003006e+25 -2.07424662e+25 -5.60746122e+25 -2.72890146e+25
   2.03019332e+25  7.50525083e+25  5.60510121e+25  1.95896898e+25
  -6.48373967e+24 -1.92906428e+25 -1.01676604e+25 -4.19927261e+25
  -3.70573032e+25]
 [-6.03005117e+25 -3.01887675e+25  1.77263999e+25  3.20790820e+25
   1.88081967e+25 -1.65944894e+24 -2.24101105e+25 -2.86903409e+25
  -4.28147605e+25 -9.85958896e+25 -1.90244930e+25 -6.61398646e+25
  -6.74958107e+25]
 [-9.74606422e+25 -7.73806878e+25  3.62910997e+25  2.17767495e+25
   4.89037224e+25  4.82394604e+25  4.39777854e+25 -2.65172815e+25
  -5.97497053e+25 -7.04882131e+25 -1.12922400e+24 -4.20299039e+25
  -6.33312794e+25]
 [-5.63388586e+25 -6.51864832e+25 -5.30237797e+25 -5.70925605e+25
   8.02029443e+24  2.43400947e+25  3.94389305e+25 -1.05637757e+25
   2.61321454e+25  4.71791834e+25  5.04685586e+25  2.53202240e+25
   2.05885759e+24]
 [ 3.86022902e+25 -2.38020242e+25 -7.19260996e+25 -3.96697920e+25
   3.15865131e+25  1.38642926e+25 -1.20514453e+25  9.52315099e+24
   6.53447251e+25  9.10309803e+25  5.62505628e+25  2.70780412e+25
   9.51401092e+25]]",1.6984146469697706e+26
Stripped_Envelope,300-500 days,107,395.99827629061633,7.637227978774329e+25,"[[-7.56333961e+25  5.24247007e+25  9.60031573e+25  6.93195167e+24
  -7.37538227e+25  6.88205713e+25  5.06094836e+25  5.47034321e+25
   8.98255458e+24 -6.47419525e+25 -9.05789276e+24 -1.63285239e+25
  -8.50111208e+25]
 [-7.10616915e+25  4.62317965e+25  1.60248833e+26  6.86792906e+25
  -8.72036763e+24  8.81927947e+25 -3.61909346e+24 -3.75809903e+24
   4.11331552e+25 -4.73692520e+25 -7.55665081e+25 -1.40396526e+26
  -1.88837595e+26]
 [ 2.57645253e+25  1.00451106e+26  1.25585313e+26  3.35777611e+25
   4.53248787e+25  8.01327375e+25  2.15007872e+25  1.12561314e+26
   7.44886000e+25 -3.71121573e+25 -5.26631968e+25 -9.22866356e+25
  -1.12635617e+26]
 [ 6.14128153e+25  5.14939464e+25  4.34575937e+25  1.27241439e+26
   8.99360698e+25 -8.86336760e+24  2.59015209e+25  1.64647485e+26
   1.51363579e+26  1.02985909e+26  1.34728835e+26  1.32781965e+26
   2.04179639e+25]
 [ 6.15946871e+25  1.37723979e+25 -1.01435963e+25  9.45557888e+25
   1.63203021e+26  5.16588238e+25  5.63379985e+25  1.01309229e+26
   5.04917086e+25  3.42640109e+25  1.13194615e+26  1.33448038e+26
   6.11524201e+25]
 [ 1.10885209e+26  4.02716600e+25 -1.00033354e+25  6.96358599e+25
   1.85811950e+26  1.20436515e+26  2.26082612e+26  1.73902896e+26
   3.01923882e+25 -1.14444468e+25 -2.78558808e+25  5.50182379e+25
   1.03022033e+26]
 [ 5.49418865e+25  8.09779023e+25  1.13756477e+26  6.74586621e+25
   1.47503667e+26  1.44566698e+26  1.91642479e+26  1.72589224e+26
   6.36339566e+25 -2.38705027e+25 -1.00371098e+26  4.63668246e+25
   6.59657583e+25]
 [-7.97257114e+24 -3.49542868e+25  3.97761100e+24  2.36056936e+24
   7.29034176e+25  3.82766399e+24  7.69441238e+25  9.56890581e+25
  -7.34507701e+25 -7.62612709e+25 -5.69310721e+25  6.13205049e+25
   6.36061413e+23]
 [-6.48424985e+25 -7.25081965e+25 -6.17923067e+25 -6.53888038e+25
  -2.27638607e+25 -1.71329563e+26 -4.50491991e+25  4.55738904e+25
  -1.83924287e+25 -7.82635905e+23 -5.53087650e+25  7.07126483e+25
   5.52183650e+25]
 [-6.84064642e+25 -3.25371300e+25 -7.60342934e+24  6.24088100e+24
  -1.37265019e+24 -1.20747770e+26  7.81534805e+24  4.58023050e+25
  -1.91367161e+25 -2.18809965e+24 -5.84107426e+25  1.73361080e+25
   1.04909002e+25]
 [-4.57666466e+25  1.59111063e+25  8.47099969e+25 -3.83686384e+24
   2.41678123e+25  8.08793693e+25  4.55511072e+25  3.54995609e+25
  -2.96833949e+25 -3.51004220e+24  5.73213680e+25  8.26177277e+24
  -2.68172581e+25]
 [-1.68078703e+25  2.11885479e+25  1.18044986e+26  2.43827054e+25
   1.73754749e+25  3.85584590e+25  9.59128982e+25  1.18878287e+26
  -1.07174554e+26 -1.11859818e+26  3.99248529e+25  4.83850531e+25
   3.87147208e+25]
 [ 5.48881480e+25  2.86206963e+25  1.67852700e+26  1.33642967e+26
   7.30448882e+25  8.83224717e+25  1.25792039e+26  6.36143490e+25
  -8.70666032e+25 -1.38386343e+26 -5.99194915e+25  9.16500468e+24
  -1.73921901e+25]]",2.260826121778698e+26
Stripped_Envelope,500-800 days,169,644.6606791647348,3.3724728461950832e+25,"[[ 6.79085741e+25  5.46431437e+25  7.91800342e+25  4.63193247e+25
   2.68524149e+25  8.26163574e+25  7.67360593e+25  3.78758658e+25
   6.58645188e+24  6.42206545e+24  4.83178717e+25  8.14621226e+25
   3.11405299e+25]
 [ 7.50633325e+25  3.75290229e+25  3.66906900e+25  4.07898453e+25
   3.89426435e+25  6.83090100e+25  4.06112715e+25  1.32292936e+25
   2.89323439e+25  4.04236169e+25  7.54514979e+25  5.79636865e+25
  -2.57593730e+24]
 [ 9.27357248e+25  3.88506400e+25  2.48647991e+25  2.67641228e+25
   2.25621882e+25  4.35105961e+25  7.61981119e+24  2.34725093e+25
   8.90938836e+25  5.58247003e+25  3.41064725e+25  2.99483027e+25
   1.22019632e+25]
 [ 4.79030578e+25  4.08740542e+25  4.30883846e+25  6.18998215e+25
   4.27446938e+25  4.86357700e+25  6.85119420e+25  8.94251193e+25
   7.58190697e+25  3.79606812e+25  5.24272120e+25  3.53043373e+25
   4.29043487e+25]
 [ 1.96018240e+25 -1.05779161e+25  7.20538533e+24  6.13638200e+25
   5.57958592e+25  7.49199956e+25  1.03475504e+26  8.84856315e+25
   5.48545654e+25  7.18019351e+25  7.39810087e+25  4.52564920e+25
   4.67712909e+25]
 [ 1.91799479e+25  4.57090832e+24  1.34083217e+25  7.36062350e+25
   1.09263539e+26  1.23140527e+26  1.35644881e+26  1.24875477e+26
   8.58041468e+25  8.22559463e+25  7.87808007e+25  4.83599124e+25
   2.87366171e+25]
 [ 3.95325488e+25  1.59962799e+24  8.26679527e+24  1.02444357e+26
   1.01830607e+26  1.32061542e+26  1.69929985e+26  1.37390005e+26
   6.91900161e+25  7.09321677e+25  7.62131435e+25  7.19513244e+25
   7.51213007e+25]
 [ 3.20117028e+25 -1.25483101e+25  1.05285954e+25  9.52685651e+25
   1.03482961e+26  1.22872368e+26  1.47395008e+26  1.28889492e+26
   9.68183824e+25  1.00211523e+26  5.05018833e+25  4.95500224e+25
   9.82097234e+25]
 [ 8.04627153e+25  1.16619319e+25  1.67607198e+25  9.98470778e+25
   9.13256931e+25  7.51045591e+25  9.04217346e+25  1.15074273e+26
   1.02872391e+26  8.70802148e+25  3.28354159e+25  3.15994739e+25
   8.86258089e+25]
 [ 9.49831365e+25  3.70472880e+25  5.71663302e+25  9.02221434e+25
   3.95891178e+25  5.06996725e+25  7.04933781e+25  5.16774389e+25
   5.53354807e+25  6.89967134e+25  5.07236389e+24  1.72617671e+24
   1.69322061e+25]
 [ 4.45017877e+25  2.29269191e+25  2.67893852e+25  7.37662125e+25
   6.26314832e+25  7.19895817e+25  6.59336622e+25  1.38363969e+25
   4.73995117e+25  5.19671177e+25 -2.72825064e+25 -4.21601468e+25
  -3.13465856e+25]
 [ 1.87857077e+25 -1.24105493e+25  5.76410557e+24  5.01821782e+25
   3.86377935e+25  4.49074299e+25  3.67823508e+25  1.91947731e+25
   2.87703325e+25 -2.18895864e+24 -1.44158296e+25 -1.17763798e+25
  -3.46302148e+25]
 [ 6.89910941e+24  1.56922868e+25  5.14335335e+25  5.31787663e+25
   3.68903921e+25  2.48522419e+25  4.45862920e+25  5.25494588e+25
   3.47670050e+25 -2.34293674e+25 -1.73139889e+25  9.55114104e+24
  -1.06874416e+25]]",1.6992998547697847e+26
Stripped_Envelope,800-1500 days,264,1133.2430805305487,5.18039019856704e+25,"[[-4.22014800e+25 -1.04234248e+25  5.88896794e+24  1.66963576e+25
   4.15644640e+25  2.51313288e+25  2.70230438e+25  3.18251943e+25
   1.67552409e+25  6.72222117e+25  3.54891642e+25  6.27786504e+25
   5.96756945e+25]
 [ 8.42839149e+21 -5.25926539e+24  1.60498740e+25  3.98438757e+22
   1.14948071e+25  8.30004494e+24 -1.90947968e+25  3.35714502e+25
   1.68459686e+25  5.36671464e+25  5.67259947e+25  5.59630699e+25
   6.28594589e+25]
 [ 7.80504630e+25  6.59927025e+25  2.69610762e+25  1.29979767e+25
   4.16425775e+25  3.33499506e+25 -5.82706284e+25 -1.45324487e+25
  -2.26538649e+25  4.98847605e+25  8.31282302e+25  7.60992649e+25
   8.70455897e+25]
 [ 6.67729862e+25  7.83448486e+25  2.79518274e+24  8.47109220e+24
   1.99809543e+25  3.66018426e+25 -3.49903747e+25 -1.78736964e+25
   1.95781388e+25  9.53091901e+25  1.30742350e+26  1.01316001e+26
   8.17525393e+25]
 [ 5.81892421e+25  9.98040970e+25  3.02013412e+25  2.47495655e+25
   3.22970106e+25  1.95210654e+25  6.64437184e+24  5.99780001e+25
   7.32262572e+25  9.27800167e+25  1.52011182e+26  1.22302213e+26
   1.10016863e+26]
 [ 8.04048497e+25  8.44441985e+25  2.09856573e+25  6.18165902e+25
   8.56212681e+25  1.05566421e+26  1.10121046e+26  1.05770572e+26
   8.25438337e+25  1.04191108e+26  1.87483128e+26  1.44411898e+26
   1.56069582e+26]
 [ 2.81520487e+25  8.18603478e+25  1.73941826e+25  4.24828930e+25
   9.18473291e+25  1.28903621e+26  1.54732259e+26  1.15301236e+26
   1.06424841e+26  1.41585318e+26  1.30612529e+26  6.62784571e+25
   7.51161991e+25]
 [ 4.06456152e+25  8.74714644e+25  9.62560015e+25  8.63857205e+25
   9.66220903e+25  1.04069100e+26  1.61415263e+26  1.85522588e+26
   1.45934028e+26  1.00689512e+26  8.48283655e+25  6.00814271e+25
   5.33506025e+25]
 [ 1.00617106e+26  1.25279175e+26  1.53175852e+26  1.46914351e+26
   1.20039346e+26  1.02892185e+26  1.55025835e+26  1.89043086e+26
   1.11914912e+26  5.39344219e+24  4.16173523e+25  5.54001959e+25
   4.93608338e+25]
 [ 6.99538601e+25  5.34081131e+25  9.06089666e+25  1.21806252e+26
   1.35557111e+26  1.21734348e+26  1.41803158e+26  1.58650703e+26
   9.33599146e+25  2.50808488e+25  1.33708798e+25  1.97583243e+25
  -9.47979395e+24]
 [ 4.97785210e+25  2.86223827e+25  5.65861016e+25  8.63946496e+25
   7.05967047e+25  2.43557376e+25  6.90594683e+25  1.34573923e+26
   9.21951844e+25  6.20660861e+25  9.04618298e+24 -4.27826321e+25
  -5.88852434e+25]
 [ 5.24255087e+25  4.10396710e+25  1.19524667e+26  1.23707254e+26
   6.80568350e+25  6.46756143e+24  3.08620846e+25  1.09060718e+26
   6.93945720e+25  3.59666916e+25  1.02898267e+25 -4.00565643e+25
  -4.34219273e+25]
 [ 3.69426498e+25  1.76638929e+25  7.92114024e+25  7.62430255e+25
   4.82749505e+25 -5.36226085e+25 -7.72341056e+25  1.53582073e+25
   5.91618279e+25  6.44026552e+25  2.59410645e+25  1.22630759e+25
  -4.31040205e+25]]",1.8552258780990792e+26
Stripped_Envelope,1500-3000 days,120,1764.855660154608,5.290050304096191e+25,"[[ 1.34409900e+26  1.22385990e+26  1.08780328e+26  6.44041475e+25
   7.34537420e+25  8.02114628e+25  8.38924255e+25  9.28186237e+25
   1.09272984e+26  1.24850121e+26  8.09315546e+25  3.19235264e+25
   6.94844215e+25]
 [ 1.30398749e+26  9.77598892e+25  5.10693447e+25  1.90789081e+25
   8.67188223e+25  1.18750822e+26  1.41794763e+26  1.73115792e+26
   1.49660771e+26  1.04230098e+26 -1.05443691e+24  5.54795277e+24
   1.02909221e+26]
 [ 1.26300522e+26  1.10667813e+26  7.62386887e+25  7.42200913e+25
   1.04369550e+26  1.15697869e+26  1.12210920e+26  1.42169373e+26
   1.17839178e+26  3.85293736e+25 -6.79178583e+24  6.06189354e+25
   1.12017591e+26]
 [ 1.41508661e+26  1.04480347e+26  1.11945416e+26  1.13801005e+26
   9.10184372e+25  1.01268412e+26  1.12536479e+26  1.09779262e+26
   6.88472924e+25  1.89157814e+25  3.86163933e+25  8.09904905e+25
   1.21432880e+26]
 [ 1.77012551e+26  1.28146197e+26  1.18160781e+26  7.75963992e+25
   6.03714422e+25  1.13335810e+26  1.56798583e+26  1.18166026e+26
   7.10114838e+25  6.59156849e+25  6.22625695e+25  6.41095648e+25
   1.38466928e+26]
 [ 1.49183170e+26  1.01735033e+26  6.02109183e+25  5.65397535e+25
   8.95891367e+25  1.22052813e+26  1.79569069e+26  1.16158689e+26
   7.08215511e+25  1.25862681e+26  9.71822449e+25  6.60334313e+25
   1.12537820e+26]
 [ 7.95516958e+25  3.00594237e+25 -3.99040825e+24  7.65824255e+25
   1.28244234e+26  1.51877681e+26  1.89444336e+26  1.02637512e+26
   6.32184278e+25  1.15083628e+26  1.01966389e+26  6.97090847e+25
   6.93962061e+25]
 [ 2.55467022e+25 -2.61875888e+25 -2.17440084e+24  4.72039185e+25
   1.08293550e+26  1.50961011e+26  1.13967144e+26  5.58539174e+25
   5.37864952e+25  7.44742257e+25  7.40192238e+25  4.69196427e+25
   4.33299173e+25]
 [ 1.01167101e+24 -2.70549410e+25  1.23779737e+25  3.93731968e+25
   1.21605623e+26  1.40908530e+26  6.22831815e+25  2.26088072e+25
   1.61382803e+25  3.22283447e+25  3.00525687e+25  1.52948811e+25
   1.60757740e+25]
 [-8.06391108e+24 -3.43313908e+25  4.96003309e+24  6.18043954e+25
   1.17651546e+26  1.13157471e+26  3.51352577e+25  1.74597346e+25
  -7.52111256e+24 -3.85796338e+25 -1.43401260e+25  3.15256214e+25
   6.43120107e+25]
 [-1.49751953e+25 -2.04805964e+25  6.28743242e+24  4.90327994e+25
   8.95107590e+25  6.44349087e+25  1.42456043e+25  1.92460719e+25
  -2.24155422e+25 -7.88302885e+25 -4.54276216e+25  3.87311052e+24
   5.20470256e+25]
 [ 4.58919771e+24 -2.33614553e+24 -1.29153272e+25  1.71944728e+25
   2.92323448e+25  3.73115007e+25  2.94339835e+25  1.29103860e+24
  -2.27519951e+25 -2.64835731e+25 -2.58232517e+25 -2.14965917e+25
   3.41329421e+25]
 [ 3.50951493e+25  3.12918228e+25  3.92200574e+25  1.81352361e+25
   1.88623197e+25  4.29097049e+25  6.00039378e+24 -3.30578880e+25
  -3.48075882e+25 -2.28950958e+25 -1.77999538e+25  1.85499132e+24
   2.36388878e+25]]",1.8944433586971735e+26
TDE,0-100 days,6,63.01542029372204,2.2946979284363298e+27,"[[ 2.64265307e+27  7.14924678e+26 -6.66051075e+26 -1.21055785e+27
   5.59231530e+26  1.71625904e+27  6.28335750e+26  2.30105049e+24
  -9.26623565e+26 -2.54586196e+27 -1.61723474e+27 -1.13146802e+27
  -1.93719619e+27]
 [ 2.14455525e+27  3.11782679e+27  2.10069273e+27 -1.32391161e+27
  -1.15232332e+27 -7.85774424e+25 -1.10467945e+27 -2.56090441e+27
  -3.69148067e+27 -2.47244993e+27 -7.03868553e+26 -4.90846988e+26
  -2.00265240e+25]
 [ 1.49772094e+27  1.54694030e+27  1.90924547e+27  1.28866321e+26
  -1.68784921e+27 -1.80758525e+27 -1.53230940e+27 -3.29250676e+27
  -6.59062235e+27 -5.57386077e+27 -2.51893639e+27 -3.13809664e+27
  -1.93608785e+27]
 [ 2.61204860e+27  9.08650210e+26  8.90060530e+26  9.79032516e+26
  -1.12526115e+27 -2.35171475e+27  1.33432324e+26 -1.03714667e+27
  -5.63147323e+27 -5.20485989e+27 -3.48230629e+27 -4.85930991e+27
  -4.07661051e+27]
 [ 3.20200871e+27  3.26788016e+27  2.07738629e+27  1.01256152e+27
  -1.62864839e+27 -3.37492069e+27 -1.16896233e+27 -6.62953827e+25
  -2.24582323e+27 -9.27135461e+26  5.45636236e+26 -2.29498211e+27
  -2.10625383e+27]
 [-1.70713403e+27  2.91529398e+27  2.50230231e+27 -2.55560722e+26
  -9.67828398e+26 -1.57022253e+27 -2.96114182e+27 -2.87056851e+27
  -9.54233829e+26  1.37068321e+27  2.09895728e+27  2.61709052e+26
  -8.36460815e+25]
 [-4.20053239e+27 -1.11861809e+27  2.19743609e+27 -4.25050193e+26
   3.89138483e+26  3.03446078e+27  9.03699982e+26 -1.44289798e+27
  -7.12918294e+26  7.69751175e+26 -1.33460023e+24 -1.66554333e+27
  -1.82562465e+27]
 [-1.11198543e+27 -6.00949523e+26  1.36395768e+27  1.85640206e+27
   1.89080333e+27  3.79609878e+27  4.21841075e+27  3.23519995e+27
   2.77600394e+27  3.17632591e+27  2.99052411e+27  1.60804204e+27
   3.11635167e+24]
 [-8.32543547e+26  1.65831958e+27  1.05050973e+27  4.16275347e+26
   1.43867409e+27  3.06960017e+26  4.33185894e+26  1.20445670e+27
   1.75635050e+27  3.62006517e+27  4.94647025e+27  5.43469771e+27
   3.55074932e+27]
 [-5.16158890e+26  2.14310496e+27  3.50561961e+27  2.19843990e+27
   1.76560257e+27  1.67849625e+27  1.07918176e+27  1.37536777e+27
   1.95234420e+27  2.80915803e+27  4.15162360e+27  4.93177104e+27
   3.38444270e+27]
 [-1.83094540e+27 -8.80491403e+26  9.23035072e+25  2.35888829e+27
   9.68228441e+26 -5.81438465e+26  2.44302642e+26  1.67043962e+27
   3.56975535e+27  2.65025409e+27  1.32262267e+27  1.66720347e+27
   9.75859806e+26]
 [-1.32280255e+27 -2.06963004e+27 -1.97368783e+27  1.81507776e+27
   3.80929656e+27  5.47185958e+26 -1.45760451e+27  1.18689839e+27
   4.24884823e+27  4.33135968e+27  2.47039042e+27  4.52803964e+26
   2.91027424e+26]
 [-2.62634311e+26 -1.93113437e+27 -2.29756211e+27 -3.52577636e+26
   1.52570664e+27  5.08316343e+26 -3.18975145e+27 -2.75862389e+27
  -4.92900867e+26  4.69040828e+26  2.50344837e+27  1.53610592e+27
  -3.04408482e+26]]",4.2184107509203775e+27
TDE,100-300 days,18,208.89114047055565,1.0459732635937737e+27,"[[ 5.03169166e+26 -9.80639067e+26 -1.86967280e+27 -1.90634274e+27
  -1.53608538e+27  3.80745051e+26  2.13765845e+27  8.83694906e+26
  -5.06346167e+26 -2.31377963e+26  5.37540849e+26  1.43174476e+27
   3.34975731e+26]
 [-1.24513056e+27 -1.01783346e+27 -5.05509287e+26 -5.75762757e+26
  -9.97400568e+26  3.51156343e+26  1.08831952e+27 -4.64147346e+26
  -1.69592263e+27 -1.57984114e+27  5.20066144e+25  8.91871596e+26
  -5.71490368e+26]
 [-1.39398910e+27 -1.90435864e+26  5.98450361e+26  2.81223585e+26
  -1.73595450e+26  1.78531916e+26  2.90476986e+26  3.77927423e+26
  -2.20950784e+26 -8.63253311e+26 -6.41354115e+25  9.53255832e+24
  -2.24364014e+26]
 [ 4.57327961e+26  1.25992221e+27  1.30079083e+27  4.52201920e+26
   5.52186911e+26  6.36721475e+26  3.39821691e+26  6.70889721e+26
   6.56180438e+25 -8.63102731e+26 -7.94926906e+26 -5.01132691e+26
   1.69334964e+26]
 [-4.23804782e+26 -5.66057705e+26 -6.73857225e+26 -5.08695664e+26
  -3.64277606e+25  1.50704443e+26  4.51847669e+26 -1.71229966e+25
  -3.58595603e+26 -6.04206602e+26 -1.38640397e+27 -1.13215909e+27
  -5.69463108e+26]
 [ 9.98821226e+26  5.02827556e+26 -6.95005687e+26 -6.67506707e+25
   4.63870286e+26  5.96794359e+26  7.44115061e+26  3.56118229e+26
   1.04311531e+27  7.36844573e+26 -4.94560810e+26 -4.03650997e+26
  -6.90254534e+26]
 [ 6.05370668e+26  2.50351519e+26 -6.15698954e+26  7.14314312e+25
   8.29432225e+26  1.91091864e+27  1.99203943e+27  1.61749081e+27
   1.73084943e+27 -8.16225080e+24 -1.33781101e+27 -1.67809783e+27
  -1.67066135e+27]
 [ 1.84441454e+26  3.19379024e+26  5.50708230e+26  3.73568823e+26
   2.95072185e+26  5.92068312e+26  1.08262341e+27  1.76352717e+27
   1.10927196e+27  1.71750897e+26 -5.56614068e+26 -2.55831547e+27
  -1.95515585e+27]
 [ 6.33625366e+26  8.75576387e+26  8.15885822e+26  3.18280921e+26
   4.12048809e+26 -2.94069188e+26 -4.58361739e+26 -7.68038389e+25
  -6.41705695e+26 -2.00692911e+26 -4.33128996e+26 -1.48702592e+27
  -6.42246509e+25]
 [-1.62671704e+26  7.53934396e+26  4.28779080e+26  9.18188409e+26
   1.75383749e+27  5.55139292e+26 -4.27414664e+26 -1.10612424e+27
  -1.70727056e+27 -2.20829097e+27 -2.87275828e+27 -1.95244557e+27
  -4.06834952e+25]
 [-9.52786322e+26  5.91354638e+26  1.13748366e+27  1.85459889e+27
   1.31571236e+27 -7.22107816e+26 -1.77695431e+27 -1.20491105e+27
  -8.33756899e+26 -2.12922137e+27 -2.78362103e+27 -1.23723823e+27
  -1.38526383e+25]
 [ 1.80833719e+27  1.56243026e+27  1.80365620e+27  1.86112999e+27
   4.85151121e+26 -1.08539053e+27 -1.94761083e+27 -1.00499049e+27
   3.06594826e+26 -1.84805898e+26 -9.91727168e+23  5.50267893e+26
   5.47889926e+26]
 [ 1.96366434e+27  1.11934096e+27  8.49124365e+26  5.14637455e+26
  -2.67354786e+26 -1.08658414e+27 -2.09502503e+27 -1.62595050e+27
  -5.77390151e+26 -2.50300885e+26 -1.80525146e+26 -8.92583765e+26
  -7.45296989e+26]]",1.9920394263735713e+27
TDE,300-500 days,17,380.3525261842855,1.3250581081700727e+27,"[[-1.63382307e+26 -1.17736839e+27 -1.00993468e+27 -1.02229296e+27
  -7.96211903e+26 -1.41177265e+27 -1.50355963e+27 -3.95817613e+26
   1.29005119e+27  8.53357482e+26  1.66960810e+26 -1.11636226e+27
   6.03607512e+26]
 [ 1.14209716e+26 -3.99535045e+26 -1.34120187e+27 -1.27292501e+27
  -1.01848160e+26 -1.56474122e+26 -1.30281695e+27 -1.13723053e+27
   1.05931621e+27 -1.78817121e+26 -8.89205234e+26  3.53731707e+25
   1.97872511e+27]
 [ 1.43696822e+27  1.44014615e+27 -3.04549974e+26 -1.33524473e+27
   3.01944150e+26  6.61261178e+26 -1.58165427e+27 -1.51612548e+27
   5.89076563e+26 -8.16733988e+26 -1.85462911e+27 -5.21608102e+26
   2.10106175e+27]
 [ 1.17644378e+27  1.55128759e+27  2.98164009e+26 -1.02549442e+26
   7.03122646e+26  2.84541808e+26 -1.01759832e+27 -1.09595364e+27
  -6.33587030e+26 -1.88196374e+27 -1.88923709e+27 -1.40122885e+27
   9.78563734e+26]
 [ 6.37244523e+26  1.98641364e+27  1.37515015e+27  1.32359519e+27
   1.81824700e+27  1.43111749e+27  1.48600793e+27  1.18933007e+27
  -2.51204634e+26 -1.41757406e+27 -7.99402520e+26 -1.25161117e+27
   1.08245113e+27]
 [ 4.86528909e+26  1.27170579e+27  8.52195808e+26  7.94914573e+26
   2.41054391e+27  4.07375417e+27  5.45297305e+27  4.21180367e+27
   1.48462115e+27  8.89810624e+26  1.10419213e+27 -4.06527715e+26
   1.35511880e+27]
 [ 3.80064481e+25 -1.81792924e+26  1.37456291e+26  6.31176923e+26
   1.71096062e+27  5.58779605e+27  8.60091517e+27  5.34261753e+27
   2.09823527e+27  1.99712453e+27  1.57481131e+27  1.37436503e+26
   4.28165064e+26]
 [ 1.35211087e+27  9.42220153e+26  1.52320600e+27  4.00897801e+26
  -3.05450123e+25  4.03804337e+27  5.88301265e+27  2.62549943e+27
   6.40388143e+26  1.02094399e+27  1.89183718e+27  1.93050870e+27
   1.53877230e+27]
 [ 2.49375050e+27  2.20943409e+27  1.80626082e+27  1.14577586e+26
   5.17377498e+25  2.63590880e+27  3.01676297e+27  1.00961997e+27
  -9.04831568e+25  4.36665169e+26  2.61332644e+27  4.02137169e+27
   3.11051361e+27]
 [ 1.89400374e+27  1.62798584e+27  7.44978001e+26  4.33980797e+26
   6.28019996e+26  1.23549288e+27  1.44035233e+27  5.36480627e+26
   1.88011257e+26  3.02138628e+26  2.11208607e+27  3.52029061e+27
   2.74898609e+27]
 [ 5.50966037e+26  9.42165531e+25  2.43241224e+26  8.46708651e+25
   2.97468675e+26  5.64774770e+26  3.35404400e+26  2.70332061e+26
   1.92440871e+26 -4.02690436e+25  1.02465794e+27  1.30679681e+27
   1.80521112e+27]
 [-1.55318365e+26 -6.97008934e+26 -5.92753341e+26 -1.12350442e+27
   2.19790352e+26 -4.00927566e+26 -7.30186631e+26 -4.41155816e+26
   1.76586468e+25  2.08045383e+26  8.99268602e+25  2.48765468e+26
   1.62923287e+27]
 [ 1.37112609e+26 -1.28040574e+27 -2.20184741e+27 -2.30630485e+27
  -3.41621054e+26 -1.25247770e+27 -2.15606406e+27 -1.24309997e+27
   7.18688752e+26  6.71833783e+26 -6.07617841e+26 -1.83318830e+26
   1.10489701e+27]]",8.600915165458405e+27
TDE,500-800 days,9,678.6514392719665,3.250011760258974e+27,"[[-8.98362362e+26 -3.21004575e+27  1.40982864e+27  1.30211628e+27
   1.93094173e+27  1.68557504e+27 -8.78909691e+26  1.81953871e+27
   4.82695489e+27  6.82479328e+27  5.46448843e+27  4.21596464e+26
   1.82736766e+27]
 [-2.70941155e+26 -6.14742689e+26  3.59556795e+27  3.66637170e+27
   4.99549135e+27  1.91433778e+27  1.38776980e+27  2.96351013e+27
  -6.29290972e+26  2.82522899e+27  6.22451504e+27  4.26141380e+27
   4.03297896e+27]
 [-1.21766174e+27  1.51373354e+27  1.55668147e+27  6.82432840e+26
   2.07114313e+27  2.24698867e+27  3.75541624e+27  1.83788488e+27
  -3.32017781e+27 -3.17472029e+27  9.17867737e+26  4.13137282e+27
   2.25553706e+27]
 [-3.20269413e+27 -1.52164784e+27 -4.87005758e+27 -5.11145530e+27
  -3.13334781e+27 -2.14044753e+26  1.51772470e+27  2.03805789e+27
  -8.83165472e+26 -2.08633026e+27  2.70192618e+26 -1.06876599e+27
  -1.68428587e+27]
 [-5.14324942e+27 -5.36831433e+27 -3.55396786e+27 -1.67249723e+27
  -2.53654063e+27  1.57286464e+27  1.89119918e+27 -1.93339554e+26
   2.22855964e+26  2.03838891e+27  3.20759918e+27  2.20644666e+27
  -1.22742470e+27]
 [-6.26521373e+27 -2.34822009e+27  1.02016854e+27  7.35991589e+27
   3.60073079e+27  4.56069723e+27  8.07339066e+27  1.12430853e+27
  -2.55825836e+26  2.52091382e+27  2.80298359e+27  1.30391841e+27
  -2.91073571e+26]
 [-1.87015513e+27  9.10713133e+26  9.49798985e+26  8.53088008e+27
   2.92488222e+27  5.19666628e+27  1.02893242e+28  4.38033043e+27
   9.32064046e+26  4.54201092e+27  4.78855016e+27  5.71210197e+26
   1.50291856e+27]
 [-4.44187257e+26 -1.68130642e+27 -1.00052160e+27  2.88864080e+27
   1.53549441e+27  6.87030157e+27  7.48229452e+27  2.60808345e+27
   4.08851825e+27  4.64878465e+27  2.35928230e+27  1.78014306e+27
   1.90600377e+27]
 [-3.57080382e+27 -3.02661221e+27  2.00901871e+26 -1.32790851e+26
   1.28300926e+27  4.32387353e+27  1.99329137e+27  4.70024597e+27
   8.80214516e+27  4.47368417e+27  8.94570291e+26  1.63830826e+27
   3.11232741e+27]
 [-3.13557187e+27 -3.76874075e+27 -2.75032183e+27 -2.98083132e+27
  -2.70249513e+27 -1.87813894e+27 -7.05966120e+26  3.87609874e+27
   7.70516287e+27  5.34576978e+27  4.17078721e+27  4.43041622e+27
   1.30496177e+27]
 [-7.06670979e+26 -1.67453582e+27 -2.13462680e+27 -2.47337156e+27
  -2.36373237e+27 -3.74684246e+27 -4.88384517e+27  1.40693944e+27
   5.65861865e+27  4.55991992e+27  4.13869009e+27  1.59545826e+27
   1.82794086e+27]
 [ 2.91025400e+27 -1.04931967e+27 -3.98386370e+27 -3.85289894e+27
   6.50159916e+26 -3.04900600e+27 -7.17337272e+27  1.55676655e+27
   3.84879953e+27  3.99065772e+27  3.65514615e+27  3.48291518e+26
   2.89572794e+26]
 [ 2.44667143e+27 -1.13010631e+27 -3.00958024e+27 -2.53368247e+27
  -2.80149372e+27 -7.02806916e+27 -5.17868919e+27  2.34440168e+27
   1.33608094e+27  2.25975011e+27  4.89466436e+27  2.52471005e+27
  -3.36436329e+26]]",1.0289324160803058e+28
TDE,800-1500 days,31,1093.1549354742954,3.0101034145921794e+26,"[[-4.02327641e+26 -4.43780168e+26  1.63254983e+26  5.31853377e+26
   3.61692907e+26  2.77096890e+25  2.61423948e+26  1.37336212e+26
  -1.41399859e+26  1.41957741e+26  3.56681575e+26  1.64010757e+26
   9.55660460e+25]
 [-3.90196500e+26 -1.94565083e+26 -1.48716197e+26  3.14233813e+26
   4.87284135e+26  4.44907427e+25 -1.84097164e+25 -3.39514584e+26
  -3.08286925e+26  1.38242121e+26 -5.80667133e+24 -3.77961962e+26
  -2.47735672e+26]
 [-5.73585844e+26  6.03230654e+25 -2.15002772e+26 -1.90752700e+26
   3.87389749e+26  4.00728180e+26 -4.12730190e+25 -5.37926897e+26
  -4.42494806e+26 -1.93055413e+26 -1.46815030e+26 -1.00232284e+26
  -2.71172210e+26]
 [-5.39988341e+26 -1.53566969e+26 -1.70909255e+26 -2.46246553e+26
   2.91237204e+26  3.17015338e+26 -1.12659745e+26 -5.30899059e+26
  -4.51225669e+26  7.48701727e+25  3.26134308e+26  1.79772922e+26
  -2.83982631e+26]
 [-1.51886296e+26 -3.81484768e+25 -1.21021963e+26 -5.82896456e+25
   1.07405439e+26 -4.68677325e+25 -1.29958460e+26 -1.80858179e+26
   1.21472536e+25  3.09170374e+26  1.12393151e+26  2.35270894e+25
  -9.55948161e+24]
 [-4.53189365e+25 -1.69095325e+25 -2.54152930e+26  1.20878693e+26
   4.17302991e+26  4.07433417e+26  8.17736111e+26  4.89108509e+26
   7.07856849e+25  1.38932873e+26  6.98003742e+25  1.82072859e+26
   2.05212939e+26]
 [-9.13087812e+24  1.78735137e+26  4.25736207e+24  2.01091196e+26
   7.15997565e+26  1.25359560e+27  1.73658460e+27  8.90927092e+26
   1.59417973e+26 -1.30537002e+25 -1.50827268e+26  1.26540055e+26
   5.71921028e+26]
 [ 2.25898122e+26  4.78367826e+26  1.80590269e+26  9.33402926e+25
   2.54027323e+26  6.40123039e+26  1.20941027e+27  6.76915792e+26
   2.66201274e+26  6.27043280e+25 -2.63186429e+26 -2.53403270e+26
   3.81139595e+26]
 [ 6.89735703e+26  7.60807244e+26  1.19435858e+26  1.34450361e+26
   2.02121591e+26  2.80088067e+26  5.06790204e+26  1.26005000e+26
   2.47454174e+26  7.08428573e+24 -2.59698461e+26 -3.15667810e+25
   4.35588546e+26]
 [ 6.36940519e+26  6.92273389e+26  2.83559657e+26  3.88751283e+26
   1.01500720e+26 -5.74865131e+25  3.47364130e+26  3.12368442e+25
   5.13400980e+25  2.22649839e+25 -3.35363043e+25 -3.91421421e+25
   4.50848863e+26]
 [ 4.35000221e+25  3.06623227e+26  5.19194838e+26  6.87455572e+26
  -1.28448164e+26 -4.18990841e+26  1.94896532e+26  1.07954211e+26
  -2.55375406e+25  1.59452345e+25  1.44486454e+26 -2.93895201e+26
  -1.90022038e+26]
 [-4.55332273e+26  1.72623018e+26  1.26094551e+26  2.98188496e+26
   2.30175101e+26  3.12882063e+26  3.82482724e+26  1.40339277e+26
   1.76913224e+26  3.02647084e+26  4.21955241e+26  4.25442338e+25
  -8.91162752e+25]
 [ 1.75826313e+25  1.94334570e+26 -1.72049276e+26  1.21322155e+26
   3.40370887e+26  3.95688197e+26  4.30620540e+26  3.96995453e+26
   3.75686877e+26  4.75159293e+26  6.85420036e+26  3.94693440e+26
   2.47263133e+26]]",1.7365845982529133e+27
TDE,1500-3000 days,7,1920.0495658492905,3.772882488016718e+26,"[[-4.55448277e+26 -1.02993813e+26  9.93706061e+25  5.78985273e+26
   4.89393484e+26  2.27990832e+26  1.25993393e+26  2.96099280e+25
   6.01908774e+26 -4.00423783e+25 -7.18902119e+26 -7.90852114e+26
  -2.23908627e+26]
 [-5.37240930e+26 -6.00219762e+25  2.13787300e+26  6.94092022e+26
  -5.32969646e+25 -1.11906903e+25  3.81439372e+26 -1.17684928e+25
   2.43670063e+26 -2.33574803e+26 -5.31786918e+26 -5.94818260e+26
  -1.68350826e+25]
 [-2.87072826e+26 -3.32285293e+26  1.11342456e+26  5.01678757e+26
  -6.81572076e+26 -9.32498251e+26  6.09380882e+25 -7.47174284e+25
  -1.20427947e+26  3.16170314e+25  2.44659606e+26 -2.07415175e+26
  -1.01495401e+26]
 [ 9.19419285e+25 -2.20153944e+26 -7.40663940e+24  5.20338044e+26
  -4.17253233e+26 -7.26675216e+26 -1.70196329e+26 -1.08649526e+25
   3.58051113e+26  5.45286791e+26  7.83715347e+26  2.83054154e+26
   7.44189831e+23]
 [-2.95121605e+26 -5.89981149e+26 -1.40180826e+26  2.55569538e+26
  -2.24564421e+25 -2.47084349e+26 -1.26335418e+26  2.71274560e+26
   1.63354823e+26  4.56608521e+25  8.55258819e+26  7.41684529e+26
   2.91524961e+26]
 [-3.34722450e+26 -2.47486039e+26 -1.67724865e+26  9.59636127e+25
   7.74950794e+25  1.65318472e+25  9.76445554e+25  4.64874248e+25
   7.73212814e+25 -1.07223693e+26  3.82113976e+26  6.12453835e+26
   6.49187551e+26]
 [-9.77163062e+25  1.97858025e+26 -3.67833670e+25 -1.99081539e+26
   1.28796078e+26  6.14176182e+26  7.07526219e+26  1.21933598e+26
  -1.85637498e+26 -3.95921644e+25  6.96981689e+26  6.18973425e+26
   6.95421998e+26]
 [ 3.84017525e+26  5.15602455e+26 -6.50483944e+25 -1.90704240e+26
   2.43629324e+26  1.72934177e+26  5.82188265e+26  1.71774918e+26
  -2.42994069e+26  4.59092699e+26  8.78836135e+26  4.60003010e+26
   5.65630728e+26]
 [ 1.65961395e+26  3.12722743e+26 -1.21565509e+26 -2.32146175e+26
  -6.16434162e+25 -1.05427764e+26  1.86022424e+26 -1.58766813e+26
   1.38103890e+26  8.66219102e+26  4.58677981e+26  4.59301689e+26
   4.46932963e+26]
 [-3.00782162e+26  2.62109803e+26  3.80329273e+26 -1.20534073e+25
  -1.73938723e+26 -4.67869167e+26 -9.98445523e+25  2.24477239e+26
   9.69717077e+25  2.65531981e+26  9.51408624e+25  2.82661326e+26
   3.63659956e+26]
 [-1.19900037e+26  3.84534087e+26  4.70345201e+26  7.12843198e+26
   3.71445970e+26 -5.32613933e+26 -3.88653425e+26 -4.14717183e+25
  -1.75582880e+26  2.81138337e+26  3.81886405e+24 -2.57040151e+26
   2.00141461e+25]
 [ 2.02066412e+26  1.62039716e+26 -4.16673491e+25  5.15949008e+26
  -2.10019406e+25 -9.02005500e+26 -4.76460357e+26 -1.83342581e+26
  -8.91813739e+25  3.75056234e+26  1.55315298e+26 -2.14181324e+26
  -1.08477214e+26]
 [ 2.78117658e+26 -3.39980032e+26 -5.46319778e+26 -2.65880823e+25
  -4.19350486e+26 -8.13244154e+26 -6.11948146e+26  5.84137021e+25
   5.70039751e+26  2.65049211e+26  3.39406393e+26  7.21967854e+25
  -4.16445235e+26]]",7.07526219138648e+26
Ibn/Icn,0-250 days,10,141.75356663507557,9.614693332305847e+26,"[[ 4.03254074e+26  1.26051513e+27  1.16877956e+27  1.84573305e+27
   2.16142852e+27  6.17888830e+26 -4.76579674e+26  6.87095597e+26
   1.05781030e+27  2.22832098e+25 -7.55826305e+26 -5.78222881e+26
  -9.96366195e+26]
 [-6.48697254e+26  6.96535776e+26  1.14696255e+27 -1.96984649e+25
   9.75038719e+25  1.05687531e+27  9.40828915e+26  5.62698534e+26
   6.44772147e+25 -1.19594435e+27 -9.91800407e+26  6.26939166e+26
   2.31181266e+26]
 [-2.19024988e+27 -1.62048648e+27 -3.22691639e+26 -1.08177031e+27
  -1.93792317e+27 -3.69467533e+26  3.30828839e+26 -1.10883988e+27
  -2.43752280e+27 -2.27992216e+27 -2.46566618e+26  1.44687313e+27
   7.23539380e+26]
 [-3.22165483e+27 -2.81395921e+27 -6.90990213e+26 -2.05142168e+26
  -1.08622478e+27 -1.59380667e+26  5.07684364e+26  8.23288144e+25
  -1.00488942e+27 -1.93300928e+27 -6.63226373e+26  1.19063772e+27
   6.39789756e+26]
 [-1.79475917e+27 -1.47225286e+27 -7.36525644e+26 -4.59942984e+26
  -5.52339509e+26  5.49782242e+26  3.10007885e+26  6.17285554e+26
   1.31981668e+27  4.05968082e+26  1.37268979e+26  1.23932547e+27
   1.25328274e+27]
 [-1.61637729e+27 -1.04648318e+27 -6.67384568e+26 -3.48464608e+26
   1.11880957e+27  2.48263557e+27  1.22958233e+27  1.25360510e+27
   2.17876997e+27  9.27493901e+26  6.06477206e+26  8.91859710e+26
   5.75809214e+26]
 [-7.87142600e+26 -9.32259652e+26 -9.12575328e+26  3.49159726e+26
   1.69235673e+27  1.72007978e+27  1.27164745e+26  1.07205042e+27
   1.59127504e+27 -4.90051207e+26 -1.32418667e+27 -5.32715306e+26
   1.84714217e+26]
 [-5.04694027e+25 -1.35884444e+26 -1.50057681e+27 -9.43841962e+26
   3.32843248e+26 -5.27012936e+26 -9.10905686e+26  1.18596277e+27
   1.69479486e+27  1.76921489e+26 -1.03287183e+27 -1.01183586e+27
  -1.00277484e+26]
 [ 6.93016539e+26  8.32494190e+26 -3.46168865e+26 -8.36863517e+26
  -5.10184147e+26 -2.51449096e+26  1.04140557e+27  2.03337829e+27
   1.27278482e+27  3.57201876e+26 -4.35004897e+26 -3.79856049e+26
  -7.34755765e+26]
 [-5.76371290e+26  3.83122658e+26 -2.94792236e+26 -1.67490731e+26
  -2.40391414e+24 -3.71756779e+26  6.49370777e+26  4.84317190e+26
  -2.78125482e+26 -2.07299465e+26 -9.16140359e+25  6.26307953e+26
   2.36346065e+26]
 [-1.54646362e+27 -3.49096370e+26  1.28528009e+26 -2.80034002e+25
   5.13493929e+24 -5.53154465e+26 -1.12688560e+27 -8.97399859e+26
  -3.64970894e+26 -2.15530194e+26 -1.56572489e+26  4.96011457e+26
   2.52053180e+26]
 [-1.59905960e+27 -1.03947334e+27 -4.23365427e+26  1.94950877e+26
  -6.86514113e+26 -1.15775562e+27 -1.02464400e+27 -6.44928961e+26
   3.27166850e+26  2.37149936e+26  3.83098937e+26  6.50208397e+26
  -3.21155353e+26]
 [-3.27230997e+26 -9.98254969e+25 -4.98758607e+25 -8.55030766e+25
  -4.55948652e+26 -1.25531232e+27 -7.70161105e+26  4.69279714e+26
   1.75208940e+26 -5.24361573e+26 -3.20123708e+26  2.45320911e+26
  -8.65903569e+26]]",2.482635569160212e+27
Ibn/Icn,250-500 days,6,358.0624623848901,4.298850085594576e+27,"[[ 1.10718674e+27  4.69525716e+27  5.18715318e+27  3.57921238e+27
  -1.94311445e+26  4.80441790e+26  4.70664573e+26 -8.65884597e+26
  -4.80398305e+27 -3.55662615e+27  6.64837541e+27  7.79684911e+27
   5.85409241e+27]
 [ 3.56373831e+27  7.28194105e+27  2.37181820e+27 -4.00815814e+27
  -4.35954872e+27 -3.80810441e+27 -7.44504810e+26  3.49519467e+26
  -1.34398680e+27 -1.47600296e+27  9.19401121e+26  3.97515287e+27
   4.95073536e+27]
 [ 5.09289327e+27  8.20221330e+27  1.66999350e+27 -6.12421814e+27
  -2.87915145e+27 -7.61766018e+26 -4.96246843e+26  8.69254153e+26
  -1.19131971e+27 -1.16696693e+27 -6.09409227e+27 -4.47951571e+27
  -1.12350954e+27]
 [ 8.38614029e+27  9.00743008e+27  8.86009703e+26 -1.07639075e+28
  -7.53918822e+27 -2.83718674e+27 -3.22459632e+27 -2.56153028e+26
  -1.64732273e+27 -1.71365655e+26  1.07534279e+27  7.97606431e+26
   1.07393489e+27]
 [ 5.66297580e+27  9.39345138e+27  1.36827896e+27 -9.37637270e+27
  -3.24792451e+27 -3.14454677e+27 -4.12868320e+27  9.39417815e+26
   3.49334694e+26 -5.07626802e+26  2.43753942e+27  5.57148021e+27
   4.16331263e+27]
 [-1.78652957e+27  6.30522311e+26 -2.38999981e+27  7.75135665e+26
   7.00487694e+27  5.39907425e+27  3.11016989e+27  1.68918651e+27
  -2.86810507e+26 -1.11449150e+27  2.82813750e+26  4.97412554e+26
  -2.23301629e+27]
 [-1.53272770e+27 -2.92329502e+26 -8.08542130e+26  3.49404868e+27
   5.50852029e+27  3.58056697e+27  1.29258058e+27 -9.55264619e+26
  -2.75473208e+27 -8.61676162e+24  4.49870025e+27  6.07454075e+26
  -8.33821918e+27]
 [ 3.51317508e+27  7.09912327e+27  8.00853002e+27  6.41908198e+27
   6.20292654e+27  1.57091380e+27 -4.00669632e+27 -6.13489192e+27
  -4.83926731e+27  1.91345666e+27  6.88060958e+27  1.50958204e+27
  -4.86687615e+27]
 [ 7.90548066e+27  1.04637678e+28  5.67777943e+27  3.14928984e+27
   5.74913983e+26  9.60499111e+26 -1.25145998e+27 -4.10323478e+27
   1.28046667e+26  7.03677209e+27  6.64502122e+27 -6.80818248e+26
  -1.36510752e+27]
 [ 5.33599120e+27  3.14306378e+27  4.58788472e+25 -5.25947803e+27
  -3.48551631e+27  3.58793248e+27  1.14924315e+27  3.00544444e+26
   2.36130508e+27  5.14140474e+27  1.65828137e+27 -4.09247955e+27
  -5.40576569e+26]
 [-1.65879683e+27 -1.04883999e+27  6.34881955e+26 -4.16928939e+27
  -1.23677658e+27  4.38576240e+27  1.07769666e+27  1.02392888e+27
   1.70218216e+27  3.41662510e+27  2.57976838e+27 -1.10408522e+27
   3.85963246e+27]
 [-1.05102702e+28 -4.89515040e+27 -3.19157863e+27 -5.15779929e+27
  -3.63349216e+27 -1.06451958e+27 -2.42169973e+27  2.92692156e+26
   1.95623987e+27  5.60471268e+27  5.75593662e+27  5.76963015e+27
   6.72513967e+27]
 [-1.09912380e+28 -4.37543558e+27 -2.67667396e+27 -4.04549947e+27
   1.06199397e+27  3.67451519e+27 -1.70675429e+26  2.73517552e+27
   3.15034929e+27  5.96311670e+27  1.02467321e+28  9.27214336e+27
   5.08233027e+27]]",5.399074249574547e+27
Ibn/Icn,500-1000 days,17,733.5389893508761,1.2095251523616446e+27,"[[-9.01165156e+26 -3.38178496e+26  1.50123320e+26  3.02260914e+26
  -8.27646945e+26 -1.90644396e+27  1.45984138e+26  3.09452624e+26
   1.61297861e+27  1.16504012e+27 -4.98579745e+26 -1.20921993e+27
  -2.64566275e+27]
 [-1.01990463e+27 -9.85895486e+26  2.99615282e+26  7.67833069e+26
   3.88030111e+26 -1.41201610e+27 -1.80373281e+26  1.33325865e+27
   1.40894825e+27  6.75354604e+26 -3.57601039e+26 -7.75423002e+26
  -1.83168990e+27]
 [ 1.56813353e+26 -8.61165145e+25  9.71792661e+24  8.33253570e+26
   5.07553271e+26 -9.28987418e+24  1.59191771e+27  1.02431703e+27
   7.26415895e+26  5.48290789e+26  7.78336492e+26  6.61714389e+26
   3.69818519e+25]
 [-7.03176806e+26 -8.34128373e+26 -1.20562959e+27 -1.32196723e+26
   2.42803164e+26 -3.86730226e+26  2.03261455e+26  3.68780091e+26
   5.05347256e+26  2.76359253e+26 -3.25169785e+26  1.30821014e+27
   1.28869203e+27]
 [-1.83935953e+27 -9.56802657e+26  5.86591161e+26  2.74510431e+26
  -4.12557741e+26 -9.20362395e+26 -2.95556118e+26 -6.37163414e+25
   7.35839549e+26  5.00860630e+26  3.64068354e+26  1.22588983e+27
   2.81431287e+27]
 [-1.77407942e+27 -9.02153194e+26 -9.45010730e+25 -3.77632902e+26
  -9.99673006e+26 -1.02362869e+27 -1.38059379e+27 -7.05388496e+26
   2.39558447e+24  3.59031918e+26 -2.36072176e+26 -6.84750760e+26
   1.11800878e+27]
 [-1.48716138e+27 -7.56904641e+26  1.67370638e+27  7.21125781e+26
  -2.40578177e+27 -2.18544345e+27 -1.32786483e+27 -1.42211841e+27
   4.50254400e+26  1.58742218e+27 -2.26084762e+25 -1.84907643e+27
  -1.30855717e+27]
 [-1.31504169e+27  2.43776406e+26  3.20597353e+27  2.49102897e+27
  -6.74968858e+26 -9.11576442e+26 -1.20828788e+27 -1.40264687e+27
  -1.03511562e+27  4.80349992e+26 -1.72412216e+26 -1.08466129e+27
   4.86335620e+26]
 [ 3.30388921e+25  6.70534280e+25  2.49687736e+27  2.98398203e+27
   3.76079961e+26 -6.59826409e+26 -5.36082643e+26 -3.30255167e+24
  -5.41236039e+25  4.04973962e+26  1.15483678e+27  6.05422413e+26
  -4.34949722e+26]
 [ 1.61026762e+27  1.31878479e+27  3.01711033e+26 -2.52274723e+26
   4.81295216e+25  8.69495811e+26  1.06606884e+27  2.14312679e+27
   1.20138554e+27  1.49884574e+27  2.31743542e+27  1.27531880e+27
  -2.24416678e+26]
 [ 1.27806002e+27 -6.76555810e+26 -2.12876893e+27 -1.29144299e+27
  -4.76837738e+26  1.04142713e+27  5.53890192e+26 -1.02939133e+27
  -2.69062552e+26  1.20297880e+27  1.88199976e+27  2.06150880e+27
   2.00818710e+27]
 [ 2.64418204e+27  3.53964038e+26 -1.21631466e+27 -9.90445777e+26
  -6.80882049e+26  9.53230721e+26 -5.36890576e+25 -1.69862297e+27
  -1.35381053e+27 -8.57998771e+25 -5.12668606e+26 -1.12633926e+26
   1.38570745e+27]
 [ 3.44307656e+27  5.34909521e+26 -2.40189275e+27 -2.08341702e+27
  -4.44841396e+26 -1.25348702e+27 -1.23373390e+27 -4.07934979e+26
  -1.57353564e+27 -1.94765289e+27 -2.35507141e+27 -1.26898771e+27
   9.18919435e+26]]",-7.053884957023978e+26
Ibn/Icn,1000-3000 days,16,1387.0078142096645,6.123314760337919e+26,"[[-7.82880789e+26 -8.25815793e+26  4.23147182e+26  6.38981102e+26
   2.87904530e+25 -5.34067886e+26 -3.63156386e+26 -3.20255746e+26
   2.44917008e+26  7.58487260e+26  1.10321089e+27  7.54796032e+26
   2.39424270e+25]
 [-5.30381159e+26  7.64638821e+24  6.52253517e+26  1.27223015e+26
  -4.76162789e+26 -5.97206941e+26 -1.27252221e+26 -7.02331040e+25
   6.19778905e+26  1.43292134e+27  1.63280610e+27  5.50599402e+26
  -4.47310282e+26]
 [-1.79896076e+25  6.08559997e+26  2.42258648e+25 -8.08475838e+26
  -6.88297297e+26 -3.72185293e+26 -2.93939787e+26 -1.67883098e+26
  -2.27572716e+26  9.09558056e+26  1.62123986e+27  1.26796395e+27
   9.54782185e+26]
 [-4.10788462e+26  7.91652296e+24  2.06028473e+26  8.18080099e+25
  -6.87175571e+25 -3.52275075e+26 -1.12938908e+25 -4.19621135e+25
  -5.20737720e+26  5.36294887e+25  7.79708542e+26  9.97050204e+26
   9.98907919e+26]
 [-1.63715584e+26 -4.11038201e+26  3.34494094e+26 -9.84168444e+25
  -7.80716418e+26 -5.67414036e+26  2.57032626e+26  4.95902679e+26
   2.88566054e+26  3.88152694e+26  4.61943732e+26  6.77190606e+26
   5.41966743e+26]
 [-3.53816323e+26 -6.99124828e+26 -1.91912768e+26 -1.63231674e+26
  -3.69849972e+26  3.07570942e+26  6.64709052e+26  6.02957456e+26
   6.50474854e+26  8.66042038e+25 -5.25636484e+26  3.31123030e+26
   1.30427045e+27]
 [ 5.29127377e+25  1.46850513e+26  1.49625326e+26  2.30806955e+26
  -1.29740335e+26 -8.56495926e+26 -1.00142106e+27 -2.93409338e+26
   5.41310568e+26  9.55832931e+25 -3.79209929e+26  7.31975809e+26
   1.80004337e+27]
 [ 4.99774558e+26  4.11092230e+26  4.03120665e+26 -2.06171678e+26
  -8.34664389e+26 -1.30662899e+27 -1.42549029e+27 -4.54247531e+26
   7.01204894e+26  2.96054178e+26  2.26875640e+25  1.17434295e+27
   1.14141927e+27]
 [ 4.19650587e+26  5.79823057e+26  1.01867505e+27  3.21646225e+26
   1.45677690e+25  5.95422682e+26  4.74685115e+26 -5.95021249e+25
   5.51398006e+24 -8.36046684e+24  3.83842835e+25  3.58478968e+26
   3.55044786e+26]
 [ 9.89838030e+26  1.44047105e+27  1.19202324e+27  6.51756262e+26
   5.92188786e+26  3.22322308e+26  5.80951228e+26  1.51306311e+26
  -7.29361638e+26 -4.10792476e+26 -5.27440420e+25  1.37246787e+26
   8.74686351e+26]
 [ 3.73380601e+25  1.63422102e+26 -3.65302088e+26  1.86178723e+25
   2.92215329e+26 -2.92101225e+26 -5.16611516e+25  4.17690772e+26
   1.95061533e+26  4.34415406e+26  5.57259469e+26  7.54610332e+26
   1.00986661e+27]
 [-3.06558266e+26 -1.03321407e+27 -2.32168548e+26  3.89113422e+26
   2.37637503e+26 -1.79990632e+26 -7.00348319e+26 -6.59558842e+26
  -1.25056026e+26  4.30386270e+26  1.13211149e+26  5.26177690e+26
   1.04927233e+27]
 [-7.22787423e+26 -7.88790056e+26  8.15574121e+26  1.05128853e+27
  -2.11430588e+26 -5.47331077e+26 -7.23571995e+26 -1.24711610e+27
  -4.95767316e+26  4.71922999e+26  6.41559508e+25  4.64309021e+25
  -4.19776783e+25]]",6.647090520272605e+26
SLSN-I,0-100 days,10,59.26081225015876,1.039166213334018e+28,"[[ 1.89664339e+28  1.38620446e+28  3.56915953e+27  6.10490816e+27
   3.36470211e+27 -7.21107348e+27 -2.32356849e+27  6.52714872e+27
   8.05429305e+27  3.29764082e+27 -1.59767191e+27 -3.70332703e+27
  -1.41771200e+28]
 [ 2.06021646e+28  1.11468141e+28  1.81672044e+28  1.50260293e+28
   2.28466199e+27 -8.71826892e+27 -2.31545339e+27 -6.70488759e+26
  -4.78386190e+27  5.49762458e+27 -3.14246522e+27 -1.26562362e+27
  -5.76815365e+27]
 [ 9.90455250e+27  6.84877913e+27  1.44365490e+28  1.10134583e+28
   4.27325091e+26 -2.25947115e+27  7.25365694e+27  2.76195654e+25
  -4.76533033e+27 -1.91430287e+27 -6.59640398e+27 -1.28604852e+28
  -1.03019392e+28]
 [ 1.07956009e+28  6.34058126e+27  8.85086726e+27  1.01749254e+28
  -4.61056832e+27 -5.80830138e+27 -1.85098512e+26  3.91833550e+25
   6.25851823e+26  1.10830974e+28  1.81208002e+28 -6.65038103e+27
  -5.56047060e+27]
 [ 5.44415803e+27 -8.76597521e+27 -3.37249468e+27 -3.32021262e+27
  -1.11635508e+28 -1.86567378e+28 -1.47568146e+28 -8.52483592e+27
  -9.54113315e+27  1.48132881e+28  1.10284024e+28 -1.65378030e+28
  -2.29639408e+28]
 [-6.41988923e+27 -1.36784650e+28 -8.95696784e+27 -1.37382716e+27
   9.30529545e+26 -9.17174269e+27  1.27791366e+28  8.30633280e+27
  -4.75831521e+27  1.21328153e+28  3.06161659e+27 -1.25553218e+28
  -2.45026471e+28]
 [-2.00702878e+27 -2.47674200e+26 -4.42769064e+27  5.83374365e+27
   6.11683646e+27  4.19196915e+27  3.54791626e+28  2.84697199e+28
   1.30042841e+28  1.13937384e+28  1.29650946e+28  6.83488125e+27
  -3.97427628e+27]
 [ 8.16845845e+27  8.75421865e+26 -8.68071479e+27 -4.64806151e+27
  -9.71742119e+27  4.60491252e+27  2.09102540e+28  2.97083428e+28
   2.03104019e+28  6.05446893e+27  8.94769708e+27 -5.90713100e+26
   2.56340046e+27]
 [ 1.25909098e+28  1.00476027e+27 -2.76188353e+27 -1.12460558e+28
  -8.34327968e+27  1.38299022e+28  1.75103467e+28  2.11429720e+28
   9.91603546e+27  4.89644110e+27  5.96390352e+27 -5.05885056e+27
   9.92045089e+27]
 [ 7.28179423e+27  6.10654370e+27  5.02533833e+26 -6.80133461e+27
   7.34969988e+27  1.94635566e+28  2.56480032e+28  9.87423091e+27
   1.19861796e+26  9.04843282e+27  1.17971132e+28  1.25740332e+28
   1.58853843e+28]
 [-8.44659254e+27 -2.15972653e+27 -3.38001652e+27 -3.98704951e+27
  -8.85495367e+26  8.26475141e+26  1.40744599e+28  1.36601986e+28
   1.36308723e+28  1.36944483e+28  1.94241131e+28  3.66790029e+28
   2.71216013e+28]
 [ 9.19108460e+27  1.23336199e+28  1.64148516e+28  5.13310214e+27
  -7.54986931e+27 -1.73044047e+28 -8.82126157e+27  1.22293064e+28
   1.73012156e+28  4.47423818e+27  5.03955016e+27  2.33585177e+28
   2.01680163e+28]
 [ 2.39651582e+27  8.32623166e+27  1.62548281e+28  1.00876672e+28
  -2.57588399e+26  2.68572830e+27  2.91853036e+27  9.46141692e+27
   1.58296111e+28  6.79208858e+27 -1.96928885e+27 -2.94373148e+27
   1.49841980e+27]]",3.5479162644434668e+28
SLSN-I,100-300 days,20,196.22712725921374,5.771277605856722e+27,"[[ 8.13605094e+27  1.70651930e+27  4.27405778e+27  8.44605611e+27
   2.36153577e+27 -3.32342080e+27 -5.99997754e+27 -1.14161064e+28
  -5.20018958e+27 -7.52419085e+24 -6.76796915e+27 -4.35481591e+27
  -1.45914606e+27]
 [ 5.54588848e+27  2.36439544e+27 -3.88600547e+26 -2.65147323e+25
  -5.36417143e+27 -1.45339632e+28 -1.51299480e+28 -9.77513175e+27
  -5.48095198e+26  4.83819200e+27 -4.81932487e+27 -6.76856145e+27
  -2.61106924e+27]
 [-4.87844517e+26 -1.21288523e+27 -2.87646522e+27  4.37944382e+27
   2.30218093e+27 -1.00602720e+28 -9.23671125e+27  4.32049982e+26
   2.92085945e+27 -8.33059604e+26 -3.68455161e+27 -9.00148726e+27
  -9.25908508e+27]
 [ 4.53659364e+27  3.69653272e+27  8.98151168e+27  1.64468789e+28
   1.04646661e+28 -1.29597371e+27 -3.01730987e+26  2.38927227e+27
  -4.31903631e+27 -8.69693148e+27 -4.36723600e+27 -3.39184146e+27
  -6.56909236e+27]
 [ 1.27054511e+27 -2.48525391e+27  8.20769070e+26  3.83220396e+27
   1.27547879e+27  4.48225730e+27  6.47399896e+27  3.76871581e+27
  -2.13355331e+26 -2.97171573e+27 -2.73057088e+26  1.10526169e+27
   4.67908042e+27]
 [-5.41052626e+27 -7.67590429e+27 -8.38321985e+27 -1.46138387e+28
  -9.43019119e+27  4.97871139e+27  6.02604900e+27  1.81356114e+27
   6.70666654e+27  6.04244713e+27  1.23430299e+26  5.01008069e+26
   7.23289740e+26]
 [-1.47538977e+28 -8.95340420e+27 -5.75052928e+27 -9.19305206e+27
  -7.30630313e+27 -4.27565347e+25  2.63165838e+27  2.34833154e+27
   5.02155360e+27  8.29161059e+27  7.95034810e+27  8.39536482e+27
   1.08658608e+27]
 [-8.93641058e+27 -1.92746156e+27 -3.38343906e+26  5.20537803e+27
   1.53269229e+27 -2.06035840e+27  2.43966230e+27  6.83655021e+27
   4.29118079e+27  9.06615732e+27  9.51651580e+27  6.68147419e+27
   1.30722952e+27]
 [-2.40763140e+27  2.82505701e+27  5.29896169e+27  8.58490816e+27
  -6.07628539e+26  6.88817296e+25  3.26823189e+27  1.37417376e+27
   2.64770702e+27  5.05801592e+27 -4.21966372e+27 -1.62595021e+27
   1.89674119e+27]
 [-8.55312131e+26 -6.79231466e+24 -5.69867852e+26  9.32018201e+26
  -4.38312661e+27  4.57591734e+27  5.08554629e+27 -4.16160415e+26
   3.48778395e+27  6.47853216e+27 -2.03447814e+26  1.84215565e+27
   5.13328774e+27]
 [-8.10302552e+26 -6.34398387e+27 -8.36390866e+27 -1.02532861e+28
  -3.77343855e+27  9.22590246e+27  2.47043338e+27 -5.83381040e+27
  -1.66400755e+26  5.94025245e+27  5.51323228e+27  5.60583097e+27
   2.49043248e+27]
 [-1.09147888e+27 -4.67480483e+27 -3.67037528e+25 -4.88580861e+26
   1.35274436e+27  7.08498716e+27 -3.10749728e+26 -6.53368644e+27
   1.36140171e+27  1.91705188e+27  3.48462030e+27  9.89518812e+27
   4.14650503e+27]
 [ 3.50405390e+27  2.19725208e+27  6.36070691e+27  6.51619663e+27
   3.76500495e+27 -8.40195549e+26 -1.11352569e+27 -4.16758428e+26
  -3.64683086e+26 -2.52010910e+27  5.67497988e+26  1.62615886e+28
   1.14904442e+28]]",6.836550208587614e+27
SLSN-I,300-500 days,15,386.56676072804277,1.2622040206487803e+28,"[[-5.99540505e+27 -5.33742384e+27 -1.73757031e+27 -7.88362063e+26
  -1.45370007e+27 -5.03902101e+27  2.87254811e+27 -9.91008554e+27
  -1.96168473e+28 -3.12657184e+27  7.54424634e+27  1.03612282e+28
   1.59489011e+28]
 [ 7.43138664e+27 -1.01161663e+27 -8.09542601e+26  1.73327210e+28
   1.82122666e+28 -3.14848329e+27  8.31098679e+26  3.06230588e+27
   7.65892698e+27  8.95225760e+27 -1.33375126e+27  2.31158467e+26
   6.33673315e+27]
 [ 1.31280383e+28  6.79255580e+27  1.08197971e+28  2.49459633e+28
   2.32024344e+28  3.19196681e+27  3.22099327e+27  1.37382942e+28
   2.15758289e+28  1.93790924e+28 -3.33236480e+27  4.84709699e+27
   1.85789301e+28]
 [ 1.14172099e+28  4.74420257e+27  1.25392484e+28  2.81350492e+28
   2.07736245e+28 -6.21366641e+26  3.14879878e+27  1.14707687e+28
   2.12960305e+28  1.10949357e+28 -1.09850038e+28  2.19697234e+27
   2.44856145e+28]
 [ 1.99974380e+28  1.91968627e+28  1.65716227e+28  2.33735773e+28
   1.55332280e+28  3.97038336e+27  1.67336679e+28  2.22986515e+28
   1.40322520e+28  3.48771001e+27 -1.09722280e+28 -2.85389540e+27
   1.96452968e+28]
 [ 2.06091570e+28  1.98341389e+28  2.04623296e+28  1.13458641e+28
   3.33900442e+26  1.22185742e+27  3.19578564e+28  3.22183472e+28
   7.15594447e+27 -3.57272922e+27 -1.37207785e+28 -1.03807205e+28
  -5.71220074e+27]
 [ 1.88639643e+28  2.33344423e+28  1.78154974e+28  5.51024074e+27
  -8.78622674e+27 -1.76201863e+27  2.48694020e+28  1.69094466e+28
   8.86426996e+27 -2.04556861e+26 -1.11250582e+28 -7.19733205e+27
  -6.51220233e+27]
 [ 1.27886327e+28  1.59803856e+28  1.60546402e+27 -6.90826121e+27
  -8.74982322e+27  1.32680969e+27  1.61571955e+28  1.21645547e+28
   4.78899762e+27  8.08324612e+27  3.60628514e+27 -2.56255176e+27
  -4.28953863e+27]
 [ 1.19301011e+28  1.05400477e+28 -3.59342295e+27 -1.23834837e+28
  -6.91368364e+27  3.05916526e+27  2.75238672e+28  2.03891609e+28
   5.28854362e+27  1.93189522e+27 -9.50120784e+27 -1.32015795e+28
  -8.18325554e+27]
 [ 2.37634210e+28  2.30193964e+28  1.05286459e+28  4.77913793e+26
   1.45293191e+27  1.57528067e+28  2.33687959e+28  1.23096045e+28
   9.41407074e+27  9.54974877e+26 -2.43480989e+28 -2.89708718e+28
  -1.00274515e+28]
 [ 1.76915436e+28  1.70009962e+28  9.40310172e+27  2.42445780e+26
  -2.52824206e+27  1.47331002e+27  3.74714289e+27  7.38061160e+27
   1.30494797e+28  9.17290929e+27 -1.89291592e+28 -2.68782934e+28
  -1.53869023e+28]
 [-3.97840667e+26  3.85596717e+27 -2.73947218e+27 -1.11702838e+28
  -1.18812901e+28 -6.51890065e+27 -6.13545426e+27  4.32116652e+27
   1.67804789e+28  9.71615915e+27 -1.63098193e+27 -4.65490776e+27
  -1.53093081e+28]
 [-1.57464221e+28 -1.96197322e+28 -2.33714922e+28 -2.23991405e+28
  -9.11411999e+27  3.16805366e+27 -7.02688406e+27 -1.01990567e+28
  -1.83352543e+27  1.26497001e+28  1.28555833e+28  5.54032715e+27
  -1.23609717e+28]]",3.221834719256267e+28
SLSN-I,500-800 days,22,657.7709586903801,5.746461359764295e+27,"[[-7.32002202e+26 -1.88828332e+27  1.97291089e+27  5.39273832e+27
   2.23941727e+26  1.36036366e+28  1.14739618e+28  1.27924099e+28
   3.61763029e+27  2.37890563e+27  2.27196644e+27  8.91545047e+27
   1.34072344e+28]
 [-4.28427805e+26 -1.48057230e+27  4.83860873e+27  5.77005501e+27
  -1.10682499e+28  4.13695960e+26  8.65986946e+27  5.20427783e+27
  -5.93457941e+27 -3.41483376e+27 -1.90134107e+27  3.91366674e+27
   7.46509955e+27]
 [-8.48429890e+26 -1.16442367e+27  7.71853986e+27  4.19968743e+26
  -1.17828042e+28  3.01589993e+27  1.95150281e+27  4.02610559e+27
   4.13340646e+27  2.05234404e+27  4.09355488e+27  6.84009333e+27
   3.25141521e+27]
 [ 2.77936313e+27 -2.07209564e+27  3.03239700e+27 -4.51101847e+27
  -9.58639472e+27  3.60177597e+27 -4.57125723e+27 -5.04067568e+27
  -1.66006448e+27  1.52555902e+27  4.57537076e+27  4.06784123e+27
   2.36822148e+27]
 [ 5.48135827e+27 -5.46342963e+27  6.70098781e+27  6.59959148e+26
  -1.60258823e+28 -5.16691344e+27 -2.48297276e+27 -5.88176386e+26
   5.43777379e+27  9.84277685e+27  8.41567128e+27  5.24252241e+26
  -3.28836930e+27]
 [ 1.10029999e+27 -4.48808838e+27  8.92633996e+26 -3.86742160e+27
  -1.40796038e+28 -8.76204209e+27 -1.06715339e+28 -1.49453069e+28
  -5.43526093e+27  6.64224969e+27  1.01794025e+28  1.09429031e+27
  -6.77517819e+26]
 [ 7.07138170e+27  5.00958616e+27  9.32809854e+27  5.52787739e+27
  -3.91335346e+27 -6.40154003e+27 -5.37833833e+27 -1.05203348e+28
  -5.87185351e+27  5.08707515e+27  9.23592815e+27  5.07231841e+27
   3.80657227e+27]
 [ 6.59660156e+27  2.87480537e+27  1.11477488e+28  1.09659853e+28
   1.11388929e+28  9.28604920e+27  6.14281568e+27  5.58329427e+27
   8.44821572e+27  5.89457064e+27  2.96879302e+27  1.43182778e+27
  -1.97118501e+27]
 [ 4.45795228e+27  5.14701924e+26  3.93526048e+27  7.00520554e+27
   1.00975377e+28  2.98051001e+27  1.35458151e+27  4.07618309e+27
   4.72823868e+27  3.94159966e+27  2.94648448e+27 -5.31507560e+27
  -7.60735584e+27]
 [-6.34192851e+27 -6.92951348e+27 -5.20633206e+27 -3.19560625e+27
  -2.14390211e+27 -6.59264608e+27 -3.66034347e+27 -5.44975141e+27
  -4.19180679e+26  5.25472091e+27  3.73642946e+27 -5.65098612e+27
  -1.09662351e+27]
 [ 3.03404287e+27  3.43184401e+27  5.82780871e+27  3.17378471e+27
   3.68531924e+27 -4.95047831e+27 -3.50825272e+25  3.68279094e+27
   1.83767299e+27  2.07380865e+27  2.97794508e+27 -3.42000304e+27
   4.38789236e+27]
 [ 1.53773753e+27  8.26450710e+27  1.17462221e+28 -1.25682119e+27
  -2.14998400e+26 -7.57156708e+27 -5.36858953e+27  4.38056092e+27
   3.74449337e+27  3.50697801e+27  5.74537193e+27  2.88586450e+26
   6.92613530e+27]
 [-2.25964267e+27  1.68879188e+27  6.20651687e+27 -5.94151980e+27
   1.64272268e+27  2.07995414e+27  1.96976790e+27  7.12139257e+27
   7.10836662e+27  1.62276143e+27  5.56528995e+27  3.59312398e+27
   2.77249885e+27]]",9.286049202244366e+27
SLSN-I,800-1500 days,36,1093.175344240801,4.8164726742932395e+27,"[[ 3.12673387e+27 -4.19045539e+25  3.12197779e+27  1.21410917e+28
   9.24870694e+27  5.40679978e+27  2.87328275e+27 -4.02390120e+27
  -7.89254066e+27 -9.82136797e+26 -2.27932176e+27  2.42147856e+27
  -3.72654583e+27]
 [ 3.07952549e+27  1.02624224e+27  3.65482793e+27  1.15900273e+28
   9.72196564e+27  5.28220372e+27  6.98180739e+26 -4.71703881e+27
  -2.20073305e+27  2.82407032e+27  1.47876524e+27  3.23598885e+27
  -9.23788331e+26]
 [ 2.06525868e+27  7.04810521e+27  6.11854304e+27  9.32590037e+27
   6.17213540e+27  4.71122661e+27  3.74372692e+27  4.67921835e+27
   1.00049834e+28  1.54288759e+28  1.14638477e+28  3.14724400e+27
   5.98523031e+26]
 [-1.35520476e+27  5.46732043e+27  6.96878226e+26  1.02897700e+27
   1.35416655e+27 -8.45919037e+26  1.67304099e+27  3.99648958e+27
   4.37741380e+27  1.22490002e+28  1.03159262e+28  5.50068897e+27
   3.20990545e+27]
 [ 9.89385759e+26  6.45084847e+27 -2.72088231e+27 -1.83601632e+27
  -3.18014561e+27 -3.21920767e+27  2.16326552e+27  3.59576689e+27
   2.50833635e+27  4.37837620e+27  2.40305770e+27  8.04718803e+26
   3.36249060e+26]
 [ 5.34464154e+27  1.14649385e+28  2.90931492e+27  4.13310623e+27
   1.79669635e+27  1.25306622e+27  5.15893043e+26 -4.12608272e+26
  -6.21680171e+26 -1.23890231e+27 -2.70363396e+27 -6.63050835e+27
  -8.26026708e+27]
 [-2.47524817e+27  5.61431441e+27  1.45098578e+27 -2.67875450e+26
   8.35270319e+27  1.34500848e+28  8.83940873e+27  2.60870133e+27
  -2.83360758e+26 -3.54467457e+27 -1.18130633e+27  5.97738222e+26
  -4.54398050e+27]
 [ 9.32259663e+26  5.01524421e+27 -2.15213821e+27 -3.26690455e+27
   5.68036378e+27  1.04408976e+28  9.93522208e+27  9.98344505e+27
   3.70842474e+27 -7.01920764e+27 -3.08609064e+27  7.47910174e+27
   7.70430153e+27]
 [ 5.05488111e+27  4.93282203e+27  8.94315652e+26 -1.86646068e+27
   7.24114775e+26  4.28620150e+27  4.03947290e+27  7.21045123e+27
   3.15218059e+27 -6.87977019e+27 -6.37700390e+27  1.11621905e+27
   2.09305413e+27]
 [-3.28657474e+27 -6.22864493e+27 -3.84341841e+27 -2.10684560e+27
  -7.43080672e+26  4.50473826e+26  1.22738328e+27  6.12695185e+27
   3.03634562e+27 -9.70292183e+26  2.34062137e+27  2.81524112e+27
  -3.05900654e+27]
 [-9.65646323e+26 -2.79412228e+27 -2.59288121e+27 -3.15089185e+27
   8.49698347e+26  1.50588034e+27  4.63098329e+26  6.56193627e+27
   6.70668145e+26 -6.88835938e+27  1.62310730e+27  2.83325457e+27
  -1.13041368e+27]
 [ 2.41056379e+27  4.75230124e+27  3.24325037e+27 -4.78972056e+27
  -3.09472418e+27  1.14327724e+27  3.03679395e+27  2.53676361e+27
  -3.67567492e+27 -1.09006743e+28 -8.63084388e+27 -3.16753830e+27
   1.03915647e+27]
 [ 7.18326756e+26 -1.98757581e+27 -8.44733110e+27 -6.70950036e+27
  -5.55846167e+27 -4.58318536e+26  2.84593857e+27 -2.43462113e+27
  -2.60639945e+27 -3.50388957e+27 -8.47739164e+27 -7.79498821e+27
  -1.51472665e+27]]",1.3450084828863918e+28
SLSN-I,1500-3000 days,13,1679.73463735891,9.388979349224529e+27,"[[-1.44612823e+28 -1.80610501e+28 -8.47775911e+27  3.10486112e+27
  -6.99139355e+26 -4.43418862e+27 -7.64780478e+27 -1.12130007e+27
  -6.71638754e+27 -1.42188146e+28 -5.54873360e+27  1.02816344e+27
   1.78112062e+27]
 [-5.39356185e+27 -1.04450884e+28 -3.24789417e+27  3.64307690e+27
  -3.93079505e+27  2.44686413e+27  1.45795283e+27 -2.60543553e+27
  -9.70626322e+27 -2.49866258e+27  5.56295811e+27  3.51888793e+27
   9.52595337e+27]
 [-8.20721628e+27 -1.25792578e+28 -9.90636225e+27  1.22688335e+27
   1.78244077e+27  1.07522433e+28  1.41097123e+28  9.75373249e+27
   4.18577849e+26 -4.35775993e+27  6.58665331e+27  8.48796753e+27
   3.30976417e+27]
 [-1.82568332e+27 -5.66971652e+27 -1.10815414e+28  1.07493353e+27
   1.12121138e+28  8.62976299e+27  1.04614679e+28  1.53270868e+28
   1.43603953e+28  5.17567206e+27  7.64349681e+27  8.86474885e+27
   4.04762175e+27]
 [ 4.30590374e+27  2.76153229e+27 -2.29858645e+28 -3.46126726e+27
   2.33596063e+28  1.31838253e+28  4.35053384e+27  4.64795928e+27
  -4.81474518e+27 -5.74588468e+27  5.21940607e+27 -2.73428716e+26
   3.42697401e+26]
 [ 2.77744488e+27 -6.48302201e+27 -8.76514324e+27  1.66435591e+28
   2.77246760e+28  1.97516586e+28  1.83267610e+28  1.63220888e+28
   6.18821529e+27 -1.11281459e+27 -1.55265653e+27 -1.25250167e+28
  -1.06724265e+28]
 [ 2.45187246e+26  4.03926869e+27  1.37466487e+28  1.71310101e+28
   1.45832971e+28  1.43126420e+28  1.59070633e+28  1.10273433e+28
   1.82965791e+28  1.89347014e+28  6.40559377e+26 -8.56728707e+27
  -8.27498691e+27]
 [ 9.53650096e+26  2.33906317e+27  2.52168021e+27  2.39174388e+27
   4.77175241e+27  1.51219237e+28  9.23324764e+27 -6.71166446e+27
   7.15705245e+27  1.18265121e+28  5.30281949e+26  1.18101072e+28
   2.44917891e+27]
 [-1.34156968e+27 -5.25140302e+26 -3.32684294e+26  6.98979929e+26
  -1.01680728e+27  1.03779302e+28  5.58423164e+27 -5.48870633e+27
   4.45000655e+27  8.50899093e+27  8.67080536e+27  1.98028138e+28
   7.72209894e+27]
 [ 1.44855495e+27 -1.32866806e+28 -6.19068944e+27  6.18889840e+27
  -7.71894920e+27  1.10459684e+28  2.30401352e+28  4.59716514e+27
  -1.08536552e+27  2.04628090e+28  1.73413094e+28  9.04515181e+27
   1.08094632e+28]
 [ 6.21303329e+26 -6.08814169e+27 -2.93347657e+27  5.54233127e+27
   4.95417044e+27  1.74835525e+27  8.97811605e+27  1.47004606e+28
   1.68340452e+27  9.11474953e+27  1.34460369e+28  5.38689591e+27
  -4.00141907e+27]
 [ 2.32112158e+27  3.11228623e+27  8.34643040e+27  2.12344490e+28
   1.34324339e+28 -1.64027948e+28 -7.93608663e+27  1.88209492e+28
   1.16625111e+28  1.73447308e+27  5.40037582e+27  2.24373014e+27
  -5.85125635e+27]
 [ 1.36671380e+27  4.21665357e+27  1.18526556e+28  1.51709527e+28
  -7.88380298e+26 -2.21852989e+28 -9.34042293e+27  1.06198000e+28
   9.98667892e+27  4.10942252e+27  8.55899716e+24 -6.33589994e+27
  -9.95625146e+27]]",1.9751658649044196e+28
SLSN-II,0-100 days,4,77.45164037294663,1.681406707349842e+28,"[[ 8.77031074e+27  2.57366827e+28  8.87986513e+27 -1.46253207e+28
   7.68546793e+27  8.07775382e+27 -5.65274627e+27 -1.27987631e+28
  -6.52657338e+27 -5.25866583e+27 -2.99628946e+27 -5.83109398e+26
  -1.57098386e+28]
 [ 6.51225635e+27  6.32944481e+27 -1.18944989e+28 -8.38099041e+27
   1.80689789e+28  1.85003700e+27 -2.78383756e+28 -2.49322945e+28
  -1.25948513e+28 -7.63914913e+27 -1.92856133e+28 -1.55310290e+28
  -2.82073865e+28]
 [-8.11356814e+27 -1.01403340e+28 -3.00876435e+28 -1.87015407e+28
  -1.83068941e+28 -8.31679761e+26  8.51038489e+27  2.10548750e+28
   2.92820529e+28  1.40672796e+28 -8.31482171e+27 -1.52348106e+28
   2.97351090e+27]
 [-3.05011541e+28 -2.55987210e+28 -1.17849935e+28 -8.96773024e+27
  -1.73436041e+28 -1.40405861e+27  2.14766950e+28  1.66398608e+28
  -1.36739279e+28 -9.60332888e+27 -2.10237877e+28 -1.08370949e+28
   2.13058809e+28]
 [-2.35366675e+28  3.26661470e+27  2.22184013e+27  7.68240752e+27
   5.15112998e+27 -1.81442203e+28 -1.92610025e+28 -2.11043110e+28
  -1.69451444e+28 -5.98784552e+27 -2.39852900e+28 -1.72930480e+28
  -4.00708404e+27]
 [-2.57427391e+28 -1.25127108e+28 -8.14525356e+27  1.47519758e+27
   2.87127493e+27  6.41872573e+27 -1.95244616e+27 -2.48785554e+28
  -1.14273975e+28 -1.38438992e+28 -2.64683926e+28 -2.80875490e+28
  -2.83242856e+28]
 [ 1.58834402e+28 -1.48297309e+27 -3.57090127e+27 -1.22650865e+28
  -1.38064069e+28  7.00492088e+27 -1.63969899e+28 -3.57889536e+28
  -4.78675501e+28 -4.06364305e+28 -1.44536035e+28 -7.88817135e+27
  -2.02200547e+28]
 [ 5.22150358e+27  8.14527483e+27 -1.12865878e+26 -9.67451681e+27
   5.29819864e+27  2.22038049e+27 -1.69105634e+28 -3.01220663e+28
  -5.58674587e+28 -4.95904426e+28 -2.79815220e+28 -1.91369338e+28
  -1.08624236e+28]
 [-1.12105860e+28 -1.03678468e+28  1.63313321e+27  3.17184196e+28
   1.76038560e+28  1.71026129e+27  1.94684547e+28 -1.54274507e+27
  -3.97453370e+28 -3.75601980e+28 -2.78698093e+28 -3.89596511e+28
  -3.06548849e+28]
 [ 1.30563093e+28 -7.66547338e+27  2.67943365e+28  5.40917173e+28
   2.93943399e+28  8.48354617e+27  1.31670371e+28  2.49311149e+27
  -9.39622474e+27 -3.31737833e+26 -4.10616164e+27 -1.68397674e+28
  -1.72577481e+28]
 [ 1.79614479e+27  6.47408381e+27  2.17041239e+28  9.75375198e+27
  -4.94954243e+27 -1.93929094e+28 -1.86322760e+28 -1.89291704e+28
  -1.81836835e+28  6.94352171e+27 -6.85194830e+27 -2.51496650e+28
  -2.76041658e+28]
 [ 6.64685613e+27  1.30819023e+28 -1.46204487e+28 -2.39063164e+28
  -4.36165341e+28 -4.13361741e+28 -2.78570630e+28 -2.04183166e+28
  -2.12932401e+28 -2.58621612e+28 -1.32934104e+28 -2.25308255e+28
  -1.14003880e+28]
 [ 1.58103121e+28 -9.19938256e+26 -1.06302585e+28 -1.81358047e+26
  -9.37443793e+27 -3.13298428e+28 -4.77533217e+28 -2.79610934e+28
  -1.38729462e+28 -3.35622940e+27  1.19011014e+27  6.86173032e+27
   1.39602447e+28]]",7.004920883426129e+27
SLSN-II,100-300 days,6,189.27254941618241,2.6136173540738592e+28,"[[ 4.98950034e+27  1.93566755e+28  5.43343033e+28  1.82403171e+28
   4.28907981e+27  2.62171847e+28 -1.75049035e+28 -7.30477937e+28
  -6.04130772e+28 -2.08859123e+28  1.20486331e+27  3.47409239e+28
   9.63200600e+27]
 [ 3.09255900e+28  7.48187870e+28  5.61220064e+28  1.41629333e+28
   4.03275729e+27  1.52814152e+28 -1.97082716e+28 -4.74625013e+28
  -1.91187847e+28  1.61239546e+28  4.07280676e+28  4.72632415e+28
  -1.43186932e+28]
 [ 2.74195529e+28  3.72132130e+28  2.62118021e+28  2.19403715e+28
   2.04718010e+28  8.31202164e+27 -1.33216029e+28 -7.57097155e+27
   2.53911441e+28  4.31306009e+28  6.09277113e+28  7.28107861e+28
   3.65688860e+28]
 [-3.02903806e+28 -2.07183544e+28 -3.51796413e+27  1.99239859e+28
   2.71688741e+28  1.21378990e+28  1.57565675e+28  2.58111444e+28
   4.67443294e+28  4.79125351e+28  2.53955022e+28  3.51537014e+28
   2.89434241e+28]
 [-2.62137857e+28 -2.80287612e+27  1.48794240e+28  4.36866400e+28
   3.31402716e+28 -1.98153691e+27  2.45776425e+27  2.74828387e+28
   6.03604285e+28  4.51072667e+28  1.11684474e+28  1.11109057e+28
  -4.27724423e+27]
 [ 7.77711934e+27  2.50370878e+28  1.89743770e+28  2.43359089e+28
   2.64599492e+28 -1.06437257e+28 -1.62138432e+28  2.22827011e+28
   6.34226501e+28  3.42818274e+28  2.28988499e+26  1.14189247e+28
  -9.94817484e+27]
 [ 2.99912201e+28  2.38177936e+28  6.11631058e+27 -9.98248810e+27
  -9.85831433e+27 -2.06712538e+28  7.90512601e+27  4.16195128e+28
   6.39316083e+28  2.95406466e+28  1.40161932e+28  2.91300619e+28
  -2.22665441e+27]
 [ 1.68108857e+28 -7.85148332e+27 -1.25844336e+28 -3.71386910e+28
  -3.54238004e+28 -1.82931059e+28  3.12566114e+28  4.35888434e+28
   2.94128624e+28  2.35573662e+28  3.57116249e+28  2.09005459e+28
  -8.50932600e+26]
 [ 1.89078274e+28  9.65144710e+27 -3.76493805e+27 -2.20397197e+28
   4.48125524e+27  2.38926582e+28  5.45593524e+28  4.20007845e+28
   2.47318496e+28  2.78841165e+28  1.72200715e+28  5.44549345e+27
  -1.72761553e+28]
 [ 5.19612496e+28  4.00740503e+28  1.73253529e+28  4.29198475e+27
   1.65151642e+28  3.89827536e+28  4.40279356e+28  2.05989571e+28
   3.60030967e+28  2.81579564e+28  2.08547819e+28  4.09468277e+28
   1.65309957e+28]
 [ 1.18830623e+28  1.96596026e+28  2.73327926e+28 -5.90052437e+27
  -2.34954896e+28 -5.09182847e+27  2.09580428e+28  2.51351847e+28
   1.46910007e+28  5.32457866e+27  2.73265892e+28  5.56036374e+28
   4.23966108e+28]
 [-3.57148625e+28 -1.24975855e+27  2.17876158e+28 -4.49533044e+27
  -1.01286419e+28  1.40878721e+28  5.47110598e+28  4.98921290e+28
   1.36803538e+28 -4.98864852e+27 -3.28806074e+27  8.08331013e+26
   3.06933120e+28]
 [-6.45167894e+26 -1.02477571e+26  1.10060893e+28 -8.37809440e+27
   2.04894229e+28  6.60091725e+28  4.11160619e+28  9.13378193e+27
   2.31992084e+28  1.55988109e+28 -4.98400828e+28 -5.63368270e+28
   2.75909167e+28]]",4.358884338966449e+28
SLSN-II,300-500 days,14,393.7464451179354,1.0475062502893913e+27,"[[-1.67609867e+27 -1.17211916e+27 -1.22635627e+27 -1.44435766e+26
   1.35281702e+27 -1.65590076e+26  4.09154566e+26  6.52264554e+26
   1.66914593e+27  2.37431056e+27  2.41611307e+27 -3.34216412e+26
  -1.65871454e+27]
 [-2.14486408e+27 -1.83439451e+27 -1.22435014e+27 -3.99621504e+26
   9.75874138e+26  6.03889828e+26  8.74892978e+26 -1.55736271e+26
   1.20184395e+27  1.04693444e+27  4.71322475e+26 -8.70736359e+26
  -1.13743918e+27]
 [-2.15284517e+27 -1.12657175e+27 -7.04830852e+26 -8.08602563e+26
   1.07533705e+27 -3.14923217e+26 -9.93488016e+26 -3.88363904e+26
   8.70549923e+26 -6.95057310e+26 -5.11761370e+25 -2.20942742e+26
  -1.35593562e+27]
 [-1.85415623e+27 -1.85551642e+26 -5.29468866e+26 -4.69625821e+26
   1.42512041e+27 -1.82842797e+27 -2.25641554e+27 -8.18843423e+26
  -2.46143600e+26 -5.25039825e+26  1.15824413e+27  5.21053295e+26
  -1.34139853e+27]
 [-1.39597123e+27  1.03946924e+27  8.84138089e+25 -5.49957398e+26
   4.96945743e+26 -2.02882654e+27 -1.38069984e+27 -6.72714206e+26
  -6.73849060e+26 -1.58668255e+26  1.05698033e+27  6.71910425e+26
  -8.35078008e+26]
 [-9.86120200e+26  1.10305939e+27  6.43981299e+26 -9.51870765e+26
  -7.26463584e+26 -1.26242309e+27 -3.73662574e+26  4.17978000e+26
   3.94089463e+26 -2.76569711e+26 -3.27637656e+26 -2.10824573e+26
  -1.01437530e+27]
 [-3.72411469e+26 -2.66775983e+26  1.29868038e+26 -4.57929702e+25
  -1.47078035e+26 -9.35434599e+26 -3.85747885e+26  5.39225922e+26
  -6.88427913e+26 -1.11415974e+27 -4.76950284e+26 -1.12919008e+27
  -1.45605165e+27]
 [-9.02263513e+26 -1.23893225e+27 -4.77946841e+26  3.92807184e+26
   4.80745227e+24 -1.45611402e+27 -9.32150493e+26  1.40781973e+26
  -2.74804563e+27 -2.98746939e+27 -8.21307981e+26 -8.08590954e+26
  -1.73699765e+26]
 [-2.18147289e+27 -1.55295275e+27  4.71776250e+26  3.01226240e+26
  -1.26330559e+27 -1.14650055e+27  2.53485842e+26  8.63225714e+26
  -2.73302972e+27 -4.07407064e+27 -1.86949630e+27 -3.69980714e+26
   1.24018868e+27]
 [-1.34810007e+27 -1.42594260e+27  6.34561500e+26  2.29672056e+26
  -1.44092760e+27  3.70211625e+25  1.27336067e+27  1.11442189e+27
  -1.84330835e+27 -3.56835422e+27 -1.66372414e+27 -7.17653696e+26
   5.16548301e+26]
 [ 6.71297781e+26 -2.17822551e+26 -4.61813319e+26 -4.25115415e+26
   9.13960818e+25  1.72328630e+27  1.22370451e+27  4.13624843e+26
  -1.52060989e+27 -2.72542806e+27 -7.87782817e+26 -7.26819402e+26
  -7.46821842e+25]
 [ 5.68915779e+26  4.88824827e+26 -6.46211278e+26 -1.09966135e+27
   9.33370294e+25  1.90023118e+27  1.22874525e+27 -2.92524526e+26
  -1.34106284e+27 -2.13878943e+27 -1.07223096e+27 -7.29430870e+26
   2.34405711e+26]
 [-6.68142087e+26 -5.26064728e+26 -9.26074595e+26 -8.98862534e+26
  -5.67143116e+26  6.54751016e+26  1.29984616e+27 -3.52739418e+26
  -1.59196862e+27 -1.90859634e+27 -1.27439387e+27 -7.73827110e+26
   5.80746665e+25]]",5.39225922025922e+26
SLSN-II,500-800 days,16,635.5650342336719,2.211053105222544e+28,"[[-4.58912938e+28 -3.42032223e+28 -2.41631962e+28 -1.88941563e+28
  -1.01231384e+28  1.72293988e+28  6.48426098e+27 -2.95064448e+28
  -3.96486492e+28 -3.38330514e+28 -5.97684271e+27  9.85916158e+27
   7.59175480e+27]
 [-3.29719107e+28 -3.49031049e+28 -2.82551464e+28  3.05292143e+27
   6.49466449e+27  1.57502584e+28  7.18011486e+27 -2.52140249e+28
  -1.71891948e+28 -5.76675394e+27  7.09271870e+26  7.68349824e+27
   1.31334292e+28]
 [-3.97387935e+28 -5.78238314e+28 -4.68706405e+28 -5.33139222e+27
   5.94346336e+27  7.85448874e+27  8.26698089e+27  2.97927406e+27
  -2.31757659e+27  6.96352719e+27  1.70464927e+28  2.27018567e+28
   6.32398242e+27]
 [-3.30098791e+28 -4.84801094e+28 -4.57371493e+28 -3.16538140e+28
   3.53163039e+27  3.06335621e+26  5.18559498e+27  1.60361636e+27
  -1.98897176e+28 -7.07536049e+27  1.29047642e+28  1.95348035e+28
  -1.05283924e+28]
 [-1.43551157e+28 -2.35422017e+28 -3.57557190e+28 -1.54511809e+28
   8.75563639e+27  4.39127577e+27 -5.41343967e+27 -2.62821612e+28
  -3.35959120e+28 -3.15378291e+28 -8.62311224e+27  2.13217812e+27
  -1.13797112e+28]
 [ 4.86788703e+26 -1.32193342e+28 -2.32484145e+28 -1.84382796e+28
   2.20297459e+27  1.15486676e+28 -4.15925800e+27 -2.40774569e+28
  -2.37832448e+28 -3.92656719e+28 -3.02523510e+28 -1.32226102e+28
  -4.83760584e+27]
 [ 1.12648341e+28 -2.03085392e+28 -2.77464251e+28 -1.35262562e+28
   1.25429335e+28  3.59146777e+28  3.50840407e+28  1.82575282e+28
  -1.73301577e+28 -2.58929260e+28 -2.40464630e+28 -2.82878014e+28
  -1.59660236e+28]
 [-1.52463996e+27 -1.22643702e+28 -2.16750275e+28  3.59772786e+27
   1.79141966e+28  3.35709239e+28  5.37770988e+28  3.84183787e+28
  -1.43435991e+28 -3.28600892e+28 -1.05374801e+28 -1.07936461e+28
  -3.56308730e+28]
 [-1.56318242e+28  4.97953110e+27  1.79243178e+28  2.23608688e+28
   6.45081210e+27  2.59403856e+28  3.34481644e+28  1.38375426e+27
  -2.17557689e+28 -3.46714272e+28 -1.80265955e+28 -4.41887404e+27
  -2.72984711e+28]
 [ 5.52753735e+27  1.75867780e+28  2.98760693e+28  1.72470531e+28
  -1.72650800e+28 -4.34374214e+27 -1.27705408e+28 -4.65344617e+28
  -3.46036465e+28 -1.94569144e+28 -4.83218770e+28 -5.43602926e+28
  -4.60727711e+28]
 [ 5.57120011e+27  1.55522790e+28  1.99411054e+28  1.04911032e+28
   1.00407756e+28  1.34549797e+28 -8.37678713e+26 -3.15501850e+28
  -3.61838667e+28 -2.62541277e+28 -5.55658201e+28 -6.39301973e+28
  -3.89091624e+28]
 [-2.09873334e+27 -4.80145139e+27  1.89213608e+27  8.27439766e+27
   2.36843791e+28  1.85723341e+28  5.88883118e+27 -2.23125299e+28
  -2.34697759e+28  7.05873265e+26 -1.97932072e+28 -2.29317134e+28
  -2.56681884e+27]
 [-4.84720132e+27  2.85465483e+26 -1.50244924e+27  1.82686860e+27
   1.66940984e+28  3.26696904e+28  1.50373045e+28 -1.58311309e+28
   2.78948585e+27  1.65793656e+28  1.01961625e+28  7.08540255e+27
  -2.92346227e+27]]",5.377709876947095e+28
SLSN-II,800-1500 days,27,1167.2998403329655,5.777642851746206e+27,"[[-1.16304263e+27 -3.02309882e+27 -3.07467860e+26 -5.81437932e+27
  -7.73153037e+27 -3.06264201e+27  6.70990917e+27 -1.30389580e+27
  -6.36750232e+27  3.92767882e+26 -6.20604162e+27 -8.81205874e+27
  -5.15927432e+27]
 [-5.98074173e+26  4.07053148e+27  1.06192316e+27 -9.33076086e+27
  -7.28831246e+27 -2.64382270e+27  1.63433279e+27 -1.35791897e+27
  -5.13981482e+27 -1.80324697e+26 -1.40424216e+27 -3.78655814e+27
  -2.03636746e+27]
 [ 6.36314729e+27  2.09396226e+27 -2.73491817e+27 -1.11757323e+28
  -6.74592479e+27 -4.09008327e+27 -1.73588703e+27 -2.44007499e+27
  -7.74617413e+27 -4.73864908e+27 -1.20214808e+27  5.32986736e+27
   4.61768847e+27]
 [ 7.14281323e+27 -9.74082096e+26 -8.04703486e+27 -7.43620619e+27
   6.74015306e+26  5.21713214e+25 -1.90444724e+27  1.12287285e+27
  -1.09183688e+28 -8.87063785e+27 -5.20629542e+27  5.07666350e+27
   6.88969398e+27]
 [-2.10312537e+27  1.27068456e+27 -7.97647515e+25 -3.74167183e+27
   1.95765071e+27  1.41753758e+28  5.47488251e+27  6.25677581e+27
  -2.84437905e+27 -1.53969156e+27 -8.33329505e+27 -2.45111726e+27
   2.92682604e+27]
 [-8.05020142e+27 -3.94475373e+27 -3.32810706e+27 -5.10807689e+27
  -2.72759562e+27  1.45594485e+28  7.35077522e+27  4.06005843e+27
  -9.11291922e+26 -1.39559542e+27 -1.17160578e+28 -8.00247556e+27
   3.51125789e+27]
 [ 5.91718910e+27  3.51022578e+26 -6.24394557e+27  2.25495572e+27
  -4.19508132e+26  3.99773599e+27  2.98362534e+27  1.01446738e+28
   8.39060234e+27 -3.49845682e+27 -5.31881881e+27 -4.12891453e+27
   2.52760304e+27]
 [ 1.35497314e+28  6.25805202e+27  5.48940386e+27  1.65077466e+28
   8.58865857e+27  6.06846962e+27  6.84504694e+27  1.59306279e+28
   1.51060859e+28 -1.31118692e+27 -1.47647100e+27 -7.74566308e+27
  -5.38554238e+27]
 [-2.83052586e+27 -6.39064354e+27  7.99287365e+26  1.22058624e+28
   3.37541270e+27  5.73145370e+27  1.05700284e+28  5.02429628e+27
   5.16113644e+27  1.09909765e+27 -2.60792543e+27 -7.86589577e+27
  -2.06409831e+27]
 [-2.85091857e+27 -5.42519091e+27 -2.67179831e+27  2.86215412e+27
  -6.13460820e+26 -1.17979767e+26  5.59718293e+27 -2.93356857e+27
   1.45644559e+27 -2.78478052e+26 -1.24851555e+27 -1.90601541e+27
  -1.70694530e+27]
 [-1.01425287e+27 -5.66553303e+26  1.36995822e+26 -1.15269770e+27
  -2.63335578e+27 -5.79777202e+27 -1.29197892e+27 -1.05926390e+27
  -1.47403828e+27 -6.34834271e+27 -1.87256491e+26 -4.93516286e+27
  -1.08994477e+28]
 [ 2.49561249e+27  6.56646156e+26  1.39193346e+27  3.95328614e+27
  -1.16624951e+27 -3.24623005e+27 -1.04164226e+27 -5.51239730e+27
  -8.08073468e+27 -7.95386593e+27  3.92616371e+27  1.29587405e+27
  -1.02555476e+28]
 [ 1.02646841e+27 -1.25603851e+27  6.36797558e+26  1.65690699e+27
  -2.98694933e+27 -1.13953432e+27 -9.80012619e+26 -1.22127755e+28
  -1.88546785e+28 -1.51479952e+28 -7.05713479e+27 -4.67305113e+25
  -9.18768566e+27]]",1.5930627917926e+28
SLSN-II,1500-3000 days,9,1777.9621661971023,1.2251931921591457e+28,"[[-9.11506222e+27 -3.18332908e+27 -1.27150731e+28  2.49076298e+26
   1.11492691e+28  1.61694718e+28  9.59941684e+27 -4.43084308e+26
  -1.82287830e+28 -7.03705273e+27  1.29921059e+28  4.17875353e+27
  -2.16716613e+28]
 [-4.50696889e+27 -1.14954067e+28 -1.52938705e+28 -9.04558399e+27
   6.58831816e+27  1.66832881e+28  1.92625015e+27  5.03818275e+27
  -1.98054945e+27  1.45028983e+27  1.73912452e+28  1.64478879e+28
  -1.86260630e+28]
 [-9.93286543e+26 -1.37342389e+28 -1.65159137e+28 -2.00924613e+28
  -5.30147332e+27  2.64418061e+27  6.20653879e+27  1.22836408e+28
   8.72093666e+27  4.10740241e+27  1.91657422e+27  7.49234209e+27
  -8.43861478e+27]
 [-4.74558389e+27 -7.55500912e+27 -7.24730714e+27 -7.77543091e+27
  -7.56756203e+27 -1.15546417e+28  1.05996923e+28  1.84354390e+28
   1.31155442e+28  8.17472934e+27  1.40647586e+28  2.37225486e+28
   5.74713487e+27]
 [-1.30921529e+28 -5.69229848e+27 -4.30275704e+27 -8.44741822e+27
  -1.09574479e+28  2.71741694e+27  2.18547017e+28  1.19684522e+28
   3.66640145e+27 -6.93665512e+27  7.96125063e+27  1.91594691e+28
   1.02939041e+28]
 [-1.35195347e+28  6.69840327e+27  1.02102434e+28  8.75698607e+25
  -1.35083957e+28  3.28733790e+27  1.33257262e+28 -6.05067079e+27
  -1.57636170e+28 -1.76651390e+28 -1.14970529e+28 -7.52472046e+26
   8.85969722e+27]
 [ 1.52134838e+28  1.37358525e+28  1.16154748e+28  2.22043168e+27
  -1.21389512e+28 -4.82341831e+27  2.41259021e+27 -7.92205673e+27
  -3.62310122e+27  7.55034989e+27 -7.54736998e+27 -5.89841602e+27
   1.14722102e+28]
 [-7.49257645e+27 -1.54934680e+28 -2.18722403e+28 -1.65228020e+28
  -1.27853313e+27  1.44185290e+28  3.38817699e+27 -1.34839253e+27
   2.80547320e+26  6.00687183e+27 -8.61608271e+26 -4.17424609e+27
   6.12331621e+27]
 [-2.95741099e+28 -9.92942032e+27 -2.67622728e+28 -2.41959794e+28
   1.46387004e+27  1.43524684e+28  2.49882148e+27  1.24427058e+28
   1.54792880e+28  3.01786824e+27 -1.93724136e+27  6.30023608e+27
   7.36241936e+27]
 [-2.02635915e+28 -2.01945624e+27 -1.27348065e+28 -1.22026433e+28
  -3.53552582e+27  1.44104962e+28  1.60610650e+28  1.58709426e+28
   9.88196519e+27 -4.65528512e+27 -1.52672785e+28 -2.44789457e+28
  -1.16890411e+28]
 [-8.76568752e+27 -9.74932728e+27 -8.96040216e+27 -5.42432646e+27
  -4.14880546e+27  1.87836687e+28  1.23214342e+28 -1.94221347e+27
  -1.49958957e+28 -9.51855945e+27 -2.46738336e+28 -4.08572127e+28
  -1.59446274e+28]
 [ 1.60693765e+28  1.92109000e+28 -2.89602247e+27 -1.37126281e+28
  -2.22624606e+27  2.23195331e+28 -1.21522560e+27 -1.89507737e+28
  -1.22535831e+28  6.43967682e+27  1.57465606e+28  8.89117103e+27
  -9.39311919e+26]
 [ 1.95211306e+28  2.34174220e+28  1.60016211e+26 -1.79303576e+28
  -3.12824881e+27  1.56976111e+27 -1.12177017e+28 -1.66073859e+28
  -7.95465613e+27  5.64823993e+27  3.07464195e+28  2.28275539e+28
   3.38946186e+26]]",1.4418529018597932e+28
